fetched_at,watch_id,from_airport,to_airport,depart,return_date,seat,price,currency,airline,depart_time,arrive_time,stops,duration_min,flight_no,pinned,source,status,message
2026-09-25 11:18:30+0700,DPS-MEL,DPS,MEL,2026-09-29,2026-10-13,economy,,IDR,,,,,,,,,error,IndexError: list index out of range
2026-09-25 11:18:30+0700,DPS-MEL,DPS,MEL,2026-10-07,2026-10-21,economy,,IDR,,,,,,,,,error,IndexError: list index out of range
2026-09-25 11:18:30+0700,DPS-MEL,DPS,MEL,2026-10-15,2026-10-29,economy,,IDR,,,,,,,,,error,IndexError: list index out of range
2026-09-25 11:18:30+0700,DPS-MEL,DPS,MEL,2026-10-23,2026-11-06,economy,,IDR,,,,,,,,,error,IndexError: list index out of range
2026-09-25 11:18:30+0700,DPS-MEL,DPS,MEL,2026-10-31,2026-11-14,economy,11225811,IDR,Jetstar,14:55,23:35,0,340,,,google-flights,ok,
2026-09-25 11:18:30+0700,DPS-MEL,DPS,MEL,2026-11-08,2026-11-22,economy,10120138,IDR,Scoot,20:00,21:20,1,605,,,google-flights,ok,
2026-09-25 11:18:30+0700,DPS-MEL,DPS,MEL,2026-11-16,2026-11-30,economy,8789961,IDR,Virgin Australia,23:20,22:00,1,490,,,google-flights,ok,
2026-09-25 11:18:30+0700,DPS-MEL,DPS,MEL,2026-11-24,2026-12-08,economy,9182808,IDR,Jetstar,14:55,23:35,0,340,,,google-flights,ok,
2026-09-25 11:18:30+0700,DPS-MEL,DPS,MEL,2026-12-02,2026-12-16,economy,10549809,IDR,Jetstar,14:55,23:35,0,340,,,google-flights,ok,
2026-09-25 11:18:30+0700,DPS-MEL,DPS,MEL,2026-12-10,2026-12-24,economy,12465919,IDR,Jetstar,11:30,20:10,0,340,,,google-flights,ok,
2026-09-25 11:18:30+0700,DPS-MEL,DPS,MEL,2026-12-18,2027-01-01,economy,8444940,IDR,Jetstar,14:55,23:35,0,340,,,google-flights,ok,
2026-09-25 11:18:30+0700,DPS-MEL,DPS,MEL,2026-12-26,2027-01-09,economy,6092811,IDR,Jetstar,23:20,07:55,0,335,,,google-flights,ok,
2026-09-25 11:18:30+0700,DPS-MEL,DPS,MEL,2027-01-03,2027-01-17,economy,11784605,IDR,Scoot,20:00,21:20,1,605,,,google-flights,ok,
2026-09-25 11:18:30+0700,DPS-MEL,DPS,MEL,2027-01-11,2027-01-25,economy,11747450,IDR,Virgin Australia,22:00,06:40,0,340,,,google-flights,ok,
2026-09-25 11:18:30+0700,DPS-MEL,DPS,MEL,2027-01-19,2027-02-02,economy,8919811,IDR,Jetstar,11:30,20:10,0,340,,,google-flights,ok,
2026-09-25 11:18:30+0700,DPS-MEL,DPS,MEL,2027-01-27,2027-02-10,economy,8934811,IDR,Jetstar,14:55,23:35,0,340,,,google-flights,ok,
2026-09-25 11:18:30+0700,SUB-TPE,SUB,TPE,2026-09-28,2026-10-12,economy,11937680,IDR,Scoot,10:35,14:15,1,430,,,google-flights,ok,
2026-09-25 11:18:30+0700,SUB-TPE,SUB,TPE,2026-10-06,2026-10-20,economy,4695769,IDR,Scoot,19:50,05:45,1,430,,,google-flights,ok,
2026-09-25 11:18:30+0700,SUB-TPE,SUB,TPE,2026-10-14,2026-10-28,economy,5240821,IDR,Scoot,19:50,05:45,1,430,,,google-flights,ok,
2026-09-25 11:18:30+0700,SUB-TPE,SUB,TPE,2026-10-22,2026-11-05,economy,5035141,IDR,Scoot,10:35,14:15,1,430,,,google-flights,ok,
2026-09-25 11:18:30+0700,SUB-TPE,SUB,TPE,2026-10-30,2026-11-13,economy,4695769,IDR,Scoot,19:30,05:35,1,425,,,google-flights,ok,
2026-09-25 11:18:30+0700,SUB-TPE,SUB,TPE,2026-11-07,2026-11-21,economy,6397526,IDR,Scoot,09:50,05:35,1,425,,,google-flights,ok,
2026-09-25 11:18:30+0700,SUB-TPE,SUB,TPE,2026-11-15,2026-11-29,economy,7024850,IDR,Scoot,09:50,05:35,1,425,,,google-flights,ok,
2026-09-25 11:18:30+0700,SUB-TPE,SUB,TPE,2026-11-23,2026-12-07,economy,7842183,IDR,Scoot,09:50,17:00,1,425,,,google-flights,ok,
2026-09-25 11:18:30+0700,SUB-TPE,SUB,TPE,2026-12-01,2026-12-15,economy,9878414,IDR,Scoot,09:50,05:35,1,425,,,google-flights,ok,
2026-09-25 11:18:30+0700,SUB-TPE,SUB,TPE,2026-12-09,2026-12-23,economy,10516022,IDR,Scoot,19:30,05:35,1,425,,,google-flights,ok,
2026-09-25 11:18:30+0700,SUB-TPE,SUB,TPE,2026-12-17,2026-12-31,economy,13973911,IDR,Scoot,09:50,05:35,1,425,,,google-flights,ok,
2026-09-25 11:18:30+0700,SUB-TPE,SUB,TPE,2026-12-25,2027-01-08,economy,13490564,IDR,Scoot,19:30,05:35,1,425,,,google-flights,ok,
2026-09-25 11:18:30+0700,SUB-TPE,SUB,TPE,2027-01-02,2027-01-16,economy,5035141,IDR,Scoot,19:30,11:00,1,435,,,google-flights,ok,
2026-09-25 11:18:30+0700,SUB-TPE,SUB,TPE,2027-01-10,2027-01-24,economy,5852474,IDR,Scoot,19:30,05:35,1,425,,,google-flights,ok,
2026-09-25 11:18:30+0700,SUB-TPE,SUB,TPE,2027-01-18,2027-02-01,economy,6058154,IDR,Scoot,09:50,11:00,1,435,,,google-flights,ok,
2026-09-25 11:18:30+0700,SUB-TPE,SUB,TPE,2027-01-26,2027-02-09,economy,6479798,IDR,Scoot,19:30,05:35,1,425,,,google-flights,ok,
2026-09-25 11:18:30+0700,SUB-TPE,SUB,TPE,2027-02-03,2027-02-17,economy,5035141,IDR,Scoot,19:30,05:35,1,425,,,google-flights,ok,
2026-09-25 11:18:30+0700,SUB-TPE,SUB,TPE,2027-02-11,2027-02-25,economy,11120347,IDR,Scoot,09:50,05:35,1,425,,,google-flights,ok,
2026-09-25 11:18:30+0700,SUB-TPE,SUB,TPE,2027-02-19,2027-03-05,economy,5035141,IDR,Scoot,19:30,11:00,1,435,,,google-flights,ok,
2026-09-25 11:18:30+0700,SUB-TPE,SUB,TPE,2027-02-27,2027-03-13,economy,10516022,IDR,Scoot,19:30,05:35,1,425,,,google-flights,ok,
2026-09-25 11:18:30+0700,SUB-TPE,SUB,TPE,2027-03-07,2027-03-21,economy,9878414,IDR,Scoot,19:30,11:00,1,435,,,google-flights,ok,
2026-09-25 11:18:30+0700,SUB-TPE,SUB,TPE,2027-03-15,2027-03-29,economy,10516022,IDR,Scoot,09:50,05:35,1,425,,,google-flights,ok,
2026-09-25 11:18:30+0700,SUB-TPE,SUB,TPE,2027-03-23,2027-04-06,economy,4738854,IDR,Scoot,19:30,11:00,1,435,,,google-flights,ok,
2026-09-25 11:18:30+0700,SUB-TPE,SUB,TPE,2027-03-31,2027-04-14,economy,6144324,IDR,Scoot,19:50,17:10,1,430,,,google-flights,ok,
2026-09-25 11:18:30+0700,SUB-TPE,SUB,TPE,2027-04-08,2027-04-22,economy,6483696,IDR,Scoot,08:35,14:15,1,430,,,google-flights,ok,
2026-09-25 11:18:30+0700,SUB-TPE,SUB,TPE,2027-04-16,2027-04-30,economy,7203576,IDR,Scoot,19:50,11:45,1,430,,,google-flights,ok,
2026-09-25 11:18:30+0700,SUB-TPE,SUB,TPE,2027-04-24,2027-05-08,economy,5326991,IDR,Scoot,19:50,17:10,1,430,,,google-flights,ok,
2026-09-25 11:18:30+0700,SUB-TPE,SUB,TPE,2027-05-02,2027-05-16,economy,5326991,IDR,Scoot,19:50,05:45,1,430,,,google-flights,ok,
2026-09-25 11:18:30+0700,SUB-TPE,SUB,TPE,2027-05-10,2027-05-24,economy,7111020,IDR,Scoot,10:35,17:10,1,430,,,google-flights,ok,
2026-09-25 11:18:30+0700,SUB-TPE,SUB,TPE,2027-05-18,2027-06-01,economy,4576259,IDR,Scoot,19:50,17:10,1,430,,,google-flights,ok,
2026-09-25 11:18:30+0700,SUB-TPE,SUB,TPE,2027-05-26,2027-06-09,economy,5121311,IDR,Scoot,19:50,11:45,1,430,,,google-flights,ok,
2026-09-25 11:18:30+0700,SUB-TPE,SUB,TPE,2027-06-03,2027-06-17,economy,5666363,IDR,Scoot,08:35,05:45,1,430,,,google-flights,ok,
2026-09-25 11:18:30+0700,SUB-TPE,SUB,TPE,2027-06-11,2027-06-25,economy,5121311,IDR,Scoot,19:50,17:10,1,430,,,google-flights,ok,
2026-09-25 11:18:30+0700,SUB-TPE,SUB,TPE,2027-06-19,2027-07-03,economy,5326991,IDR,Scoot,19:50,17:10,1,430,,,google-flights,ok,
2026-09-25 11:18:30+0700,SUB-TPE,SUB,TPE,2027-06-27,2027-07-11,economy,5121311,IDR,Scoot,19:50,17:10,1,430,,,google-flights,ok,
2026-09-25 11:18:30+0700,SUB-KUL,SUB,KUL,2026-09-30,2026-10-07,economy,3255569,IDR,Indonesia AirAsia,05:05,08:40,0,155,,,google-flights,ok,
2026-09-25 11:18:30+0700,SUB-KUL,SUB,KUL,2026-10-08,2026-10-15,economy,2384477,IDR,Indonesia AirAsia,17:45,21:25,0,160,,,google-flights,ok,
2026-09-25 11:18:30+0700,SUB-KUL,SUB,KUL,2026-10-16,2026-10-23,economy,2070002,IDR,Indonesia AirAsia,07:05,10:45,0,160,,,google-flights,ok,
2026-09-25 11:18:30+0700,SUB-KUL,SUB,KUL,2026-10-24,2026-10-31,economy,1982775,IDR,Indonesia AirAsia,07:05,10:45,0,160,,,google-flights,ok,
2026-09-25 11:18:30+0700,SUB-KUL,SUB,KUL,2026-11-01,2026-11-08,economy,2172617,IDR,Indonesia AirAsia,05:00,08:35,0,155,,,google-flights,ok,
2026-09-25 11:18:30+0700,SUB-KUL,SUB,KUL,2026-11-09,2026-11-16,economy,2216251,IDR,Indonesia AirAsia,13:25,17:05,0,160,,,google-flights,ok,
2026-09-25 11:18:30+0700,SUB-KUL,SUB,KUL,2026-11-17,2026-11-24,economy,3207099,IDR,Malaysia Airlines,10:00,13:40,0,160,,,google-flights,ok,
2026-09-25 11:18:30+0700,SUB-KUL,SUB,KUL,2026-11-25,2026-12-02,economy,3368099,IDR,Malaysia Airlines,10:00,13:40,0,160,,,google-flights,ok,
2026-09-25 11:18:30+0700,SUB-KUL,SUB,KUL,2026-12-03,2026-12-10,economy,3983698,IDR,Malaysia Airlines,15:50,19:30,0,160,,,google-flights,ok,
2026-09-25 11:18:30+0700,SUB-KUL,SUB,KUL,2026-12-11,2026-12-18,economy,3037369,IDR,Indonesia AirAsia,05:00,08:35,0,155,,,google-flights,ok,
2026-09-25 11:18:30+0700,SUB-KUL,SUB,KUL,2026-12-19,2026-12-26,economy,4371235,IDR,Indonesia AirAsia,05:00,08:35,0,155,,,google-flights,ok,
2026-09-25 11:18:30+0700,SUB-KUL,SUB,KUL,2026-12-27,2027-01-03,economy,4371235,IDR,Indonesia AirAsia,05:00,08:35,0,155,,,google-flights,ok,
2026-09-25 11:18:30+0700,SUB-KUL,SUB,KUL,2027-01-04,2027-01-11,economy,3702045,IDR,Indonesia AirAsia,05:00,08:35,0,155,,,google-flights,ok,
2026-09-25 11:18:30+0700,SUB-KUL,SUB,KUL,2027-01-12,2027-01-19,economy,2617953,IDR,Indonesia AirAsia,05:00,08:35,0,155,,,google-flights,ok,
2026-09-25 11:18:30+0700,SUB-KUL,SUB,KUL,2027-01-20,2027-01-27,economy,2617953,IDR,Indonesia AirAsia,05:00,08:35,0,155,,,google-flights,ok,
2026-09-25 11:18:30+0700,SUB-KUL,SUB,KUL,2027-01-28,2027-02-04,economy,3037369,IDR,Indonesia AirAsia,05:00,08:35,0,155,,,google-flights,ok,
2026-09-25 11:18:30+0700,SUB-SIN,SUB,SIN,2026-09-29,2026-10-06,economy,4984608,IDR,Indonesia AirAsia/AirAsia,07:05,13:00,1,225,,,google-flights,ok,
2026-09-25 11:18:30+0700,SUB-SIN,SUB,SIN,2026-10-07,2026-10-14,economy,4366238,IDR,Indonesia AirAsia/AirAsia,07:05,13:40,1,220,,,google-flights,ok,
2026-09-25 11:18:30+0700,SUB-SIN,SUB,SIN,2026-10-15,2026-10-22,economy,3964536,IDR,Indonesia AirAsia/AirAsia,07:05,15:40,1,235,,,google-flights,ok,
2026-09-25 11:18:30+0700,SUB-SIN,SUB,SIN,2026-10-23,2026-10-30,economy,3922463,IDR,Indonesia AirAsia/AirAsia,11:20,18:05,1,240,,,google-flights,ok,
2026-09-25 11:18:30+0700,SUB-SIN,SUB,SIN,2026-10-31,2026-11-07,economy,4192450,IDR,Indonesia AirAsia/AirAsia,13:25,19:40,1,240,,,google-flights,ok,
2026-09-25 11:18:30+0700,SUB-SIN,SUB,SIN,2026-11-08,2026-11-15,economy,4326710,IDR,Indonesia AirAsia/AirAsia,05:00,11:35,1,230,,,google-flights,ok,
2026-09-25 11:18:30+0700,SUB-SIN,SUB,SIN,2026-11-16,2026-11-23,economy,4296957,IDR,Indonesia AirAsia/AirAsia,13:25,19:40,1,240,,,google-flights,ok,
2026-09-25 11:18:30+0700,SUB-SIN,SUB,SIN,2026-11-24,2026-12-01,economy,4346564,IDR,Indonesia AirAsia/AirAsia,11:20,18:00,1,235,,,google-flights,ok,
2026-09-25 11:18:30+0700,SUB-SIN,SUB,SIN,2026-12-02,2026-12-09,economy,4580040,IDR,Indonesia AirAsia/AirAsia,05:00,11:35,1,230,,,google-flights,ok,
2026-09-25 11:18:30+0700,SUB-SIN,SUB,SIN,2026-12-10,2026-12-17,economy,5216691,IDR,Malaysia Airlines,10:00,16:40,1,235,,,google-flights,ok,
2026-09-25 11:18:30+0700,SUB-SIN,SUB,SIN,2026-12-18,2026-12-25,economy,6090953,IDR,Garuda Indonesia,16:00,16:45,1,225,,,google-flights,ok,
2026-09-25 11:18:30+0700,SUB-SIN,SUB,SIN,2026-12-26,2027-01-02,economy,6650953,IDR,Garuda Indonesia,09:20,16:45,1,225,,,google-flights,ok,
2026-09-25 11:18:30+0700,SUB-SIN,SUB,SIN,2027-01-03,2027-01-10,economy,5795691,IDR,Malaysia Airlines,10:00,16:40,1,235,,,google-flights,ok,
2026-09-25 11:18:30+0700,SUB-SIN,SUB,SIN,2027-01-11,2027-01-18,economy,,IDR,,,,,,,,,error,IndexError: list index out of range
2026-09-25 11:18:30+0700,SUB-SIN,SUB,SIN,2027-01-19,2027-01-26,economy,,IDR,,,,,,,,,error,IndexError: list index out of range
2026-09-25 11:18:30+0700,SUB-SIN,SUB,SIN,2027-01-27,2027-02-03,economy,,IDR,,,,,,,,,error,IndexError: list index out of range
2026-09-25 14:10:07+0700,DPS-MEL,DPS,MEL,2026-09-30,2026-10-14,economy,,IDR,,,,,,,,,error,IndexError: list index out of range
2026-09-25 14:10:07+0700,DPS-MEL,DPS,MEL,2026-10-08,2026-10-22,economy,,IDR,,,,,,,,,error,IndexError: list index out of range
2026-09-25 14:10:07+0700,DPS-MEL,DPS,MEL,2026-10-16,2026-10-30,economy,,IDR,,,,,,,,,error,IndexError: list index out of range
2026-09-25 14:10:07+0700,DPS-MEL,DPS,MEL,2026-10-24,2026-11-07,economy,,IDR,,,,,,,,,error,IndexError: list index out of range
2026-09-25 14:10:07+0700,DPS-MEL,DPS,MEL,2026-11-01,2026-11-15,economy,11239167,IDR,Jetstar,14:55,23:35,0,340,,,google-flights,ok,
2026-09-25 14:10:07+0700,DPS-MEL,DPS,MEL,2026-11-09,2026-11-23,economy,11318582,IDR,Virgin Australia,22:30,11:05,1,465,,,google-flights,ok,
2026-09-25 14:10:07+0700,DPS-MEL,DPS,MEL,2026-11-17,2026-12-01,economy,9728811,IDR,Jetstar,14:55,23:35,0,340,,,google-flights,ok,
2026-09-25 14:10:07+0700,DPS-MEL,DPS,MEL,2026-11-25,2026-12-09,economy,9083178,IDR,Jetstar,14:55,23:35,0,340,,,google-flights,ok,
2026-09-25 14:10:07+0700,DPS-MEL,DPS,MEL,2026-12-03,2026-12-17,economy,12129574,IDR,Scoot,20:00,21:20,1,605,,,google-flights,ok,
2026-09-25 14:10:07+0700,DPS-MEL,DPS,MEL,2026-12-11,2026-12-25,economy,13287811,IDR,Jetstar,11:30,20:10,0,340,,,google-flights,ok,
2026-09-25 14:10:07+0700,DPS-MEL,DPS,MEL,2026-12-19,2027-01-02,economy,7980811,IDR,Jetstar,11:30,20:10,0,340,,,google-flights,ok,
2026-09-25 14:10:07+0700,DPS-MEL,DPS,MEL,2026-12-27,2027-01-10,economy,7591811,IDR,Jetstar,14:55,23:35,0,340,,,google-flights,ok,
2026-09-25 14:10:07+0700,DPS-MEL,DPS,MEL,2027-01-04,2027-01-18,economy,12163811,IDR,Jetstar,14:55,23:35,0,340,,,google-flights,ok,
2026-09-25 14:10:07+0700,DPS-MEL,DPS,MEL,2027-01-12,2027-01-26,economy,10135379,IDR,Jetstar,20:20,04:55,0,335,,,google-flights,ok,
2026-09-25 14:10:07+0700,DPS-MEL,DPS,MEL,2027-01-20,2027-02-03,economy,9332284,IDR,Virgin Australia,15:50,00:30,0,340,,,google-flights,ok,
2026-09-25 14:10:07+0700,DPS-MEL,DPS,MEL,2027-01-28,2027-02-11,economy,8165469,IDR,Jetstar,11:30,20:10,0,340,,,google-flights,ok,
2026-09-25 14:10:07+0700,SUB-TPE,SUB,TPE,2026-09-29,2026-10-13,economy,,IDR,,,,,,,,,error,TypeError: 'NoneType' object is not subscriptable
2026-09-25 14:10:07+0700,SUB-TPE,SUB,TPE,2026-10-07,2026-10-21,economy,6058154,IDR,Scoot,10:35,11:45,1,430,,,google-flights,ok,
2026-09-25 14:10:07+0700,SUB-TPE,SUB,TPE,2026-10-15,2026-10-29,economy,5035141,IDR,Scoot,10:35,17:10,1,430,,,google-flights,ok,
2026-09-25 14:10:07+0700,SUB-TPE,SUB,TPE,2026-10-23,2026-11-06,economy,5852474,IDR,Scoot,19:50,05:45,1,430,,,google-flights,ok,
2026-09-25 14:10:07+0700,SUB-TPE,SUB,TPE,2026-10-31,2026-11-14,economy,4695769,IDR,Scoot,19:30,05:35,1,425,,,google-flights,ok,
2026-09-25 14:10:07+0700,SUB-TPE,SUB,TPE,2026-11-08,2026-11-22,economy,5580193,IDR,Scoot,19:30,05:35,1,425,,,google-flights,ok,
2026-09-25 14:10:07+0700,SUB-TPE,SUB,TPE,2026-11-16,2026-11-30,economy,15125720,IDR,Scoot,09:50,05:35,1,425,,,google-flights,ok,
2026-09-25 14:10:07+0700,SUB-TPE,SUB,TPE,2026-11-24,2026-12-08,economy,7842183,IDR,Scoot,09:50,05:35,1,425,,,google-flights,ok,
2026-09-25 14:10:07+0700,SUB-TPE,SUB,TPE,2026-12-02,2026-12-16,economy,8479791,IDR,Scoot,19:30,05:35,1,425,,,google-flights,ok,
2026-09-25 14:10:07+0700,SUB-TPE,SUB,TPE,2026-12-10,2026-12-24,economy,12161461,IDR,Scoot,09:50,05:35,1,425,,,google-flights,ok,
2026-09-25 14:10:07+0700,SUB-TPE,SUB,TPE,2026-12-18,2027-01-01,economy,13202612,IDR,Scoot,19:30,05:35,1,425,,,google-flights,ok,
2026-09-25 14:10:07+0700,SUB-TPE,SUB,TPE,2026-12-26,2027-01-09,economy,12863240,IDR,Scoot,19:30,05:35,1,425,,,google-flights,ok,
2026-09-25 14:10:07+0700,SUB-TPE,SUB,TPE,2027-01-03,2027-01-17,economy,5035141,IDR,Scoot,19:30,11:00,1,435,,,google-flights,ok,
2026-09-25 14:10:07+0700,SUB-TPE,SUB,TPE,2027-01-11,2027-01-25,economy,5240821,IDR,Scoot,09:50,11:00,1,435,,,google-flights,ok,
2026-09-25 14:10:07+0700,SUB-TPE,SUB,TPE,2027-01-19,2027-02-02,economy,6685478,IDR,Scoot,09:50,05:35,1,425,,,google-flights,ok,
2026-09-25 14:10:07+0700,SUB-TPE,SUB,TPE,2027-01-27,2027-02-10,economy,6479798,IDR,Scoot,19:30,05:35,1,425,,,google-flights,ok,
2026-09-25 14:10:07+0700,SUB-TPE,SUB,TPE,2027-02-04,2027-02-18,economy,8479791,IDR,Scoot,09:50,05:35,1,425,,,google-flights,ok,
2026-09-25 14:10:07+0700,SUB-TPE,SUB,TPE,2027-02-12,2027-02-26,economy,12565004,IDR,Scoot,19:30,11:00,1,435,,,google-flights,ok,
2026-09-25 14:10:07+0700,SUB-TPE,SUB,TPE,2027-02-20,2027-03-06,economy,5240821,IDR,Scoot,09:50,13:10,1,425,,,google-flights,ok,
2026-09-25 14:10:07+0700,SUB-TPE,SUB,TPE,2027-02-28,2027-03-14,economy,10516022,IDR,Scoot,19:30,05:35,1,425,,,google-flights,ok,
2026-09-25 14:10:07+0700,SUB-TPE,SUB,TPE,2027-03-08,2027-03-22,economy,9307897,IDR,Scoot,09:50,05:35,1,425,,,google-flights,ok,
2026-09-25 14:10:07+0700,SUB-TPE,SUB,TPE,2027-03-16,2027-03-30,economy,5580193,IDR,Scoot,09:50,13:10,1,425,,,google-flights,ok,
2026-09-25 14:10:07+0700,SUB-TPE,SUB,TPE,2027-03-24,2027-04-07,economy,5078226,IDR,Scoot,19:30,13:10,1,425,,,google-flights,ok,
2026-09-25 14:10:07+0700,SUB-TPE,SUB,TPE,2027-04-01,2027-04-15,economy,7301029,IDR,Scoot,08:35,14:15,1,430,,,google-flights,ok,
2026-09-25 14:10:07+0700,SUB-TPE,SUB,TPE,2027-04-09,2027-04-23,economy,5938644,IDR,Scoot,19:50,11:45,1,430,,,google-flights,ok,
2026-09-25 14:10:07+0700,SUB-TPE,SUB,TPE,2027-04-17,2027-05-01,economy,4987619,IDR,Scoot,19:50,17:10,1,430,,,google-flights,ok,
2026-09-25 14:10:07+0700,SUB-TPE,SUB,TPE,2027-04-25,2027-05-09,economy,6483696,IDR,Scoot,19:50,05:45,1,430,,,google-flights,ok,
2026-09-25 14:10:07+0700,SUB-TPE,SUB,TPE,2027-05-03,2027-05-17,economy,7301029,IDR,Scoot,10:35,11:45,1,430,,,google-flights,ok,
2026-09-25 14:10:07+0700,SUB-TPE,SUB,TPE,2027-05-11,2027-05-25,economy,4576259,IDR,Scoot,19:50,17:10,1,430,,,google-flights,ok,
2026-09-25 14:10:07+0700,SUB-TPE,SUB,TPE,2027-05-19,2027-06-02,economy,4781939,IDR,Scoot,19:50,17:10,1,430,,,google-flights,ok,
2026-09-25 14:10:07+0700,SUB-TPE,SUB,TPE,2027-05-27,2027-06-10,economy,6483696,IDR,Scoot,08:35,05:45,1,430,,,google-flights,ok,
2026-09-25 14:10:07+0700,SUB-TPE,SUB,TPE,2027-06-04,2027-06-18,economy,5121311,IDR,Scoot,19:50,05:45,1,430,,,google-flights,ok,
2026-09-25 14:10:07+0700,SUB-TPE,SUB,TPE,2027-06-12,2027-06-26,economy,5666363,IDR,Scoot,19:50,17:10,1,430,,,google-flights,ok,
2026-09-25 14:10:07+0700,SUB-TPE,SUB,TPE,2027-06-20,2027-07-04,economy,5326991,IDR,Scoot,19:50,17:10,1,430,,,google-flights,ok,
2026-09-25 14:10:07+0700,SUB-TPE,SUB,TPE,2027-06-28,2027-07-12,economy,6144324,IDR,Scoot,10:35,14:15,1,430,,,google-flights,ok,
2026-09-25 14:10:07+0700,SUB-KUL,SUB,KUL,2026-10-01,2026-10-08,economy,3383582,IDR,Indonesia AirAsia,05:05,08:40,0,155,,,google-flights,ok,
2026-09-25 14:10:07+0700,SUB-KUL,SUB,KUL,2026-10-09,2026-10-16,economy,2471704,IDR,Indonesia AirAsia,11:20,15:00,0,160,,,google-flights,ok,
2026-09-25 14:10:07+0700,SUB-KUL,SUB,KUL,2026-10-17,2026-10-24,economy,2216251,IDR,Indonesia AirAsia,17:45,21:25,0,160,,,google-flights,ok,
2026-09-25 14:10:07+0700,SUB-KUL,SUB,KUL,2026-10-25,2026-11-01,economy,2471704,IDR,Indonesia AirAsia,11:20,14:55,0,155,,,google-flights,ok,
2026-09-25 14:10:07+0700,SUB-KUL,SUB,KUL,2026-11-02,2026-11-09,economy,2318866,IDR,Indonesia AirAsia,05:00,08:35,0,155,,,google-flights,ok,
2026-09-25 14:10:07+0700,SUB-KUL,SUB,KUL,2026-11-10,2026-11-17,economy,2384477,IDR,Indonesia AirAsia,17:40,21:15,0,155,,,google-flights,ok,
2026-09-25 14:10:07+0700,SUB-KUL,SUB,KUL,2026-11-18,2026-11-25,economy,3206529,IDR,Malaysia Airlines,10:00,13:40,0,160,,,google-flights,ok,
2026-09-25 14:10:07+0700,SUB-KUL,SUB,KUL,2026-11-26,2026-12-03,economy,3366565,IDR,Malaysia Airlines,10:00,13:40,0,160,,,google-flights,ok,
2026-09-25 14:10:07+0700,SUB-KUL,SUB,KUL,2026-12-04,2026-12-11,economy,4318755,IDR,Scoot,19:30,08:10,1,215,,,google-flights,ok,
2026-09-25 14:10:07+0700,SUB-KUL,SUB,KUL,2026-12-12,2026-12-19,economy,3037369,IDR,Indonesia AirAsia,05:00,08:35,0,155,,,google-flights,ok,
2026-09-25 14:10:07+0700,SUB-KUL,SUB,KUL,2026-12-20,2026-12-27,economy,4371235,IDR,Indonesia AirAsia,05:00,08:35,0,155,,,google-flights,ok,
2026-09-25 14:10:07+0700,SUB-KUL,SUB,KUL,2026-12-28,2027-01-04,economy,4371235,IDR,Indonesia AirAsia,05:00,08:35,0,155,,,google-flights,ok,
2026-09-25 14:10:07+0700,SUB-KUL,SUB,KUL,2027-01-05,2027-01-12,economy,3271392,IDR,Indonesia AirAsia,05:00,08:35,0,155,,,google-flights,ok,
2026-09-25 14:10:07+0700,SUB-KUL,SUB,KUL,2027-01-13,2027-01-20,economy,2617953,IDR,Indonesia AirAsia,05:00,08:35,0,155,,,google-flights,ok,
2026-09-25 14:10:07+0700,SUB-KUL,SUB,KUL,2027-01-21,2027-01-28,economy,2617953,IDR,Indonesia AirAsia,05:00,08:35,0,155,,,google-flights,ok,
2026-09-25 14:10:07+0700,SUB-KUL,SUB,KUL,2027-01-29,2027-02-05,economy,4202665,IDR,Malaysia Airlines,10:00,13:40,0,160,,,google-flights,ok,
2026-09-25 14:10:07+0700,SUB-SIN,SUB,SIN,2026-09-30,2026-10-07,economy,4872560,IDR,Lion/Batik Air,06:30,13:45,1,195,,,google-flights,ok,
2026-09-25 14:10:07+0700,SUB-SIN,SUB,SIN,2026-10-08,2026-10-15,economy,4203054,IDR,Indonesia AirAsia/AirAsia,07:05,13:00,1,225,,,google-flights,ok,
2026-09-25 14:10:07+0700,SUB-SIN,SUB,SIN,2026-10-16,2026-10-23,economy,4022478,IDR,Indonesia AirAsia/AirAsia,05:05,11:35,1,230,,,google-flights,ok,
2026-09-25 14:10:07+0700,SUB-SIN,SUB,SIN,2026-10-24,2026-10-31,economy,3977193,IDR,Scoot,19:50,23:15,0,145,,,google-flights,ok,
2026-09-25 14:10:07+0700,SUB-SIN,SUB,SIN,2026-11-01,2026-11-08,economy,4506906,IDR,Indonesia AirAsia/AirAsia,05:00,11:35,1,230,,,google-flights,ok,
2026-09-25 14:10:07+0700,SUB-SIN,SUB,SIN,2026-11-09,2026-11-16,economy,5354691,IDR,Malaysia Airlines,18:05,09:05,1,235,,,google-flights,ok,
2026-09-25 14:10:07+0700,SUB-SIN,SUB,SIN,2026-11-17,2026-11-24,economy,4212143,IDR,Indonesia AirAsia/AirAsia,11:20,18:00,1,235,,,google-flights,ok,
2026-09-25 14:10:07+0700,SUB-SIN,SUB,SIN,2026-11-25,2026-12-02,economy,4349599,IDR,Indonesia AirAsia/AirAsia,11:20,18:00,1,235,,,google-flights,ok,
2026-09-25 14:10:07+0700,SUB-SIN,SUB,SIN,2026-12-03,2026-12-10,economy,5216691,IDR,Malaysia Airlines,15:50,00:30,1,230,,,google-flights,ok,
2026-09-25 14:10:07+0700,SUB-SIN,SUB,SIN,2026-12-11,2026-12-18,economy,5722691,IDR,Malaysia Airlines,15:50,00:30,1,230,,,google-flights,ok,
2026-09-25 14:10:07+0700,SUB-SIN,SUB,SIN,2026-12-19,2026-12-26,economy,6145691,IDR,Malaysia Airlines,10:00,18:35,1,235,,,google-flights,ok,
2026-09-25 14:10:07+0700,SUB-SIN,SUB,SIN,2026-12-27,2027-01-03,economy,,IDR,,,,,,,,,error,IndexError: list index out of range
2026-09-25 14:10:07+0700,SUB-SIN,SUB,SIN,2027-01-04,2027-01-11,economy,5538691,IDR,Malaysia Airlines,10:00,16:40,1,235,,,google-flights,ok,
2026-09-25 14:10:07+0700,SUB-SIN,SUB,SIN,2027-01-12,2027-01-19,economy,4601926,IDR,Indonesia AirAsia/AirAsia,05:00,11:35,1,230,,,google-flights,ok,
2026-09-25 14:10:07+0700,SUB-SIN,SUB,SIN,2027-01-20,2027-01-27,economy,4599714,IDR,Indonesia AirAsia/AirAsia,05:00,11:35,1,230,,,google-flights,ok,
2026-09-25 14:10:07+0700,SUB-SIN,SUB,SIN,2027-01-28,2027-02-04,economy,,IDR,,,,,,,,,error,IndexError: list index out of range
2026-09-25 17:09:07+0700,DPS-MEL,DPS,MEL,2026-10-01,2026-10-15,economy,,IDR,,,,,,,,,error,IndexError: list index out of range
2026-09-25 17:09:07+0700,DPS-MEL,DPS,MEL,2026-10-09,2026-10-23,economy,,IDR,,,,,,,,,error,IndexError: list index out of range
2026-09-25 17:09:07+0700,DPS-MEL,DPS,MEL,2026-10-17,2026-10-31,economy,,IDR,,,,,,,,,error,IndexError: list index out of range
2026-09-25 17:09:07+0700,DPS-MEL,DPS,MEL,2026-10-25,2026-11-08,economy,11929196,IDR,Scoot,11:10,21:20,1,605,,,google-flights,ok,
2026-09-25 17:09:07+0700,DPS-MEL,DPS,MEL,2026-11-02,2026-11-16,economy,10835811,IDR,Jetstar,11:30,20:10,0,340,,,google-flights,ok,
2026-09-25 17:09:07+0700,DPS-MEL,DPS,MEL,2026-11-10,2026-11-24,economy,9455442,IDR,Jetstar,14:55,23:35,0,340,,,google-flights,ok,
2026-09-25 17:09:07+0700,DPS-MEL,DPS,MEL,2026-11-18,2026-12-02,economy,6944949,IDR,Scoot,11:10,21:20,1,605,,,google-flights,ok,
2026-09-25 17:09:07+0700,DPS-MEL,DPS,MEL,2026-11-26,2026-12-10,economy,9986682,IDR,Virgin Australia,15:50,00:30,0,340,,,google-flights,ok,
2026-09-25 17:09:07+0700,DPS-MEL,DPS,MEL,2026-12-04,2026-12-18,economy,,IDR,,,,,,,,,error,FlightsNotFound: no flights found; received error
2026-09-25 17:09:07+0700,DPS-MEL,DPS,MEL,2026-12-12,2026-12-26,economy,,IDR,,,,,,,,,error,FlightsNotFound: no flights found; received error
2026-09-25 17:09:07+0700,DPS-MEL,DPS,MEL,2026-12-20,2027-01-03,economy,9246217,IDR,Jetstar,20:20,04:55,0,335,,,google-flights,ok,
2026-09-25 17:09:07+0700,DPS-MEL,DPS,MEL,2026-12-28,2027-01-11,economy,8066358,IDR,Jetstar,11:30,20:10,0,340,,,google-flights,ok,
2026-09-25 17:09:07+0700,DPS-MEL,DPS,MEL,2027-01-05,2027-01-19,economy,,IDR,,,,,,,,,error,FlightsNotFound: no flights found; received error
2026-09-25 17:09:07+0700,DPS-MEL,DPS,MEL,2027-01-13,2027-01-27,economy,10909811,IDR,Jetstar,11:30,20:10,0,340,,,google-flights,ok,
2026-09-25 17:09:07+0700,DPS-MEL,DPS,MEL,2027-01-21,2027-02-04,economy,9333885,IDR,Virgin Australia,15:50,00:30,0,340,,,google-flights,ok,
2026-09-25 17:09:07+0700,DPS-MEL,DPS,MEL,2027-01-29,2027-02-12,economy,7701885,IDR,Virgin Australia,15:50,00:30,0,340,,,google-flights,ok,
2026-09-25 17:09:07+0700,SUB-TPE,SUB,TPE,2026-09-30,2026-10-14,economy,10575295,IDR,Scoot,19:50,11:45,1,430,,,google-flights,ok,
2026-09-25 17:09:07+0700,SUB-TPE,SUB,TPE,2026-10-08,2026-10-22,economy,5580193,IDR,Scoot,10:35,05:45,1,430,,,google-flights,ok,
2026-09-25 17:09:07+0700,SUB-TPE,SUB,TPE,2026-10-16,2026-10-30,economy,5240821,IDR,Scoot,19:50,17:10,1,430,,,google-flights,ok,
2026-09-25 17:09:07+0700,SUB-TPE,SUB,TPE,2026-10-24,2026-11-07,economy,4695769,IDR,Scoot,19:50,05:35,1,425,,,google-flights,ok,
2026-09-25 17:09:07+0700,SUB-TPE,SUB,TPE,2026-11-01,2026-11-15,economy,5240821,IDR,Scoot,19:30,05:35,1,425,,,google-flights,ok,
2026-09-25 17:09:07+0700,SUB-TPE,SUB,TPE,2026-11-09,2026-11-23,economy,,IDR,,,,,,,,,error,TypeError: 'NoneType' object is not subscriptable
2026-09-25 17:09:07+0700,SUB-TPE,SUB,TPE,2026-11-17,2026-12-01,economy,7024850,IDR,Scoot,19:30,05:35,1,425,,,google-flights,ok,
2026-09-25 17:09:07+0700,SUB-TPE,SUB,TPE,2026-11-25,2026-12-09,economy,6397526,IDR,Scoot,19:30,05:35,1,425,,,google-flights,ok,
2026-09-25 17:09:07+0700,SUB-TPE,SUB,TPE,2026-12-03,2026-12-17,economy,11390162,IDR,Scoot,09:50,05:35,1,425,,,google-flights,ok,
2026-09-25 17:09:07+0700,SUB-TPE,SUB,TPE,2026-12-11,2026-12-25,economy,13202612,IDR,Scoot,19:30,05:35,1,425,,,google-flights,ok,
2026-09-25 17:09:07+0700,SUB-TPE,SUB,TPE,2026-12-19,2027-01-02,economy,16660501,IDR,Scoot,19:30,05:35,1,425,,,google-flights,ok,
2026-09-25 17:09:07+0700,SUB-TPE,SUB,TPE,2026-12-27,2027-01-10,economy,10125230,IDR,Scoot,19:30,11:00,1,435,,,google-flights,ok,
2026-09-25 17:09:07+0700,SUB-TPE,SUB,TPE,2027-01-04,2027-01-18,economy,6058154,IDR,Scoot,09:50,11:00,1,435,,,google-flights,ok,
2026-09-25 17:09:07+0700,SUB-TPE,SUB,TPE,2027-01-12,2027-01-26,economy,5035141,IDR,Scoot,19:30,05:35,1,425,,,google-flights,ok,
2026-09-25 17:09:07+0700,SUB-TPE,SUB,TPE,2027-01-20,2027-02-03,economy,,IDR,,,,,,,,,error,FlightsNotFound: no flights found; received error
2026-09-25 17:09:07+0700,SUB-TPE,SUB,TPE,2027-01-28,2027-02-11,economy,6058154,IDR,Scoot,09:50,11:00,1,435,,,google-flights,ok,
2026-09-25 17:09:07+0700,SUB-TPE,SUB,TPE,2027-02-05,2027-02-19,economy,8479791,IDR,Scoot,19:30,05:35,1,425,,,google-flights,ok,
2026-09-25 17:09:07+0700,SUB-TPE,SUB,TPE,2027-02-13,2027-02-27,economy,12565004,IDR,Scoot,19:30,05:35,1,425,,,google-flights,ok,
2026-09-25 17:09:07+0700,SUB-TPE,SUB,TPE,2027-02-21,2027-03-07,economy,5035141,IDR,Scoot,19:30,11:00,1,435,,,google-flights,ok,
2026-09-25 17:09:07+0700,SUB-TPE,SUB,TPE,2027-03-01,2027-03-15,economy,9878414,IDR,Scoot,09:50,11:00,1,435,,,google-flights,ok,
2026-09-25 17:09:07+0700,SUB-TPE,SUB,TPE,2027-03-09,2027-03-23,economy,8433757,IDR,Scoot,19:30,11:00,1,435,,,google-flights,ok,
2026-09-25 17:09:07+0700,SUB-TPE,SUB,TPE,2027-03-17,2027-03-31,economy,5852474,IDR,Scoot,19:30,13:10,1,425,,,google-flights,ok,
2026-09-25 17:09:07+0700,SUB-TPE,SUB,TPE,2027-03-25,2027-04-08,economy,7885268,IDR,Scoot,09:50,11:00,1,435,,,google-flights,ok,
2026-09-25 17:09:07+0700,SUB-TPE,SUB,TPE,2027-04-02,2027-04-16,economy,,IDR,,,,,,,,,error,FlightsNotFound: no flights found; received error
2026-09-25 17:09:07+0700,SUB-TPE,SUB,TPE,2027-04-10,2027-04-24,economy,6144324,IDR,Scoot,19:50,17:10,1,430,,,google-flights,ok,
2026-09-25 17:09:07+0700,SUB-TPE,SUB,TPE,2027-04-18,2027-05-02,economy,5666363,IDR,Scoot,19:50,05:45,1,430,,,google-flights,ok,
2026-09-25 17:09:07+0700,SUB-TPE,SUB,TPE,2027-04-26,2027-05-10,economy,4987619,IDR,Scoot,10:35,17:10,1,430,,,google-flights,ok,
2026-09-25 17:09:07+0700,SUB-TPE,SUB,TPE,2027-05-04,2027-05-18,economy,4987619,IDR,Scoot,19:50,17:10,1,430,,,google-flights,ok,
2026-09-25 17:09:07+0700,SUB-TPE,SUB,TPE,2027-05-12,2027-05-26,economy,4576259,IDR,Scoot,19:50,17:10,1,430,,,google-flights,ok,
2026-09-25 17:09:07+0700,SUB-TPE,SUB,TPE,2027-05-20,2027-06-03,economy,6483696,IDR,Scoot,08:35,05:45,1,430,,,google-flights,ok,
2026-09-25 17:09:07+0700,SUB-TPE,SUB,TPE,2027-05-28,2027-06-11,economy,5121311,IDR,Scoot,19:50,11:45,1,430,,,google-flights,ok,
2026-09-25 17:09:07+0700,SUB-TPE,SUB,TPE,2027-06-05,2027-06-19,economy,5326991,IDR,Scoot,19:50,17:10,1,430,,,google-flights,ok,
2026-09-25 17:09:07+0700,SUB-TPE,SUB,TPE,2027-06-13,2027-06-27,economy,5666363,IDR,Scoot,19:50,05:45,1,430,,,google-flights,ok,
2026-09-25 17:09:07+0700,SUB-TPE,SUB,TPE,2027-06-21,2027-07-05,economy,6144324,IDR,Scoot,10:35,17:10,1,430,,,google-flights,ok,
2026-09-25 17:09:07+0700,SUB-TPE,SUB,TPE,2027-06-29,2027-07-13,economy,4781939,IDR,Scoot,19:50,17:10,1,430,,,google-flights,ok,
2026-09-25 17:09:07+0700,SUB-KUL,SUB,KUL,2026-10-02,2026-10-09,economy,4036680,IDR,Batik Air,05:05,13:10,1,220,,,google-flights,ok,
2026-09-25 17:09:07+0700,SUB-KUL,SUB,KUL,2026-10-10,2026-10-17,economy,,IDR,,,,,,,,,error,FlightsNotFound: no flights found; received error
2026-09-25 17:09:07+0700,SUB-KUL,SUB,KUL,2026-10-18,2026-10-25,economy,,IDR,,,,,,,,,error,FlightsNotFound: no flights found; received error
2026-09-25 17:09:07+0700,SUB-KUL,SUB,KUL,2026-10-26,2026-11-02,economy,3015135,IDR,Indonesia AirAsia,11:20,14:55,0,155,,,google-flights,ok,
2026-09-25 17:09:07+0700,SUB-KUL,SUB,KUL,2026-11-03,2026-11-10,economy,,IDR,,,,,,,,,error,FlightsNotFound: no flights found; received error
2026-09-25 17:09:07+0700,SUB-KUL,SUB,KUL,2026-11-11,2026-11-18,economy,,IDR,,,,,,,,,error,FlightsNotFound: no flights found; received error
2026-09-25 17:09:07+0700,SUB-KUL,SUB,KUL,2026-11-19,2026-11-26,economy,,IDR,,,,,,,,,error,FlightsNotFound: no flights found; received error
2026-09-25 17:09:07+0700,SUB-KUL,SUB,KUL,2026-11-27,2026-12-04,economy,,IDR,,,,,,,,,error,FlightsNotFound: no flights found; received error
2026-09-25 17:09:07+0700,SUB-KUL,SUB,KUL,2026-12-05,2026-12-12,economy,4053081,IDR,Malaysia Airlines,10:00,13:40,0,160,,,google-flights,ok,
2026-09-25 17:09:07+0700,SUB-KUL,SUB,KUL,2026-12-13,2026-12-20,economy,3058112,IDR,Indonesia AirAsia,05:00,08:35,0,155,,,google-flights,ok,
2026-09-25 17:09:07+0700,SUB-KUL,SUB,KUL,2026-12-21,2026-12-28,economy,,IDR,,,,,,,,,error,FlightsNotFound: no flights found; received error
2026-09-25 17:09:07+0700,SUB-KUL,SUB,KUL,2026-12-29,2027-01-05,economy,4120045,IDR,Indonesia AirAsia,05:00,08:35,0,155,,,google-flights,ok,
2026-09-25 17:09:07+0700,SUB-KUL,SUB,KUL,2027-01-06,2027-01-13,economy,3271392,IDR,Indonesia AirAsia,05:00,08:35,0,155,,,google-flights,ok,
2026-09-25 17:09:07+0700,SUB-KUL,SUB,KUL,2027-01-14,2027-01-21,economy,2617953,IDR,Indonesia AirAsia,05:00,08:35,0,155,,,google-flights,ok,
2026-09-25 17:09:07+0700,SUB-KUL,SUB,KUL,2027-01-22,2027-01-29,economy,2617953,IDR,Indonesia AirAsia,05:00,08:35,0,155,,,google-flights,ok,
2026-09-25 17:09:07+0700,SUB-KUL,SUB,KUL,2027-01-30,2027-02-06,economy,3037369,IDR,Indonesia AirAsia,05:00,08:35,0,155,,,google-flights,ok,
2026-09-25 17:09:07+0700,SUB-SIN,SUB,SIN,2026-10-01,2026-10-08,economy,4872560,IDR,Lion/Batik Air,07:40,15:15,1,195,,,google-flights,ok,
2026-09-25 17:09:07+0700,SUB-SIN,SUB,SIN,2026-10-09,2026-10-16,economy,4407028,IDR,Indonesia AirAsia/AirAsia,07:05,13:00,1,225,,,google-flights,ok,
2026-09-25 17:09:07+0700,SUB-SIN,SUB,SIN,2026-10-17,2026-10-24,economy,,IDR,,,,,,,,,error,FlightsNotFound: no flights found; received error
2026-09-25 17:09:07+0700,SUB-SIN,SUB,SIN,2026-10-25,2026-11-01,economy,,IDR,,,,,,,,,error,FlightsNotFound: no flights found; received error
2026-09-25 17:09:07+0700,SUB-SIN,SUB,SIN,2026-11-02,2026-11-09,economy,4372894,IDR,Indonesia AirAsia/AirAsia,13:25,19:40,1,240,,,google-flights,ok,
2026-09-25 17:09:07+0700,SUB-SIN,SUB,SIN,2026-11-10,2026-11-17,economy,,IDR,,,,,,,,,error,FlightsNotFound: no flights found; received error
2026-09-25 17:09:07+0700,SUB-SIN,SUB,SIN,2026-11-18,2026-11-25,economy,3713692,IDR,Indonesia AirAsia/AirAsia,13:25,19:40,1,240,,,google-flights,ok,
2026-09-25 17:09:07+0700,SUB-SIN,SUB,SIN,2026-11-26,2026-12-03,economy,4350578,IDR,Indonesia AirAsia/AirAsia,05:00,11:35,1,230,,,google-flights,ok,
2026-09-25 17:09:07+0700,SUB-SIN,SUB,SIN,2026-12-04,2026-12-11,economy,5886391,IDR,Indonesia AirAsia/AirAsia,05:00,11:35,1,230,,,google-flights,ok,
2026-09-25 17:09:07+0700,SUB-SIN,SUB,SIN,2026-12-12,2026-12-19,economy,6045691,IDR,Malaysia Airlines,10:00,16:40,1,235,,,google-flights,ok,
2026-09-25 17:09:07+0700,SUB-SIN,SUB,SIN,2026-12-20,2026-12-27,economy,6145691,IDR,Malaysia Airlines,10:00,16:40,1,235,,,google-flights,ok,
2026-09-25 17:09:07+0700,SUB-SIN,SUB,SIN,2026-12-28,2027-01-04,economy,,IDR,,,,,,,,,error,IndexError: list index out of range
2026-09-25 17:09:07+0700,SUB-SIN,SUB,SIN,2027-01-05,2027-01-12,economy,5538691,IDR,Malaysia Airlines,10:00,16:40,1,235,,,google-flights,ok,
2026-09-25 17:09:07+0700,SUB-SIN,SUB,SIN,2027-01-13,2027-01-20,economy,4599714,IDR,Indonesia AirAsia/AirAsia,05:00,11:35,1,230,,,google-flights,ok,
2026-09-25 17:09:07+0700,SUB-SIN,SUB,SIN,2027-01-21,2027-01-28,economy,4599714,IDR,Indonesia AirAsia/AirAsia,05:00,11:35,1,230,,,google-flights,ok,
2026-09-25 17:09:07+0700,SUB-SIN,SUB,SIN,2027-01-29,2027-02-05,economy,,IDR,,,,,,,,,error,FlightsNotFound: no flights found; received error
2026-09-25 20:11:16+0700,DPS-MEL,DPS,MEL,2026-10-02,2026-10-16,economy,,IDR,,,,,,,,,error,IndexError: list index out of range
2026-09-25 20:11:16+0700,DPS-MEL,DPS,MEL,2026-10-10,2026-10-24,economy,,IDR,,,,,,,,,error,IndexError: list index out of range
2026-09-25 20:11:16+0700,DPS-MEL,DPS,MEL,2026-10-18,2026-11-01,economy,,IDR,,,,,,,,,error,IndexError: list index out of range
2026-09-25 20:11:16+0700,DPS-MEL,DPS,MEL,2026-10-26,2026-11-09,economy,9757962,IDR,Jetstar,14:55,07:25,1,630,,,google-flights,ok,
2026-09-25 20:11:16+0700,DPS-MEL,DPS,MEL,2026-11-03,2026-11-17,economy,10375325,IDR,Cebu Pacific,01:00,00:10,1,755,,,google-flights,ok,
2026-09-25 20:11:16+0700,DPS-MEL,DPS,MEL,2026-11-11,2026-11-25,economy,10348982,IDR,Virgin Australia,21:25,09:25,1,435,,,google-flights,ok,
2026-09-25 20:11:16+0700,DPS-MEL,DPS,MEL,2026-11-19,2026-12-03,economy,7897611,IDR,Scoot,11:10,21:20,1,605,,,google-flights,ok,
2026-09-25 20:11:16+0700,DPS-MEL,DPS,MEL,2026-11-27,2026-12-11,economy,9679811,IDR,Jetstar,11:30,20:10,0,340,,,google-flights,ok,
2026-09-25 20:11:16+0700,DPS-MEL,DPS,MEL,2026-12-05,2026-12-19,economy,14733021,IDR,Jetstar,14:55,23:35,0,340,,,google-flights,ok,
2026-09-25 20:11:16+0700,DPS-MEL,DPS,MEL,2026-12-13,2026-12-27,economy,14449811,IDR,Jetstar,14:55,23:35,0,340,,,google-flights,ok,
2026-09-25 20:11:16+0700,DPS-MEL,DPS,MEL,2026-12-21,2027-01-04,economy,7231811,IDR,Jetstar,11:30,20:10,0,340,,,google-flights,ok,
2026-09-25 20:11:16+0700,DPS-MEL,DPS,MEL,2026-12-29,2027-01-12,economy,6836930,IDR,Jetstar,11:30,20:10,0,340,,,google-flights,ok,
2026-09-25 20:11:16+0700,DPS-MEL,DPS,MEL,2027-01-06,2027-01-20,economy,13009016,IDR,Scoot,20:00,12:10,1,605,,,google-flights,ok,
2026-09-25 20:11:16+0700,DPS-MEL,DPS,MEL,2027-01-14,2027-01-28,economy,10199811,IDR,Jetstar,14:55,23:35,0,340,,,google-flights,ok,
2026-09-25 20:11:16+0700,DPS-MEL,DPS,MEL,2027-01-22,2027-02-05,economy,9442811,IDR,Jetstar,14:55,23:35,0,340,,,google-flights,ok,
2026-09-25 20:11:16+0700,DPS-MEL,DPS,MEL,2027-01-30,2027-02-13,economy,7717811,IDR,Jetstar,20:20,04:55,0,335,,,google-flights,ok,
2026-09-25 20:11:16+0700,SUB-TPE,SUB,TPE,2026-10-01,2026-10-15,economy,10780975,IDR,Scoot,10:35,14:15,1,430,,,google-flights,ok,
2026-09-25 20:11:16+0700,SUB-TPE,SUB,TPE,2026-10-09,2026-10-23,economy,6058154,IDR,Scoot,19:50,17:10,1,430,,,google-flights,ok,
2026-09-25 20:11:16+0700,SUB-TPE,SUB,TPE,2026-10-17,2026-10-31,economy,4695769,IDR,Scoot,19:50,05:45,1,430,,,google-flights,ok,
2026-09-25 20:11:16+0700,SUB-TPE,SUB,TPE,2026-10-25,2026-11-08,economy,6397526,IDR,Scoot,09:50,05:35,1,425,,,google-flights,ok,
2026-09-25 20:11:16+0700,SUB-TPE,SUB,TPE,2026-11-02,2026-11-16,economy,6058154,IDR,Scoot,09:50,05:35,1,425,,,google-flights,ok,
2026-09-25 20:11:16+0700,SUB-TPE,SUB,TPE,2026-11-10,2026-11-24,economy,5240821,IDR,Scoot,19:30,05:35,1,425,,,google-flights,ok,
2026-09-25 20:11:16+0700,SUB-TPE,SUB,TPE,2026-11-18,2026-12-02,economy,7024850,IDR,Scoot,09:50,05:35,1,425,,,google-flights,ok,
2026-09-25 20:11:16+0700,SUB-TPE,SUB,TPE,2026-11-26,2026-12-10,economy,8469507,IDR,Scoot,09:50,05:35,1,425,,,google-flights,ok,
2026-09-25 20:11:16+0700,SUB-TPE,SUB,TPE,2026-12-04,2026-12-18,economy,11390162,IDR,Scoot,19:30,05:35,1,425,,,google-flights,ok,
2026-09-25 20:11:16+0700,SUB-TPE,SUB,TPE,2026-12-12,2026-12-26,economy,10516022,IDR,Scoot,19:30,05:35,1,425,,,google-flights,ok,
2026-09-25 20:11:16+0700,SUB-TPE,SUB,TPE,2026-12-20,2027-01-03,economy,16660501,IDR,Scoot,19:30,05:35,1,425,,,google-flights,ok,
2026-09-25 20:11:16+0700,SUB-TPE,SUB,TPE,2026-12-28,2027-01-11,economy,10125230,IDR,Scoot,09:50,05:35,1,425,,,google-flights,ok,
2026-09-25 20:11:16+0700,SUB-TPE,SUB,TPE,2027-01-05,2027-01-19,economy,5035141,IDR,Scoot,19:30,11:00,1,435,,,google-flights,ok,
2026-09-25 20:11:16+0700,SUB-TPE,SUB,TPE,2027-01-13,2027-01-27,economy,5852474,IDR,Scoot,19:30,05:35,1,425,,,google-flights,ok,
2026-09-25 20:11:16+0700,SUB-TPE,SUB,TPE,2027-01-21,2027-02-04,economy,8968525,IDR,Scoot,09:50,11:00,1,435,,,google-flights,ok,
2026-09-25 20:11:16+0700,SUB-TPE,SUB,TPE,2027-01-29,2027-02-12,economy,4695769,IDR,Scoot,19:30,05:35,1,425,,,google-flights,ok,
2026-09-25 20:11:16+0700,SUB-TPE,SUB,TPE,2027-02-06,2027-02-20,economy,8479791,IDR,Scoot,19:30,05:35,1,425,,,google-flights,ok,
2026-09-25 20:11:16+0700,SUB-TPE,SUB,TPE,2027-02-14,2027-02-28,economy,5035141,IDR,Scoot,19:30,11:00,1,435,,,google-flights,ok,
2026-09-25 20:11:16+0700,SUB-TPE,SUB,TPE,2027-02-22,2027-03-08,economy,5580193,IDR,Scoot,09:50,13:15,1,430,,,google-flights,ok,
2026-09-25 20:11:16+0700,SUB-TPE,SUB,TPE,2027-03-02,2027-03-16,economy,9878414,IDR,Scoot,19:30,05:35,1,425,,,google-flights,ok,
2026-09-25 20:11:16+0700,SUB-TPE,SUB,TPE,2027-03-10,2027-03-24,economy,8094385,IDR,Scoot,19:30,05:35,1,425,,,google-flights,ok,
2026-09-25 20:11:16+0700,SUB-TPE,SUB,TPE,2027-03-18,2027-04-01,economy,7705543,IDR,Scoot,09:50,11:00,1,435,,,google-flights,ok,
2026-09-25 20:11:16+0700,SUB-TPE,SUB,TPE,2027-03-26,2027-04-09,economy,5895559,IDR,Scoot,19:30,17:00,1,425,,,google-flights,ok,
2026-09-25 20:11:16+0700,SUB-TPE,SUB,TPE,2027-04-03,2027-04-17,economy,6483696,IDR,Scoot,19:50,17:10,1,430,,,google-flights,ok,
2026-09-25 20:11:16+0700,SUB-TPE,SUB,TPE,2027-04-11,2027-04-25,economy,5666363,IDR,Scoot,19:50,05:45,1,430,,,google-flights,ok,
2026-09-25 20:11:16+0700,SUB-TPE,SUB,TPE,2027-04-19,2027-05-03,economy,5326991,IDR,Scoot,10:35,17:10,1,430,,,google-flights,ok,
2026-09-25 20:11:16+0700,SUB-TPE,SUB,TPE,2027-04-27,2027-05-11,economy,4545407,IDR,Scoot,19:50,05:45,1,430,,,google-flights,ok,
2026-09-25 20:11:16+0700,SUB-TPE,SUB,TPE,2027-05-05,2027-05-19,economy,5121311,IDR,Scoot,19:50,11:45,1,430,,,google-flights,ok,
2026-09-25 20:11:16+0700,SUB-TPE,SUB,TPE,2027-05-13,2027-05-27,economy,7111020,IDR,Scoot,08:35,05:45,1,430,,,google-flights,ok,
2026-09-25 20:11:16+0700,SUB-TPE,SUB,TPE,2027-05-21,2027-06-04,economy,5121311,IDR,Scoot,19:50,11:45,1,430,,,google-flights,ok,
2026-09-25 20:11:16+0700,SUB-TPE,SUB,TPE,2027-05-29,2027-06-12,economy,5121311,IDR,Scoot,19:50,17:10,1,430,,,google-flights,ok,
2026-09-25 20:11:16+0700,SUB-TPE,SUB,TPE,2027-06-06,2027-06-20,economy,5666363,IDR,Scoot,19:50,05:45,1,430,,,google-flights,ok,
2026-09-25 20:11:16+0700,SUB-TPE,SUB,TPE,2027-06-14,2027-06-28,economy,6144324,IDR,Scoot,10:35,17:10,1,430,,,google-flights,ok,
2026-09-25 20:11:16+0700,SUB-TPE,SUB,TPE,2027-06-22,2027-07-06,economy,4987619,IDR,Scoot,19:50,17:10,1,430,,,google-flights,ok,
2026-09-25 20:11:16+0700,SUB-TPE,SUB,TPE,2027-06-30,2027-07-14,economy,4781939,IDR,Scoot,19:50,14:15,1,430,,,google-flights,ok,
2026-09-25 20:11:16+0700,SUB-KUL,SUB,KUL,2026-10-03,2026-10-10,economy,3894680,IDR,Batik Air,05:05,13:10,1,220,,,google-flights,ok,
2026-09-25 20:11:16+0700,SUB-KUL,SUB,KUL,2026-10-11,2026-10-18,economy,4336680,IDR,Batik Air,05:05,13:10,1,220,,,google-flights,ok,
2026-09-25 20:11:16+0700,SUB-KUL,SUB,KUL,2026-10-19,2026-10-26,economy,2216251,IDR,Indonesia AirAsia,07:05,10:45,0,160,,,google-flights,ok,
2026-09-25 20:11:16+0700,SUB-KUL,SUB,KUL,2026-10-27,2026-11-03,economy,3206578,IDR,Malaysia Airlines,10:00,13:40,0,160,,,google-flights,ok,
2026-09-25 20:11:16+0700,SUB-KUL,SUB,KUL,2026-11-04,2026-11-11,economy,2384477,IDR,Indonesia AirAsia,11:20,14:55,0,155,,,google-flights,ok,
2026-09-25 20:11:16+0700,SUB-KUL,SUB,KUL,2026-11-12,2026-11-19,economy,3206578,IDR,Malaysia Airlines,10:00,13:40,0,160,,,google-flights,ok,
2026-09-25 20:11:16+0700,SUB-KUL,SUB,KUL,2026-11-20,2026-11-27,economy,3174830,IDR,Indonesia AirAsia,05:00,08:35,0,155,,,google-flights,ok,
2026-09-25 20:11:16+0700,SUB-KUL,SUB,KUL,2026-11-28,2026-12-05,economy,3689911,IDR,Malaysia Airlines,15:50,19:30,0,160,,,google-flights,ok,
2026-09-25 20:11:16+0700,SUB-KUL,SUB,KUL,2026-12-06,2026-12-13,economy,2617953,IDR,Indonesia AirAsia,05:00,08:35,0,155,,,google-flights,ok,
2026-09-25 20:11:16+0700,SUB-KUL,SUB,KUL,2026-12-14,2026-12-21,economy,4575691,IDR,Malaysia Airlines,10:00,13:40,0,160,,,google-flights,ok,
2026-09-25 20:11:16+0700,SUB-KUL,SUB,KUL,2026-12-22,2026-12-29,economy,4371235,IDR,Indonesia AirAsia,05:00,08:35,0,155,,,google-flights,ok,
2026-09-25 20:11:16+0700,SUB-KUL,SUB,KUL,2026-12-30,2027-01-06,economy,4318755,IDR,Scoot,19:30,05:55,1,220,,,google-flights,ok,
2026-09-25 20:11:16+0700,SUB-KUL,SUB,KUL,2027-01-07,2027-01-14,economy,3271392,IDR,Indonesia AirAsia,05:00,08:35,0,155,,,google-flights,ok,
2026-09-25 20:11:16+0700,SUB-KUL,SUB,KUL,2027-01-15,2027-01-22,economy,2617953,IDR,Indonesia AirAsia,05:00,08:35,0,155,,,google-flights,ok,
2026-09-25 20:11:16+0700,SUB-KUL,SUB,KUL,2027-01-23,2027-01-30,economy,2617953,IDR,Indonesia AirAsia,05:00,08:35,0,155,,,google-flights,ok,
2026-09-25 20:11:16+0700,SUB-KUL,SUB,KUL,2027-01-31,2027-02-07,economy,4203673,IDR,Malaysia Airlines,10:00,13:40,0,160,,,google-flights,ok,
2026-09-25 20:11:16+0700,SUB-SIN,SUB,SIN,2026-10-02,2026-10-09,economy,4402378,IDR,Lion/Batik Air,07:40,15:15,1,195,,,google-flights,ok,
2026-09-25 20:11:16+0700,SUB-SIN,SUB,SIN,2026-10-10,2026-10-17,economy,4358341,IDR,Indonesia AirAsia/AirAsia,05:05,11:35,1,230,,,google-flights,ok,
2026-09-25 20:11:16+0700,SUB-SIN,SUB,SIN,2026-10-18,2026-10-25,economy,3881252,IDR,Indonesia AirAsia/AirAsia,05:05,11:35,1,230,,,google-flights,ok,
2026-09-25 20:11:16+0700,SUB-SIN,SUB,SIN,2026-10-26,2026-11-02,economy,4046918,IDR,"Pelita Air Service, Pt",18:25,10:45,1,205,,,google-flights,ok,
2026-09-25 20:11:16+0700,SUB-SIN,SUB,SIN,2026-11-03,2026-11-10,economy,4203054,IDR,Indonesia AirAsia/AirAsia,05:00,11:35,1,230,,,google-flights,ok,
2026-09-25 20:11:16+0700,SUB-SIN,SUB,SIN,2026-11-11,2026-11-18,economy,4203054,IDR,Indonesia AirAsia/AirAsia,05:00,11:35,1,230,,,google-flights,ok,
2026-09-25 20:11:16+0700,SUB-SIN,SUB,SIN,2026-11-19,2026-11-26,economy,4617691,IDR,Malaysia Airlines,10:00,16:40,1,235,,,google-flights,ok,
2026-09-25 20:11:16+0700,SUB-SIN,SUB,SIN,2026-11-27,2026-12-04,economy,4939349,IDR,Indonesia AirAsia/AirAsia,13:25,19:40,1,240,,,google-flights,ok,
2026-09-25 20:11:16+0700,SUB-SIN,SUB,SIN,2026-12-05,2026-12-12,economy,5216691,IDR,Malaysia Airlines,10:00,16:40,1,235,,,google-flights,ok,
2026-09-25 20:11:16+0700,SUB-SIN,SUB,SIN,2026-12-13,2026-12-20,economy,5538691,IDR,Malaysia Airlines,18:05,09:05,1,235,,,google-flights,ok,
2026-09-25 20:11:16+0700,SUB-SIN,SUB,SIN,2026-12-21,2026-12-28,economy,5825683,IDR,Malaysia Airlines,18:05,00:30,1,230,,,google-flights,ok,
2026-09-25 20:11:16+0700,SUB-SIN,SUB,SIN,2026-12-29,2027-01-05,economy,5860691,IDR,Malaysia Airlines,18:05,00:30,1,230,,,google-flights,ok,
2026-09-25 20:11:16+0700,SUB-SIN,SUB,SIN,2027-01-06,2027-01-13,economy,5538691,IDR,Malaysia Airlines,10:00,16:40,1,235,,,google-flights,ok,
2026-09-25 20:11:16+0700,SUB-SIN,SUB,SIN,2027-01-14,2027-01-21,economy,4617691,IDR,Malaysia Airlines,10:00,16:40,1,235,,,google-flights,ok,
2026-09-25 20:11:16+0700,SUB-SIN,SUB,SIN,2027-01-22,2027-01-29,economy,4617691,IDR,Malaysia Airlines,18:05,00:30,1,230,,,google-flights,ok,
2026-09-25 20:11:16+0700,SUB-SIN,SUB,SIN,2027-01-30,2027-02-06,economy,,IDR,,,,,,,,,error,IndexError: list index out of range
2026-09-25 23:10:09+0700,DPS-MEL,DPS,MEL,2026-10-03,2026-10-17,economy,,IDR,,,,,,,,,error,IndexError: list index out of range
2026-09-25 23:10:09+0700,DPS-MEL,DPS,MEL,2026-10-11,2026-10-25,economy,,IDR,,,,,,,,,error,IndexError: list index out of range
2026-09-25 23:10:09+0700,DPS-MEL,DPS,MEL,2026-10-19,2026-11-02,economy,,IDR,,,,,,,,,error,IndexError: list index out of range
2026-09-25 23:10:09+0700,DPS-MEL,DPS,MEL,2026-10-27,2026-11-10,economy,8455647,IDR,Cebu Pacific,01:00,00:10,1,755,,,google-flights,ok,
2026-09-25 23:10:09+0700,DPS-MEL,DPS,MEL,2026-11-04,2026-11-18,economy,9557538,IDR,Jetstar,14:55,07:25,1,630,,,google-flights,ok,
2026-09-25 23:10:09+0700,DPS-MEL,DPS,MEL,2026-11-12,2026-11-26,economy,7899724,IDR,Scoot,20:00,21:20,1,605,,,google-flights,ok,
2026-09-25 23:10:09+0700,DPS-MEL,DPS,MEL,2026-11-20,2026-12-04,economy,9079203,IDR,Jetstar,14:55,23:35,0,340,,,google-flights,ok,
2026-09-25 23:10:09+0700,DPS-MEL,DPS,MEL,2026-11-28,2026-12-12,economy,11914982,IDR,Virgin Australia,21:25,09:25,1,435,,,google-flights,ok,
2026-09-25 23:10:09+0700,DPS-MEL,DPS,MEL,2026-12-06,2026-12-20,economy,,IDR,,,,,,,,,error,FlightsNotFound: no flights found; received error
2026-09-25 23:10:09+0700,DPS-MEL,DPS,MEL,2026-12-14,2026-12-28,economy,11821382,IDR,Virgin Australia,21:25,07:50,1,435,,,google-flights,ok,
2026-09-25 23:10:09+0700,DPS-MEL,DPS,MEL,2026-12-22,2027-01-05,economy,6806263,IDR,Jetstar,11:30,20:10,0,340,,,google-flights,ok,
2026-09-25 23:10:09+0700,DPS-MEL,DPS,MEL,2026-12-30,2027-01-13,economy,8196811,IDR,Jetstar,14:55,23:35,0,340,,,google-flights,ok,
2026-09-25 23:10:09+0700,DPS-MEL,DPS,MEL,2027-01-07,2027-01-21,economy,12133811,IDR,Jetstar,11:30,20:10,0,340,,,google-flights,ok,
2026-09-25 23:10:09+0700,DPS-MEL,DPS,MEL,2027-01-15,2027-01-29,economy,10169811,IDR,Jetstar,11:30,20:10,0,340,,,google-flights,ok,
2026-09-25 23:10:09+0700,DPS-MEL,DPS,MEL,2027-01-23,2027-02-06,economy,9431151,IDR,Jetstar,20:20,04:55,0,335,,,google-flights,ok,
2026-09-25 23:10:09+0700,DPS-MEL,DPS,MEL,2027-01-31,2027-02-14,economy,7447992,IDR,Virgin Australia,15:50,00:30,0,340,,,google-flights,ok,
2026-09-25 23:10:09+0700,SUB-TPE,SUB,TPE,2026-10-02,2026-10-16,economy,6397526,IDR,Scoot,19:50,11:45,1,430,,,google-flights,ok,
2026-09-25 23:10:09+0700,SUB-TPE,SUB,TPE,2026-10-10,2026-10-24,economy,7214859,IDR,Scoot,19:50,05:45,1,430,,,google-flights,ok,
2026-09-25 23:10:09+0700,SUB-TPE,SUB,TPE,2026-10-18,2026-11-01,economy,4901449,IDR,Scoot,19:50,05:45,1,430,,,google-flights,ok,
2026-09-25 23:10:09+0700,SUB-TPE,SUB,TPE,2026-10-26,2026-11-09,economy,10752554,IDR,Scoot,09:50,05:35,1,425,,,google-flights,ok,
2026-09-25 23:10:09+0700,SUB-TPE,SUB,TPE,2026-11-03,2026-11-17,economy,4695769,IDR,Scoot,19:30,05:35,1,425,,,google-flights,ok,
2026-09-25 23:10:09+0700,SUB-TPE,SUB,TPE,2026-11-11,2026-11-25,economy,4490089,IDR,Scoot,19:30,05:35,1,425,,,google-flights,ok,
2026-09-25 23:10:09+0700,SUB-TPE,SUB,TPE,2026-11-19,2026-12-03,economy,7842183,IDR,Scoot,09:50,05:35,1,425,,,google-flights,ok,
2026-09-25 23:10:09+0700,SUB-TPE,SUB,TPE,2026-11-27,2026-12-11,economy,9107115,IDR,Scoot,09:50,05:35,1,425,,,google-flights,ok,
2026-09-25 23:10:09+0700,SUB-TPE,SUB,TPE,2026-12-05,2026-12-19,economy,12161461,IDR,Scoot,19:30,05:35,1,425,,,google-flights,ok,
2026-09-25 23:10:09+0700,SUB-TPE,SUB,TPE,2026-12-13,2026-12-27,economy,13035601,IDR,Scoot,19:30,05:35,1,425,,,google-flights,ok,
2026-09-25 23:10:09+0700,SUB-TPE,SUB,TPE,2026-12-21,2027-01-04,economy,15773611,IDR,Scoot,09:50,05:35,1,425,,,google-flights,ok,
2026-09-25 23:10:09+0700,SUB-TPE,SUB,TPE,2026-12-29,2027-01-12,economy,8479791,IDR,Scoot,19:30,05:35,1,425,,,google-flights,ok,
2026-09-25 23:10:09+0700,SUB-TPE,SUB,TPE,2027-01-06,2027-01-20,economy,5035141,IDR,Scoot,19:30,05:35,1,425,,,google-flights,ok,
2026-09-25 23:10:09+0700,SUB-TPE,SUB,TPE,2027-01-14,2027-01-28,economy,6058154,IDR,Scoot,09:50,11:00,1,435,,,google-flights,ok,
2026-09-25 23:10:09+0700,SUB-TPE,SUB,TPE,2027-01-22,2027-02-05,economy,8762845,IDR,Scoot,19:30,05:35,1,425,,,google-flights,ok,
2026-09-25 23:10:09+0700,SUB-TPE,SUB,TPE,2027-01-30,2027-02-13,economy,4695769,IDR,Scoot,19:30,11:00,1,435,,,google-flights,ok,
2026-09-25 23:10:09+0700,SUB-TPE,SUB,TPE,2027-02-07,2027-02-21,economy,8479791,IDR,Scoot,19:30,05:35,1,425,,,google-flights,ok,
2026-09-25 23:10:09+0700,SUB-TPE,SUB,TPE,2027-02-15,2027-03-01,economy,5240821,IDR,Scoot,09:50,13:15,1,430,,,google-flights,ok,
2026-09-25 23:10:09+0700,SUB-TPE,SUB,TPE,2027-02-23,2027-03-09,economy,5035141,IDR,Scoot,19:30,11:00,1,435,,,google-flights,ok,
2026-09-25 23:10:09+0700,SUB-TPE,SUB,TPE,2027-03-03,2027-03-17,economy,9251090,IDR,Scoot,19:30,05:35,1,425,,,google-flights,ok,
2026-09-25 23:10:09+0700,SUB-TPE,SUB,TPE,2027-03-11,2027-03-25,economy,9878414,IDR,Scoot,09:50,05:35,1,425,,,google-flights,ok,
2026-09-25 23:10:09+0700,SUB-TPE,SUB,TPE,2027-03-19,2027-04-02,economy,7931790,IDR,Scoot,19:30,17:00,1,425,,,google-flights,ok,
2026-09-25 23:10:09+0700,SUB-TPE,SUB,TPE,2027-03-27,2027-04-10,economy,6440611,IDR,Scoot,19:30,17:10,1,430,,,google-flights,ok,
2026-09-25 23:10:09+0700,SUB-TPE,SUB,TPE,2027-04-04,2027-04-18,economy,7928353,IDR,Scoot,19:50,05:45,1,430,,,google-flights,ok,
2026-09-25 23:10:09+0700,SUB-TPE,SUB,TPE,2027-04-12,2027-04-26,economy,5666363,IDR,Scoot,10:35,17:10,1,430,,,google-flights,ok,
2026-09-25 23:10:09+0700,SUB-TPE,SUB,TPE,2027-04-20,2027-05-04,economy,4545407,IDR,Scoot,19:50,17:10,1,430,,,google-flights,ok,
2026-09-25 23:10:09+0700,SUB-TPE,SUB,TPE,2027-04-28,2027-05-12,economy,4576259,IDR,Scoot,19:50,11:45,1,430,,,google-flights,ok,
2026-09-25 23:10:09+0700,SUB-TPE,SUB,TPE,2027-05-06,2027-05-20,economy,7111020,IDR,Scoot,08:35,05:45,1,430,,,google-flights,ok,
2026-09-25 23:10:09+0700,SUB-TPE,SUB,TPE,2027-05-14,2027-05-28,economy,5666363,IDR,Scoot,19:50,17:10,1,430,,,google-flights,ok,
2026-09-25 23:10:09+0700,SUB-TPE,SUB,TPE,2027-05-22,2027-06-05,economy,6144324,IDR,Scoot,19:50,17:10,1,430,,,google-flights,ok,
2026-09-25 23:10:09+0700,SUB-TPE,SUB,TPE,2027-05-30,2027-06-13,economy,5666363,IDR,Scoot,19:50,05:45,1,430,,,google-flights,ok,
2026-09-25 23:10:09+0700,SUB-TPE,SUB,TPE,2027-06-07,2027-06-21,economy,6483696,IDR,Scoot,10:35,17:10,1,430,,,google-flights,ok,
2026-09-25 23:10:09+0700,SUB-TPE,SUB,TPE,2027-06-15,2027-06-29,economy,4987619,IDR,Scoot,19:50,05:45,1,430,,,google-flights,ok,
2026-09-25 23:10:09+0700,SUB-TPE,SUB,TPE,2027-06-23,2027-07-07,economy,5121311,IDR,Scoot,19:50,17:10,1,430,,,google-flights,ok,
2026-09-25 23:10:09+0700,SUB-KUL,SUB,KUL,2026-09-26,2026-10-03,economy,4780960,IDR,Batik Air,05:05,13:10,1,220,,,google-flights,ok,
2026-09-25 23:10:09+0700,SUB-KUL,SUB,KUL,2026-10-04,2026-10-11,economy,3487329,IDR,Citilink Indonesia,09:00,19:10,1,230,,,google-flights,ok,
2026-09-25 23:10:09+0700,SUB-KUL,SUB,KUL,2026-10-12,2026-10-19,economy,2384477,IDR,Indonesia AirAsia,07:05,10:45,0,160,,,google-flights,ok,
2026-09-25 23:10:09+0700,SUB-KUL,SUB,KUL,2026-10-20,2026-10-27,economy,2384477,IDR,Indonesia AirAsia,17:45,21:25,0,160,,,google-flights,ok,
2026-09-25 23:10:09+0700,SUB-KUL,SUB,KUL,2026-10-28,2026-11-04,economy,2070002,IDR,Indonesia AirAsia,05:00,08:35,0,155,,,google-flights,ok,
2026-09-25 23:10:09+0700,SUB-KUL,SUB,KUL,2026-11-05,2026-11-12,economy,3208059,IDR,Malaysia Airlines,10:00,13:40,0,160,,,google-flights,ok,
2026-09-25 23:10:09+0700,SUB-KUL,SUB,KUL,2026-11-13,2026-11-20,economy,3208059,IDR,Malaysia Airlines,10:00,13:40,0,160,,,google-flights,ok,
2026-09-25 23:10:09+0700,SUB-KUL,SUB,KUL,2026-11-21,2026-11-28,economy,3208059,IDR,Malaysia Airlines,10:00,13:40,0,160,,,google-flights,ok,
2026-09-25 23:10:09+0700,SUB-KUL,SUB,KUL,2026-11-29,2026-12-06,economy,2617953,IDR,Indonesia AirAsia,17:40,21:15,0,155,,,google-flights,ok,
2026-09-25 23:10:09+0700,SUB-KUL,SUB,KUL,2026-12-07,2026-12-14,economy,4184514,IDR,Malaysia Airlines,10:00,13:40,0,160,,,google-flights,ok,
2026-09-25 23:10:09+0700,SUB-KUL,SUB,KUL,2026-12-15,2026-12-22,economy,4602477,IDR,Malaysia Airlines,10:00,13:40,0,160,,,google-flights,ok,
2026-09-25 23:10:09+0700,SUB-KUL,SUB,KUL,2026-12-23,2026-12-30,economy,4371235,IDR,Indonesia AirAsia,05:00,08:35,0,155,,,google-flights,ok,
2026-09-25 23:10:09+0700,SUB-KUL,SUB,KUL,2026-12-31,2027-01-07,economy,4120045,IDR,Indonesia AirAsia,11:20,14:55,0,155,,,google-flights,ok,
2026-09-25 23:10:09+0700,SUB-KUL,SUB,KUL,2027-01-08,2027-01-15,economy,4418234,IDR,Malaysia Airlines,10:00,13:40,0,160,,,google-flights,ok,
2026-09-25 23:10:09+0700,SUB-KUL,SUB,KUL,2027-01-16,2027-01-23,economy,2617953,IDR,Indonesia AirAsia,05:00,08:35,0,155,,,google-flights,ok,
2026-09-25 23:10:09+0700,SUB-KUL,SUB,KUL,2027-01-24,2027-01-31,economy,2617953,IDR,Indonesia AirAsia,05:00,08:35,0,155,,,google-flights,ok,
2026-09-25 23:10:09+0700,SUB-KUL,SUB,KUL,2027-02-01,2027-02-08,economy,3037369,IDR,Indonesia AirAsia,05:00,08:35,0,155,,,google-flights,ok,
2026-09-25 23:10:09+0700,SUB-SIN,SUB,SIN,2026-10-03,2026-10-10,economy,4968618,IDR,Indonesia AirAsia/AirAsia,05:05,11:35,1,230,,,google-flights,ok,
2026-09-25 23:10:09+0700,SUB-SIN,SUB,SIN,2026-10-11,2026-10-18,economy,4551495,IDR,Indonesia AirAsia/AirAsia,05:05,11:35,1,230,,,google-flights,ok,
2026-09-25 23:10:09+0700,SUB-SIN,SUB,SIN,2026-10-19,2026-10-26,economy,4507352,IDR,Indonesia AirAsia/AirAsia,07:05,13:00,1,225,,,google-flights,ok,
2026-09-25 23:10:09+0700,SUB-SIN,SUB,SIN,2026-10-27,2026-11-03,economy,3548985,IDR,Indonesia AirAsia/AirAsia,13:25,19:40,1,240,,,google-flights,ok,
2026-09-25 23:10:09+0700,SUB-SIN,SUB,SIN,2026-11-04,2026-11-11,economy,4056805,IDR,Indonesia AirAsia/AirAsia,05:00,11:35,1,230,,,google-flights,ok,
2026-09-25 23:10:09+0700,SUB-SIN,SUB,SIN,2026-11-12,2026-11-19,economy,3926387,IDR,Indonesia AirAsia/AirAsia,11:20,18:00,1,235,,,google-flights,ok,
2026-09-25 23:10:09+0700,SUB-SIN,SUB,SIN,2026-11-20,2026-11-27,economy,4567416,IDR,"Pelita Air Service, Pt",18:25,10:45,1,205,,,google-flights,ok,
2026-09-25 23:10:09+0700,SUB-SIN,SUB,SIN,2026-11-28,2026-12-05,economy,4567416,IDR,"Pelita Air Service, Pt",18:25,10:45,1,205,,,google-flights,ok,
2026-09-25 23:10:09+0700,SUB-SIN,SUB,SIN,2026-12-06,2026-12-13,economy,4567416,IDR,"Pelita Air Service, Pt",18:25,10:45,1,205,,,google-flights,ok,
2026-09-25 23:10:09+0700,SUB-SIN,SUB,SIN,2026-12-14,2026-12-21,economy,5538691,IDR,Malaysia Airlines,18:05,09:05,1,235,,,google-flights,ok,
2026-09-25 23:10:09+0700,SUB-SIN,SUB,SIN,2026-12-22,2026-12-29,economy,5860691,IDR,Malaysia Airlines,10:00,16:40,1,235,,,google-flights,ok,
2026-09-25 23:10:09+0700,SUB-SIN,SUB,SIN,2026-12-30,2027-01-06,economy,5860691,IDR,Malaysia Airlines,15:50,00:30,1,230,,,google-flights,ok,
2026-09-25 23:10:09+0700,SUB-SIN,SUB,SIN,2027-01-07,2027-01-14,economy,5538691,IDR,Malaysia Airlines,10:00,16:40,1,235,,,google-flights,ok,
2026-09-25 23:10:09+0700,SUB-SIN,SUB,SIN,2027-01-15,2027-01-22,economy,4617691,IDR,Malaysia Airlines,18:05,00:30,1,230,,,google-flights,ok,
2026-09-25 23:10:09+0700,SUB-SIN,SUB,SIN,2027-01-23,2027-01-30,economy,,IDR,,,,,,,,,error,IndexError: list index out of range
2026-09-25 23:10:09+0700,SUB-SIN,SUB,SIN,2027-01-31,2027-02-07,economy,,IDR,,,,,,,,,error,IndexError: list index out of range
2026-09-26 02:08:00+0700,DPS-MEL,DPS,MEL,2026-09-27,2026-10-11,economy,,IDR,,,,,,,,,error,IndexError: list index out of range
2026-09-26 02:08:00+0700,DPS-MEL,DPS,MEL,2026-10-05,2026-10-19,economy,,IDR,,,,,,,,,error,IndexError: list index out of range
2026-09-26 02:08:00+0700,DPS-MEL,DPS,MEL,2026-10-13,2026-10-27,economy,,IDR,,,,,,,,,error,IndexError: list index out of range
2026-09-26 02:08:00+0700,DPS-MEL,DPS,MEL,2026-10-21,2026-11-04,economy,,IDR,,,,,,,,,error,IndexError: list index out of range
2026-09-26 02:08:00+0700,DPS-MEL,DPS,MEL,2026-10-29,2026-11-12,economy,9993923,IDR,Cebu Pacific,01:00,00:10,1,755,,,google-flights,ok,
2026-09-26 02:08:00+0700,DPS-MEL,DPS,MEL,2026-11-06,2026-11-20,economy,11126688,IDR,Jetstar,14:55,07:25,1,630,,,google-flights,ok,
2026-09-26 02:08:00+0700,DPS-MEL,DPS,MEL,2026-11-14,2026-11-28,economy,9104811,IDR,Jetstar,14:55,23:35,0,340,,,google-flights,ok,
2026-09-26 02:08:00+0700,DPS-MEL,DPS,MEL,2026-11-22,2026-12-06,economy,9633682,IDR,Virgin Australia,15:50,00:30,0,340,,,google-flights,ok,
2026-09-26 02:08:00+0700,DPS-MEL,DPS,MEL,2026-11-30,2026-12-14,economy,10282582,IDR,Virgin Australia,23:20,15:20,1,490,,,google-flights,ok,
2026-09-26 02:08:00+0700,DPS-MEL,DPS,MEL,2026-12-08,2026-12-22,economy,13541282,IDR,Virgin Australia,22:30,12:05,1,465,,,google-flights,ok,
2026-09-26 02:08:00+0700,DPS-MEL,DPS,MEL,2026-12-16,2026-12-30,economy,10549809,IDR,Jetstar,11:30,20:10,0,340,,,google-flights,ok,
2026-09-26 02:08:00+0700,DPS-MEL,DPS,MEL,2026-12-24,2027-01-07,economy,8322436,IDR,Virgin Australia,22:00,06:40,0,340,,,google-flights,ok,
2026-09-26 02:08:00+0700,DPS-MEL,DPS,MEL,2027-01-01,2027-01-15,economy,11298811,IDR,Jetstar,14:55,23:35,0,340,,,google-flights,ok,
2026-09-26 02:08:00+0700,DPS-MEL,DPS,MEL,2027-01-09,2027-01-23,economy,12163811,IDR,Jetstar,14:55,23:35,0,340,,,google-flights,ok,
2026-09-26 02:08:00+0700,DPS-MEL,DPS,MEL,2027-01-17,2027-01-31,economy,10943256,IDR,Jetstar,14:55,23:35,0,340,,,google-flights,ok,
2026-09-26 02:08:00+0700,DPS-MEL,DPS,MEL,2027-01-25,2027-02-08,economy,10163876,IDR,Jetstar,11:30,20:10,0,340,,,google-flights,ok,
2026-09-26 02:08:00+0700,SUB-TPE,SUB,TPE,2026-09-27,2026-10-11,economy,7888705,IDR,Scoot,19:50,05:45,1,430,,,google-flights,ok,
2026-09-26 02:08:00+0700,SUB-TPE,SUB,TPE,2026-10-05,2026-10-19,economy,7842183,IDR,Scoot,10:35,11:45,1,430,,,google-flights,ok,
2026-09-26 02:08:00+0700,SUB-TPE,SUB,TPE,2026-10-13,2026-10-27,economy,4695769,IDR,Scoot,19:50,17:10,1,430,,,google-flights,ok,
2026-09-26 02:08:00+0700,SUB-TPE,SUB,TPE,2026-10-21,2026-11-04,economy,4695769,IDR,Scoot,19:50,05:45,1,430,,,google-flights,ok,
2026-09-26 02:08:00+0700,SUB-TPE,SUB,TPE,2026-10-29,2026-11-12,economy,5580193,IDR,Scoot,09:50,05:35,1,425,,,google-flights,ok,
2026-09-26 02:08:00+0700,SUB-TPE,SUB,TPE,2026-11-06,2026-11-20,economy,7842183,IDR,Scoot,19:30,05:35,1,425,,,google-flights,ok,
2026-09-26 02:08:00+0700,SUB-TPE,SUB,TPE,2026-11-14,2026-11-28,economy,5035141,IDR,Scoot,19:30,05:35,1,425,,,google-flights,ok,
2026-09-26 02:08:00+0700,SUB-TPE,SUB,TPE,2026-11-22,2026-12-06,economy,8469507,IDR,Scoot,09:50,05:35,1,425,,,google-flights,ok,
2026-09-26 02:08:00+0700,SUB-TPE,SUB,TPE,2026-11-30,2026-12-14,economy,,IDR,,,,,,,,,error,TypeError: 'NoneType' object is not subscriptable
2026-09-26 02:08:00+0700,SUB-TPE,SUB,TPE,2026-12-08,2026-12-22,economy,11390162,IDR,Scoot,09:50,05:35,1,425,,,google-flights,ok,
2026-09-26 02:08:00+0700,SUB-TPE,SUB,TPE,2026-12-16,2026-12-30,economy,10516022,IDR,Scoot,19:30,05:35,1,425,,,google-flights,ok,
2026-09-26 02:08:00+0700,SUB-TPE,SUB,TPE,2026-12-24,2027-01-07,economy,14467544,IDR,Scoot,09:50,05:35,1,425,,,google-flights,ok,
2026-09-26 02:08:00+0700,SUB-TPE,SUB,TPE,2027-01-01,2027-01-15,economy,5035141,IDR,Scoot,19:30,11:00,1,435,,,google-flights,ok,
2026-09-26 02:08:00+0700,SUB-TPE,SUB,TPE,2027-01-09,2027-01-23,economy,5852474,IDR,Scoot,19:30,05:35,1,425,,,google-flights,ok,
2026-09-26 02:08:00+0700,SUB-TPE,SUB,TPE,2027-01-17,2027-01-31,economy,6479798,IDR,Scoot,19:30,05:35,1,425,,,google-flights,ok,
2026-09-26 02:08:00+0700,SUB-TPE,SUB,TPE,2027-01-25,2027-02-08,economy,6685478,IDR,Scoot,09:50,11:00,1,435,,,google-flights,ok,
2026-09-26 02:08:00+0700,SUB-TPE,SUB,TPE,2027-02-02,2027-02-16,economy,5035141,IDR,Scoot,19:30,11:00,1,435,,,google-flights,ok,
2026-09-26 02:08:00+0700,SUB-TPE,SUB,TPE,2027-02-10,2027-02-24,economy,11120347,IDR,Scoot,19:30,11:00,1,435,,,google-flights,ok,
2026-09-26 02:08:00+0700,SUB-TPE,SUB,TPE,2027-02-18,2027-03-04,economy,6058154,IDR,Scoot,09:50,11:00,1,435,,,google-flights,ok,
2026-09-26 02:08:00+0700,SUB-TPE,SUB,TPE,2027-02-26,2027-03-12,economy,8479791,IDR,Scoot,09:50,17:00,1,425,,,google-flights,ok,
2026-09-26 02:08:00+0700,SUB-TPE,SUB,TPE,2027-03-06,2027-03-20,economy,9878414,IDR,Scoot,19:30,05:35,1,425,,,google-flights,ok,
2026-09-26 02:08:00+0700,SUB-TPE,SUB,TPE,2027-03-14,2027-03-28,economy,11287321,IDR,Scoot,19:30,05:35,1,425,,,google-flights,ok,
2026-09-26 02:08:00+0700,SUB-TPE,SUB,TPE,2027-03-22,2027-04-05,economy,7257944,IDR,Scoot,09:50,11:00,1,435,,,google-flights,ok,
2026-09-26 02:08:00+0700,SUB-TPE,SUB,TPE,2027-03-30,2027-04-13,economy,5623278,IDR,Scoot,19:50,05:45,1,430,,,google-flights,ok,
2026-09-26 02:08:00+0700,SUB-TPE,SUB,TPE,2027-04-07,2027-04-21,economy,5938644,IDR,Scoot,19:50,14:15,1,430,,,google-flights,ok,
2026-09-26 02:08:00+0700,SUB-TPE,SUB,TPE,2027-04-15,2027-04-29,economy,7111020,IDR,Scoot,08:35,05:45,1,430,,,google-flights,ok,
2026-09-26 02:08:00+0700,SUB-TPE,SUB,TPE,2027-04-23,2027-05-07,economy,4781939,IDR,Scoot,19:50,05:45,1,430,,,google-flights,ok,
2026-09-26 02:08:00+0700,SUB-TPE,SUB,TPE,2027-05-01,2027-05-15,economy,4987619,IDR,Scoot,19:50,17:10,1,430,,,google-flights,ok,
2026-09-26 02:08:00+0700,SUB-TPE,SUB,TPE,2027-05-09,2027-05-23,economy,6483696,IDR,Scoot,19:50,05:45,1,430,,,google-flights,ok,
2026-09-26 02:08:00+0700,SUB-TPE,SUB,TPE,2027-05-17,2027-05-31,economy,6483696,IDR,Scoot,10:35,11:45,1,430,,,google-flights,ok,
2026-09-26 02:08:00+0700,SUB-TPE,SUB,TPE,2027-05-25,2027-06-08,economy,4781939,IDR,Scoot,19:50,17:10,1,430,,,google-flights,ok,
2026-09-26 02:08:00+0700,SUB-TPE,SUB,TPE,2027-06-02,2027-06-16,economy,5121311,IDR,Scoot,19:50,05:45,1,430,,,google-flights,ok,
2026-09-26 02:08:00+0700,SUB-TPE,SUB,TPE,2027-06-10,2027-06-24,economy,5666363,IDR,Scoot,08:35,05:45,1,430,,,google-flights,ok,
2026-09-26 02:08:00+0700,SUB-TPE,SUB,TPE,2027-06-18,2027-07-02,economy,5121311,IDR,Scoot,19:50,05:45,1,430,,,google-flights,ok,
2026-09-26 02:08:00+0700,SUB-TPE,SUB,TPE,2027-06-26,2027-07-10,economy,5121311,IDR,Scoot,19:50,17:10,1,430,,,google-flights,ok,
2026-09-26 02:08:00+0700,SUB-KUL,SUB,KUL,2026-09-30,2026-10-07,economy,3255569,IDR,Indonesia AirAsia,05:05,08:40,0,155,,,google-flights,ok,
2026-09-26 02:08:00+0700,SUB-KUL,SUB,KUL,2026-10-08,2026-10-15,economy,2927908,IDR,Indonesia AirAsia,17:45,21:25,0,160,,,google-flights,ok,
2026-09-26 02:08:00+0700,SUB-KUL,SUB,KUL,2026-10-16,2026-10-23,economy,2216251,IDR,Indonesia AirAsia,17:45,21:25,0,160,,,google-flights,ok,
2026-09-26 02:08:00+0700,SUB-KUL,SUB,KUL,2026-10-24,2026-10-31,economy,2070002,IDR,Indonesia AirAsia,05:05,08:40,0,155,,,google-flights,ok,
2026-09-26 02:08:00+0700,SUB-KUL,SUB,KUL,2026-11-01,2026-11-08,economy,2172617,IDR,Indonesia AirAsia,05:00,08:35,0,155,,,google-flights,ok,
2026-09-26 02:08:00+0700,SUB-KUL,SUB,KUL,2026-11-09,2026-11-16,economy,2216251,IDR,Indonesia AirAsia,13:25,17:05,0,160,,,google-flights,ok,
2026-09-26 02:08:00+0700,SUB-KUL,SUB,KUL,2026-11-17,2026-11-24,economy,3209246,IDR,Malaysia Airlines,10:00,13:40,0,160,,,google-flights,ok,
2026-09-26 02:08:00+0700,SUB-KUL,SUB,KUL,2026-11-25,2026-12-02,economy,3434926,IDR,Malaysia Airlines,10:00,13:40,0,160,,,google-flights,ok,
2026-09-26 02:08:00+0700,SUB-KUL,SUB,KUL,2026-12-03,2026-12-10,economy,4004412,IDR,Malaysia Airlines,15:50,19:30,0,160,,,google-flights,ok,
2026-09-26 02:08:00+0700,SUB-KUL,SUB,KUL,2026-12-11,2026-12-18,economy,4582691,IDR,Malaysia Airlines,15:50,19:30,0,160,,,google-flights,ok,
2026-09-26 02:08:00+0700,SUB-KUL,SUB,KUL,2026-12-19,2026-12-26,economy,4371235,IDR,Indonesia AirAsia,05:00,08:35,0,155,,,google-flights,ok,
2026-09-26 02:08:00+0700,SUB-KUL,SUB,KUL,2026-12-27,2027-01-03,economy,4371235,IDR,Indonesia AirAsia,05:00,08:35,0,155,,,google-flights,ok,
2026-09-26 02:08:00+0700,SUB-KUL,SUB,KUL,2027-01-04,2027-01-11,economy,3702045,IDR,Indonesia AirAsia,05:00,08:35,0,155,,,google-flights,ok,
2026-09-26 02:08:00+0700,SUB-KUL,SUB,KUL,2027-01-12,2027-01-19,economy,2617953,IDR,Indonesia AirAsia,05:00,08:35,0,155,,,google-flights,ok,
2026-09-26 02:08:00+0700,SUB-KUL,SUB,KUL,2027-01-20,2027-01-27,economy,2617953,IDR,Indonesia AirAsia,05:00,08:35,0,155,,,google-flights,ok,
2026-09-26 02:08:00+0700,SUB-KUL,SUB,KUL,2027-01-28,2027-02-04,economy,3037369,IDR,Indonesia AirAsia,05:00,08:35,0,155,,,google-flights,ok,
2026-09-26 02:08:00+0700,SUB-SIN,SUB,SIN,2026-09-30,2026-10-07,economy,4876160,IDR,Lion/Batik Air,06:30,13:45,1,195,,,google-flights,ok,
2026-09-26 02:08:00+0700,SUB-SIN,SUB,SIN,2026-10-08,2026-10-15,economy,4203054,IDR,Indonesia AirAsia/AirAsia,07:05,13:00,1,225,,,google-flights,ok,
2026-09-26 02:08:00+0700,SUB-SIN,SUB,SIN,2026-10-16,2026-10-23,economy,4113912,IDR,Indonesia AirAsia/AirAsia,05:05,11:35,1,230,,,google-flights,ok,
2026-09-26 02:08:00+0700,SUB-SIN,SUB,SIN,2026-10-24,2026-10-31,economy,3977193,IDR,Scoot,19:50,23:15,0,145,,,google-flights,ok,
2026-09-26 02:08:00+0700,SUB-SIN,SUB,SIN,2026-11-01,2026-11-08,economy,4510968,IDR,Indonesia AirAsia/AirAsia,05:00,11:35,1,230,,,google-flights,ok,
2026-09-26 02:08:00+0700,SUB-SIN,SUB,SIN,2026-11-09,2026-11-16,economy,5365491,IDR,Malaysia Airlines,18:05,09:05,1,235,,,google-flights,ok,
2026-09-26 02:08:00+0700,SUB-SIN,SUB,SIN,2026-11-17,2026-11-24,economy,4218369,IDR,Indonesia AirAsia/AirAsia,13:25,19:40,1,240,,,google-flights,ok,
2026-09-26 02:08:00+0700,SUB-SIN,SUB,SIN,2026-11-25,2026-12-02,economy,4353613,IDR,Indonesia AirAsia/AirAsia,11:20,18:00,1,235,,,google-flights,ok,
2026-09-26 02:08:00+0700,SUB-SIN,SUB,SIN,2026-12-03,2026-12-10,economy,5227491,IDR,Malaysia Airlines,15:50,00:30,1,230,,,google-flights,ok,
2026-09-26 02:08:00+0700,SUB-SIN,SUB,SIN,2026-12-11,2026-12-18,economy,5733491,IDR,Malaysia Airlines,15:50,00:30,1,230,,,google-flights,ok,
2026-09-26 02:08:00+0700,SUB-SIN,SUB,SIN,2026-12-19,2026-12-26,economy,6156491,IDR,Malaysia Airlines,10:00,18:35,1,235,,,google-flights,ok,
2026-09-26 02:08:00+0700,SUB-SIN,SUB,SIN,2026-12-27,2027-01-03,economy,,IDR,,,,,,,,,error,IndexError: list index out of range
2026-09-26 02:08:00+0700,SUB-SIN,SUB,SIN,2027-01-04,2027-01-11,economy,5549491,IDR,Malaysia Airlines,10:00,16:40,1,235,,,google-flights,ok,
2026-09-26 02:08:00+0700,SUB-SIN,SUB,SIN,2027-01-12,2027-01-19,economy,4604756,IDR,Indonesia AirAsia/AirAsia,05:00,11:35,1,230,,,google-flights,ok,
2026-09-26 02:08:00+0700,SUB-SIN,SUB,SIN,2027-01-20,2027-01-27,economy,4602544,IDR,Indonesia AirAsia/AirAsia,05:00,11:35,1,230,,,google-flights,ok,
2026-09-26 02:08:00+0700,SUB-SIN,SUB,SIN,2027-01-28,2027-02-04,economy,,IDR,,,,,,,,,error,IndexError: list index out of range
2026-09-26 05:09:19+0700,DPS-MEL,DPS,MEL,2026-09-28,2026-10-12,economy,,IDR,,,,,,,,,error,IndexError: list index out of range
2026-09-26 05:09:19+0700,DPS-MEL,DPS,MEL,2026-10-06,2026-10-20,economy,,IDR,,,,,,,,,error,IndexError: list index out of range
2026-09-26 05:09:19+0700,DPS-MEL,DPS,MEL,2026-10-14,2026-10-28,economy,,IDR,,,,,,,,,error,IndexError: list index out of range
2026-09-26 05:09:19+0700,DPS-MEL,DPS,MEL,2026-10-22,2026-11-05,economy,,IDR,,,,,,,,,error,IndexError: list index out of range
2026-09-26 05:09:19+0700,DPS-MEL,DPS,MEL,2026-10-30,2026-11-13,economy,11121699,IDR,Jetstar,11:45,00:20,1,430,,,google-flights,ok,
2026-09-26 05:09:19+0700,DPS-MEL,DPS,MEL,2026-11-07,2026-11-21,economy,11716729,IDR,Jetstar,07:00,00:20,1,420,,,google-flights,ok,
2026-09-26 05:09:19+0700,DPS-MEL,DPS,MEL,2026-11-15,2026-11-29,economy,9728811,IDR,Jetstar,11:30,20:10,0,340,,,google-flights,ok,
2026-09-26 05:09:19+0700,DPS-MEL,DPS,MEL,2026-11-23,2026-12-07,economy,9097897,IDR,Jetstar,14:55,23:35,0,340,,,google-flights,ok,
2026-09-26 05:09:19+0700,DPS-MEL,DPS,MEL,2026-12-01,2026-12-15,economy,9664811,IDR,Jetstar,20:20,04:55,0,335,,,google-flights,ok,
2026-09-26 05:09:19+0700,DPS-MEL,DPS,MEL,2026-12-09,2026-12-23,economy,11763782,IDR,Virgin Australia,23:20,16:50,2,530,,,google-flights,ok,
2026-09-26 05:09:19+0700,DPS-MEL,DPS,MEL,2026-12-17,2026-12-31,economy,8555811,IDR,Jetstar,14:55,23:35,0,340,,,google-flights,ok,
2026-09-26 05:09:19+0700,DPS-MEL,DPS,MEL,2026-12-25,2027-01-08,economy,7828017,IDR,Jetstar,23:10,14:15,1,485,,,google-flights,ok,
2026-09-26 05:09:19+0700,DPS-MEL,DPS,MEL,2027-01-02,2027-01-16,economy,11790118,IDR,Scoot,20:00,21:20,1,605,,,google-flights,ok,
2026-09-26 05:09:19+0700,DPS-MEL,DPS,MEL,2027-01-10,2027-01-24,economy,13325810,IDR,Jetstar,11:30,20:10,0,340,,,google-flights,ok,
2026-09-26 05:09:19+0700,DPS-MEL,DPS,MEL,2027-01-18,2027-02-01,economy,10184811,IDR,Jetstar,14:55,23:35,0,340,,,google-flights,ok,
2026-09-26 05:09:19+0700,DPS-MEL,DPS,MEL,2027-01-26,2027-02-09,economy,8650587,IDR,Virgin Australia,22:00,06:40,0,340,,,google-flights,ok,
2026-09-26 05:09:19+0700,SUB-TPE,SUB,TPE,2026-09-28,2026-10-12,economy,11937680,IDR,Scoot,10:35,17:10,1,430,,,google-flights,ok,
2026-09-26 05:09:19+0700,SUB-TPE,SUB,TPE,2026-10-06,2026-10-20,economy,5035141,IDR,Scoot,19:50,05:45,1,430,,,google-flights,ok,
2026-09-26 05:09:19+0700,SUB-TPE,SUB,TPE,2026-10-14,2026-10-28,economy,5240821,IDR,Scoot,19:50,05:45,1,430,,,google-flights,ok,
2026-09-26 05:09:19+0700,SUB-TPE,SUB,TPE,2026-10-22,2026-11-05,economy,5035141,IDR,Scoot,10:35,17:10,1,430,,,google-flights,ok,
2026-09-26 05:09:19+0700,SUB-TPE,SUB,TPE,2026-10-30,2026-11-13,economy,4901449,IDR,Scoot,19:30,11:00,1,435,,,google-flights,ok,
2026-09-26 05:09:19+0700,SUB-TPE,SUB,TPE,2026-11-07,2026-11-21,economy,6397526,IDR,Scoot,09:50,05:35,1,425,,,google-flights,ok,
2026-09-26 05:09:19+0700,SUB-TPE,SUB,TPE,2026-11-15,2026-11-29,economy,7024850,IDR,Scoot,09:50,05:35,1,425,,,google-flights,ok,
2026-09-26 05:09:19+0700,SUB-TPE,SUB,TPE,2026-11-23,2026-12-07,economy,8469507,IDR,Scoot,09:50,05:35,1,425,,,google-flights,ok,
2026-09-26 05:09:19+0700,SUB-TPE,SUB,TPE,2026-12-01,2026-12-15,economy,10752554,IDR,Scoot,09:50,05:35,1,425,,,google-flights,ok,
2026-09-26 05:09:19+0700,SUB-TPE,SUB,TPE,2026-12-09,2026-12-23,economy,10516022,IDR,Scoot,19:30,05:35,1,425,,,google-flights,ok,
2026-09-26 05:09:19+0700,SUB-TPE,SUB,TPE,2026-12-17,2026-12-31,economy,13973911,IDR,Scoot,09:50,05:35,1,425,,,google-flights,ok,
2026-09-26 05:09:19+0700,SUB-TPE,SUB,TPE,2026-12-25,2027-01-08,economy,13490564,IDR,Scoot,19:30,05:35,1,425,,,google-flights,ok,
2026-09-26 05:09:19+0700,SUB-TPE,SUB,TPE,2027-01-02,2027-01-16,economy,5035141,IDR,Scoot,19:30,11:00,1,435,,,google-flights,ok,
2026-09-26 05:09:19+0700,SUB-TPE,SUB,TPE,2027-01-10,2027-01-24,economy,5852474,IDR,Scoot,19:30,05:35,1,425,,,google-flights,ok,
2026-09-26 05:09:19+0700,SUB-TPE,SUB,TPE,2027-01-18,2027-02-01,economy,6058154,IDR,Scoot,09:50,11:00,1,435,,,google-flights,ok,
2026-09-26 05:09:19+0700,SUB-TPE,SUB,TPE,2027-01-26,2027-02-09,economy,6479798,IDR,Scoot,19:30,11:00,1,435,,,google-flights,ok,
2026-09-26 05:09:19+0700,SUB-TPE,SUB,TPE,2027-02-03,2027-02-17,economy,5035141,IDR,Scoot,19:30,05:35,1,425,,,google-flights,ok,
2026-09-26 05:09:19+0700,SUB-TPE,SUB,TPE,2027-02-11,2027-02-25,economy,11937680,IDR,Scoot,09:50,05:35,1,425,,,google-flights,ok,
2026-09-26 05:09:19+0700,SUB-TPE,SUB,TPE,2027-02-19,2027-03-05,economy,5035141,IDR,Scoot,19:30,11:00,1,435,,,google-flights,ok,
2026-09-26 05:09:19+0700,SUB-TPE,SUB,TPE,2027-02-27,2027-03-13,economy,10516022,IDR,Scoot,19:30,05:35,1,425,,,google-flights,ok,
2026-09-26 05:09:19+0700,SUB-TPE,SUB,TPE,2027-03-07,2027-03-21,economy,9878414,IDR,Scoot,19:30,11:00,1,435,,,google-flights,ok,
2026-09-26 05:09:19+0700,SUB-TPE,SUB,TPE,2027-03-15,2027-03-29,economy,10516022,IDR,Scoot,09:50,05:35,1,425,,,google-flights,ok,
2026-09-26 05:09:19+0700,SUB-TPE,SUB,TPE,2027-03-23,2027-04-06,economy,4738854,IDR,Scoot,19:30,11:00,1,435,,,google-flights,ok,
2026-09-26 05:09:19+0700,SUB-TPE,SUB,TPE,2027-03-31,2027-04-14,economy,6144324,IDR,Scoot,19:50,17:10,1,430,,,google-flights,ok,
2026-09-26 05:09:19+0700,SUB-TPE,SUB,TPE,2027-04-08,2027-04-22,economy,6483696,IDR,Scoot,08:35,14:15,1,430,,,google-flights,ok,
2026-09-26 05:09:19+0700,SUB-TPE,SUB,TPE,2027-04-16,2027-04-30,economy,7203576,IDR,Scoot,19:50,11:45,1,430,,,google-flights,ok,
2026-09-26 05:09:19+0700,SUB-TPE,SUB,TPE,2027-04-24,2027-05-08,economy,5326991,IDR,Scoot,19:50,17:10,1,430,,,google-flights,ok,
2026-09-26 05:09:19+0700,SUB-TPE,SUB,TPE,2027-05-02,2027-05-16,economy,5326991,IDR,Scoot,19:50,05:45,1,430,,,google-flights,ok,
2026-09-26 05:09:19+0700,SUB-TPE,SUB,TPE,2027-05-10,2027-05-24,economy,7111020,IDR,Scoot,10:35,17:10,1,430,,,google-flights,ok,
2026-09-26 05:09:19+0700,SUB-TPE,SUB,TPE,2027-05-18,2027-06-01,economy,4576259,IDR,Scoot,19:50,17:10,1,430,,,google-flights,ok,
2026-09-26 05:09:19+0700,SUB-TPE,SUB,TPE,2027-05-26,2027-06-09,economy,5121311,IDR,Scoot,19:50,11:45,1,430,,,google-flights,ok,
2026-09-26 05:09:19+0700,SUB-TPE,SUB,TPE,2027-06-03,2027-06-17,economy,5666363,IDR,Scoot,08:35,05:45,1,430,,,google-flights,ok,
2026-09-26 05:09:19+0700,SUB-TPE,SUB,TPE,2027-06-11,2027-06-25,economy,5121311,IDR,Scoot,19:50,17:10,1,430,,,google-flights,ok,
2026-09-26 05:09:19+0700,SUB-TPE,SUB,TPE,2027-06-19,2027-07-03,economy,5326991,IDR,Scoot,19:50,17:10,1,430,,,google-flights,ok,
2026-09-26 05:09:19+0700,SUB-TPE,SUB,TPE,2027-06-27,2027-07-11,economy,5121311,IDR,Scoot,19:50,17:10,1,430,,,google-flights,ok,
2026-09-26 05:09:19+0700,SUB-KUL,SUB,KUL,2026-10-01,2026-10-08,economy,3800537,IDR,Indonesia AirAsia,11:20,15:00,0,160,,,google-flights,ok,
2026-09-26 05:09:19+0700,SUB-KUL,SUB,KUL,2026-10-09,2026-10-16,economy,2471704,IDR,Indonesia AirAsia,11:20,15:00,0,160,,,google-flights,ok,
2026-09-26 05:09:19+0700,SUB-KUL,SUB,KUL,2026-10-17,2026-10-24,economy,2216251,IDR,Indonesia AirAsia,17:45,21:25,0,160,,,google-flights,ok,
2026-09-26 05:09:19+0700,SUB-KUL,SUB,KUL,2026-10-25,2026-11-01,economy,2471704,IDR,Indonesia AirAsia,11:20,14:55,0,155,,,google-flights,ok,
2026-09-26 05:09:19+0700,SUB-KUL,SUB,KUL,2026-11-02,2026-11-09,economy,2318866,IDR,Indonesia AirAsia,05:00,08:35,0,155,,,google-flights,ok,
2026-09-26 05:09:19+0700,SUB-KUL,SUB,KUL,2026-11-10,2026-11-17,economy,2384477,IDR,Indonesia AirAsia,17:40,21:15,0,155,,,google-flights,ok,
2026-09-26 05:09:19+0700,SUB-KUL,SUB,KUL,2026-11-18,2026-11-25,economy,3209056,IDR,Malaysia Airlines,10:00,13:40,0,160,,,google-flights,ok,
2026-09-26 05:09:19+0700,SUB-KUL,SUB,KUL,2026-11-26,2026-12-03,economy,3434948,IDR,Malaysia Airlines,10:00,13:40,0,160,,,google-flights,ok,
2026-09-26 05:09:19+0700,SUB-KUL,SUB,KUL,2026-12-04,2026-12-11,economy,3791691,IDR,Batik Air,10:05,13:45,0,160,,,google-flights,ok,
2026-09-26 05:09:19+0700,SUB-KUL,SUB,KUL,2026-12-12,2026-12-19,economy,4582691,IDR,Malaysia Airlines,15:50,19:30,0,160,,,google-flights,ok,
2026-09-26 05:09:19+0700,SUB-KUL,SUB,KUL,2026-12-20,2026-12-27,economy,4371235,IDR,Indonesia AirAsia,05:00,08:35,0,155,,,google-flights,ok,
2026-09-26 05:09:19+0700,SUB-KUL,SUB,KUL,2026-12-28,2027-01-04,economy,4371235,IDR,Indonesia AirAsia,05:00,08:35,0,155,,,google-flights,ok,
2026-09-26 05:09:19+0700,SUB-KUL,SUB,KUL,2027-01-05,2027-01-12,economy,3271392,IDR,Indonesia AirAsia,05:00,08:35,0,155,,,google-flights,ok,
2026-09-26 05:09:19+0700,SUB-KUL,SUB,KUL,2027-01-13,2027-01-20,economy,2617953,IDR,Indonesia AirAsia,05:00,08:35,0,155,,,google-flights,ok,
2026-09-26 05:09:19+0700,SUB-KUL,SUB,KUL,2027-01-21,2027-01-28,economy,2617953,IDR,Indonesia AirAsia,05:00,08:35,0,155,,,google-flights,ok,
2026-09-26 05:09:19+0700,SUB-KUL,SUB,KUL,2027-01-29,2027-02-05,economy,4206267,IDR,Malaysia Airlines,10:00,13:40,0,160,,,google-flights,ok,
2026-09-26 05:09:19+0700,SUB-SIN,SUB,SIN,2026-10-01,2026-10-08,economy,5149263,IDR,Lion/Batik Air,07:40,15:15,1,195,,,google-flights,ok,
2026-09-26 05:09:19+0700,SUB-SIN,SUB,SIN,2026-10-09,2026-10-16,economy,4553277,IDR,Indonesia AirAsia/AirAsia,07:05,13:00,1,225,,,google-flights,ok,
2026-09-26 05:09:19+0700,SUB-SIN,SUB,SIN,2026-10-17,2026-10-24,economy,4247795,IDR,Indonesia AirAsia/AirAsia,05:05,11:35,1,230,,,google-flights,ok,
2026-09-26 05:09:19+0700,SUB-SIN,SUB,SIN,2026-10-25,2026-11-01,economy,4448330,IDR,Indonesia AirAsia/AirAsia,05:00,11:35,1,230,,,google-flights,ok,
2026-09-26 05:09:19+0700,SUB-SIN,SUB,SIN,2026-11-02,2026-11-09,economy,4375724,IDR,Indonesia AirAsia/AirAsia,13:25,20:55,1,240,,,google-flights,ok,
2026-09-26 05:09:19+0700,SUB-SIN,SUB,SIN,2026-11-10,2026-11-17,economy,4439730,IDR,Indonesia AirAsia/AirAsia,11:20,18:00,1,235,,,google-flights,ok,
2026-09-26 05:09:19+0700,SUB-SIN,SUB,SIN,2026-11-18,2026-11-25,economy,3713633,IDR,Indonesia AirAsia/AirAsia,13:25,19:40,1,240,,,google-flights,ok,
2026-09-26 05:09:19+0700,SUB-SIN,SUB,SIN,2026-11-26,2026-12-03,economy,4353613,IDR,Indonesia AirAsia/AirAsia,05:00,11:35,1,230,,,google-flights,ok,
2026-09-26 05:09:19+0700,SUB-SIN,SUB,SIN,2026-12-04,2026-12-11,economy,5886391,IDR,Indonesia AirAsia/AirAsia,05:00,11:35,1,230,,,google-flights,ok,
2026-09-26 05:09:19+0700,SUB-SIN,SUB,SIN,2026-12-12,2026-12-19,economy,6056491,IDR,Malaysia Airlines,10:00,16:40,1,235,,,google-flights,ok,
2026-09-26 05:09:19+0700,SUB-SIN,SUB,SIN,2026-12-20,2026-12-27,economy,6156491,IDR,Malaysia Airlines,10:00,16:40,1,235,,,google-flights,ok,
2026-09-26 05:09:19+0700,SUB-SIN,SUB,SIN,2026-12-28,2027-01-04,economy,,IDR,,,,,,,,,error,IndexError: list index out of range
2026-09-26 05:09:19+0700,SUB-SIN,SUB,SIN,2027-01-05,2027-01-12,economy,5549491,IDR,Malaysia Airlines,10:00,16:40,1,235,,,google-flights,ok,
2026-09-26 05:09:19+0700,SUB-SIN,SUB,SIN,2027-01-13,2027-01-20,economy,4604756,IDR,Indonesia AirAsia/AirAsia,05:00,11:35,1,230,,,google-flights,ok,
2026-09-26 05:09:19+0700,SUB-SIN,SUB,SIN,2027-01-21,2027-01-28,economy,4604756,IDR,Indonesia AirAsia/AirAsia,05:00,11:35,1,230,,,google-flights,ok,
2026-09-26 05:09:19+0700,SUB-SIN,SUB,SIN,2027-01-29,2027-02-05,economy,,IDR,,,,,,,,,error,IndexError: list index out of range
2026-09-26 08:08:04+0700,DPS-MEL,DPS,MEL,2026-09-29,2026-10-13,economy,,IDR,,,,,,,,,error,IndexError: list index out of range
2026-09-26 08:08:04+0700,DPS-MEL,DPS,MEL,2026-10-07,2026-10-21,economy,,IDR,,,,,,,,,error,IndexError: list index out of range
2026-09-26 08:08:04+0700,DPS-MEL,DPS,MEL,2026-10-15,2026-10-29,economy,,IDR,,,,,,,,,error,IndexError: list index out of range
2026-09-26 08:08:04+0700,DPS-MEL,DPS,MEL,2026-10-23,2026-11-06,economy,,IDR,,,,,,,,,error,IndexError: list index out of range
2026-09-26 08:08:04+0700,DPS-MEL,DPS,MEL,2026-10-31,2026-11-14,economy,10601811,IDR,Jetstar,11:30,20:10,0,340,,,google-flights,ok,
2026-09-26 08:08:04+0700,DPS-MEL,DPS,MEL,2026-11-08,2026-11-22,economy,10366113,IDR,Scoot,20:00,21:20,1,605,,,google-flights,ok,
2026-09-26 08:08:04+0700,DPS-MEL,DPS,MEL,2026-11-16,2026-11-30,economy,8797050,IDR,Virgin Australia,23:20,22:00,1,490,,,google-flights,ok,
2026-09-26 08:08:04+0700,DPS-MEL,DPS,MEL,2026-11-24,2026-12-08,economy,14997914,IDR,Scoot,16:25,12:10,1,620,,,google-flights,ok,
2026-09-26 08:08:04+0700,DPS-MEL,DPS,MEL,2026-12-02,2026-12-16,economy,10551811,IDR,Jetstar,14:55,23:35,0,340,,,google-flights,ok,
2026-09-26 08:08:04+0700,DPS-MEL,DPS,MEL,2026-12-10,2026-12-24,economy,12463208,IDR,Jetstar,11:30,20:10,0,340,,,google-flights,ok,
2026-09-26 08:08:04+0700,DPS-MEL,DPS,MEL,2026-12-18,2027-01-01,economy,8455361,IDR,Jetstar,14:55,23:35,0,340,,,google-flights,ok,
2026-09-26 08:08:04+0700,DPS-MEL,DPS,MEL,2026-12-26,2027-01-09,economy,6482811,IDR,Jetstar,14:55,23:35,0,340,,,google-flights,ok,
2026-09-26 08:08:04+0700,DPS-MEL,DPS,MEL,2027-01-03,2027-01-17,economy,11790118,IDR,Scoot,20:00,21:20,1,605,,,google-flights,ok,
2026-09-26 08:08:04+0700,DPS-MEL,DPS,MEL,2027-01-11,2027-01-25,economy,11752663,IDR,Virgin Australia,22:00,06:40,0,340,,,google-flights,ok,
2026-09-26 08:08:04+0700,DPS-MEL,DPS,MEL,2027-01-19,2027-02-02,economy,8934811,IDR,Jetstar,11:30,20:10,0,340,,,google-flights,ok,
2026-09-26 08:08:04+0700,DPS-MEL,DPS,MEL,2027-01-27,2027-02-10,economy,7942663,IDR,Virgin Australia,15:50,00:30,0,340,,,google-flights,ok,
2026-09-26 08:08:04+0700,SUB-TPE,SUB,TPE,2026-09-29,2026-10-13,economy,13763335,IDR,Scoot,19:50,05:45,1,430,,,google-flights,ok,
2026-09-26 08:08:04+0700,SUB-TPE,SUB,TPE,2026-10-07,2026-10-21,economy,6058154,IDR,Scoot,10:35,11:45,1,430,,,google-flights,ok,
2026-09-26 08:08:04+0700,SUB-TPE,SUB,TPE,2026-10-15,2026-10-29,economy,5035141,IDR,Scoot,10:35,17:10,1,430,,,google-flights,ok,
2026-09-26 08:08:04+0700,SUB-TPE,SUB,TPE,2026-10-23,2026-11-06,economy,5852474,IDR,Scoot,19:50,05:45,1,430,,,google-flights,ok,
2026-09-26 08:08:04+0700,SUB-TPE,SUB,TPE,2026-10-31,2026-11-14,economy,4490089,IDR,Scoot,19:30,05:35,1,425,,,google-flights,ok,
2026-09-26 08:08:04+0700,SUB-TPE,SUB,TPE,2026-11-08,2026-11-22,economy,5240821,IDR,Scoot,19:30,05:35,1,425,,,google-flights,ok,
2026-09-26 08:08:04+0700,SUB-TPE,SUB,TPE,2026-11-16,2026-11-30,economy,9251090,IDR,Scoot,09:50,05:35,1,425,,,google-flights,ok,
2026-09-26 08:08:04+0700,SUB-TPE,SUB,TPE,2026-11-24,2026-12-08,economy,7842183,IDR,Scoot,09:50,05:35,1,425,,,google-flights,ok,
2026-09-26 08:08:04+0700,SUB-TPE,SUB,TPE,2026-12-02,2026-12-16,economy,8479791,IDR,Scoot,19:30,05:35,1,425,,,google-flights,ok,
2026-09-26 08:08:04+0700,SUB-TPE,SUB,TPE,2026-12-10,2026-12-24,economy,12161461,IDR,Scoot,09:50,05:35,1,425,,,google-flights,ok,
2026-09-26 08:08:04+0700,SUB-TPE,SUB,TPE,2026-12-18,2027-01-01,economy,13202612,IDR,Scoot,19:30,05:35,1,425,,,google-flights,ok,
2026-09-26 08:08:04+0700,SUB-TPE,SUB,TPE,2026-12-26,2027-01-09,economy,12863240,IDR,Scoot,19:30,05:35,1,425,,,google-flights,ok,
2026-09-26 08:08:04+0700,SUB-TPE,SUB,TPE,2027-01-03,2027-01-17,economy,5035141,IDR,Scoot,19:30,11:00,1,435,,,google-flights,ok,
2026-09-26 08:08:04+0700,SUB-TPE,SUB,TPE,2027-01-11,2027-01-25,economy,5240821,IDR,Scoot,09:50,11:00,1,435,,,google-flights,ok,
2026-09-26 08:08:04+0700,SUB-TPE,SUB,TPE,2027-01-19,2027-02-02,economy,6685478,IDR,Scoot,09:50,05:35,1,425,,,google-flights,ok,
2026-09-26 08:08:04+0700,SUB-TPE,SUB,TPE,2027-01-27,2027-02-10,economy,6479798,IDR,Scoot,19:30,05:35,1,425,,,google-flights,ok,
2026-09-26 08:08:04+0700,SUB-TPE,SUB,TPE,2027-02-04,2027-02-18,economy,8479791,IDR,Scoot,09:50,05:35,1,425,,,google-flights,ok,
2026-09-26 08:08:04+0700,SUB-TPE,SUB,TPE,2027-02-12,2027-02-26,economy,12565004,IDR,Scoot,19:30,05:35,1,425,,,google-flights,ok,
2026-09-26 08:08:04+0700,SUB-TPE,SUB,TPE,2027-02-20,2027-03-06,economy,5240821,IDR,Scoot,09:50,13:10,1,425,,,google-flights,ok,
2026-09-26 08:08:04+0700,SUB-TPE,SUB,TPE,2027-02-28,2027-03-14,economy,10516022,IDR,Scoot,19:30,05:35,1,425,,,google-flights,ok,
2026-09-26 08:08:04+0700,SUB-TPE,SUB,TPE,2027-03-08,2027-03-22,economy,9307897,IDR,Scoot,09:50,05:35,1,425,,,google-flights,ok,
2026-09-26 08:08:04+0700,SUB-TPE,SUB,TPE,2027-03-16,2027-03-30,economy,5580193,IDR,Scoot,09:50,13:10,1,425,,,google-flights,ok,
2026-09-26 08:08:04+0700,SUB-TPE,SUB,TPE,2027-03-24,2027-04-07,economy,5078226,IDR,Scoot,19:30,13:10,1,425,,,google-flights,ok,
2026-09-26 08:08:04+0700,SUB-TPE,SUB,TPE,2027-04-01,2027-04-15,economy,7301029,IDR,Scoot,08:35,14:15,1,430,,,google-flights,ok,
2026-09-26 08:08:04+0700,SUB-TPE,SUB,TPE,2027-04-09,2027-04-23,economy,5938644,IDR,Scoot,19:50,11:45,1,430,,,google-flights,ok,
2026-09-26 08:08:04+0700,SUB-TPE,SUB,TPE,2027-04-17,2027-05-01,economy,5326991,IDR,Scoot,19:50,17:10,1,430,,,google-flights,ok,
2026-09-26 08:08:04+0700,SUB-TPE,SUB,TPE,2027-04-25,2027-05-09,economy,5666363,IDR,Scoot,19:50,05:45,1,430,,,google-flights,ok,
2026-09-26 08:08:04+0700,SUB-TPE,SUB,TPE,2027-05-03,2027-05-17,economy,7301029,IDR,Scoot,10:35,11:45,1,430,,,google-flights,ok,
2026-09-26 08:08:04+0700,SUB-TPE,SUB,TPE,2027-05-11,2027-05-25,economy,4576259,IDR,Scoot,19:50,17:10,1,430,,,google-flights,ok,
2026-09-26 08:08:04+0700,SUB-TPE,SUB,TPE,2027-05-19,2027-06-02,economy,4781939,IDR,Scoot,19:50,17:10,1,430,,,google-flights,ok,
2026-09-26 08:08:04+0700,SUB-TPE,SUB,TPE,2027-05-27,2027-06-10,economy,6483696,IDR,Scoot,08:35,05:45,1,430,,,google-flights,ok,
2026-09-26 08:08:04+0700,SUB-TPE,SUB,TPE,2027-06-04,2027-06-18,economy,5121311,IDR,Scoot,19:50,05:45,1,430,,,google-flights,ok,
2026-09-26 08:08:04+0700,SUB-TPE,SUB,TPE,2027-06-12,2027-06-26,economy,5666363,IDR,Scoot,19:50,17:10,1,430,,,google-flights,ok,
2026-09-26 08:08:04+0700,SUB-TPE,SUB,TPE,2027-06-20,2027-07-04,economy,5326991,IDR,Scoot,19:50,17:10,1,430,,,google-flights,ok,
2026-09-26 08:08:04+0700,SUB-TPE,SUB,TPE,2027-06-28,2027-07-12,economy,6144324,IDR,Scoot,10:35,14:15,1,430,,,google-flights,ok,
2026-09-26 08:08:04+0700,SUB-KUL,SUB,KUL,2026-10-02,2026-10-09,economy,3383582,IDR,Indonesia AirAsia,11:20,15:00,0,160,,,google-flights,ok,
2026-09-26 08:08:04+0700,SUB-KUL,SUB,KUL,2026-10-10,2026-10-17,economy,3870880,IDR,Batik Air,05:05,13:10,1,220,,,google-flights,ok,
2026-09-26 08:08:04+0700,SUB-KUL,SUB,KUL,2026-10-18,2026-10-25,economy,2384477,IDR,Indonesia AirAsia,17:45,21:25,0,160,,,google-flights,ok,
2026-09-26 08:08:04+0700,SUB-KUL,SUB,KUL,2026-10-26,2026-11-02,economy,,IDR,,,,,,,,,error,IndexError: list index out of range
2026-09-26 08:08:04+0700,SUB-KUL,SUB,KUL,2026-11-03,2026-11-10,economy,3209056,IDR,Malaysia Airlines,18:05,21:45,0,160,,,google-flights,ok,
2026-09-26 08:08:04+0700,SUB-KUL,SUB,KUL,2026-11-11,2026-11-18,economy,2869690,IDR,Indonesia AirAsia,11:20,14:55,0,155,,,google-flights,ok,
2026-09-26 08:08:04+0700,SUB-KUL,SUB,KUL,2026-11-19,2026-11-26,economy,2216251,IDR,Indonesia AirAsia,05:00,08:35,0,155,,,google-flights,ok,
2026-09-26 08:08:04+0700,SUB-KUL,SUB,KUL,2026-11-27,2026-12-04,economy,3262057,IDR,Indonesia AirAsia,05:00,08:35,0,155,,,google-flights,ok,
2026-09-26 08:08:04+0700,SUB-KUL,SUB,KUL,2026-12-05,2026-12-12,economy,4184083,IDR,Malaysia Airlines,10:00,13:40,0,160,,,google-flights,ok,
2026-09-26 08:08:04+0700,SUB-KUL,SUB,KUL,2026-12-13,2026-12-20,economy,3058112,IDR,Indonesia AirAsia,05:00,08:35,0,155,,,google-flights,ok,
2026-09-26 08:08:04+0700,SUB-KUL,SUB,KUL,2026-12-21,2026-12-28,economy,4371235,IDR,Indonesia AirAsia,05:00,08:35,0,155,,,google-flights,ok,
2026-09-26 08:08:04+0700,SUB-KUL,SUB,KUL,2026-12-29,2027-01-05,economy,4120045,IDR,Indonesia AirAsia,05:00,08:35,0,155,,,google-flights,ok,
2026-09-26 08:08:04+0700,SUB-KUL,SUB,KUL,2027-01-06,2027-01-13,economy,3271392,IDR,Indonesia AirAsia,05:00,08:35,0,155,,,google-flights,ok,
2026-09-26 08:08:04+0700,SUB-KUL,SUB,KUL,2027-01-14,2027-01-21,economy,2617953,IDR,Indonesia AirAsia,05:00,08:35,0,155,,,google-flights,ok,
2026-09-26 08:08:04+0700,SUB-KUL,SUB,KUL,2027-01-22,2027-01-29,economy,2617953,IDR,Indonesia AirAsia,05:00,08:35,0,155,,,google-flights,ok,
2026-09-26 08:08:04+0700,SUB-KUL,SUB,KUL,2027-01-30,2027-02-06,economy,3037369,IDR,Indonesia AirAsia,05:00,08:35,0,155,,,google-flights,ok,
2026-09-26 08:08:04+0700,SUB-SIN,SUB,SIN,2026-10-02,2026-10-09,economy,4400398,IDR,Lion/Batik Air,07:40,15:15,1,195,,,google-flights,ok,
2026-09-26 08:08:04+0700,SUB-SIN,SUB,SIN,2026-10-10,2026-10-17,economy,4358341,IDR,Indonesia AirAsia/AirAsia,05:05,11:35,1,230,,,google-flights,ok,
2026-09-26 08:08:04+0700,SUB-SIN,SUB,SIN,2026-10-18,2026-10-25,economy,4273876,IDR,Indonesia AirAsia/AirAsia,05:05,11:35,1,230,,,google-flights,ok,
2026-09-26 08:08:04+0700,SUB-SIN,SUB,SIN,2026-10-26,2026-11-02,economy,4045114,IDR,"Pelita Air Service, Pt",18:25,10:45,1,205,,,google-flights,ok,
2026-09-26 08:08:04+0700,SUB-SIN,SUB,SIN,2026-11-03,2026-11-10,economy,4203054,IDR,Indonesia AirAsia/AirAsia,05:00,11:35,1,230,,,google-flights,ok,
2026-09-26 08:08:04+0700,SUB-SIN,SUB,SIN,2026-11-11,2026-11-18,economy,4203054,IDR,Indonesia AirAsia/AirAsia,05:00,11:35,1,230,,,google-flights,ok,
2026-09-26 08:08:04+0700,SUB-SIN,SUB,SIN,2026-11-19,2026-11-26,economy,4628491,IDR,Malaysia Airlines,10:00,16:40,1,235,,,google-flights,ok,
2026-09-26 08:08:04+0700,SUB-SIN,SUB,SIN,2026-11-27,2026-12-04,economy,4567416,IDR,"Pelita Air Service, Pt",18:25,10:45,1,205,,,google-flights,ok,
2026-09-26 08:08:04+0700,SUB-SIN,SUB,SIN,2026-12-05,2026-12-12,economy,4567416,IDR,"Pelita Air Service, Pt",18:25,10:45,1,205,,,google-flights,ok,
2026-09-26 08:08:04+0700,SUB-SIN,SUB,SIN,2026-12-13,2026-12-20,economy,5549491,IDR,Malaysia Airlines,18:05,09:05,1,235,,,google-flights,ok,
2026-09-26 08:08:04+0700,SUB-SIN,SUB,SIN,2026-12-21,2026-12-28,economy,5826674,IDR,Malaysia Airlines,18:05,00:30,1,230,,,google-flights,ok,
2026-09-26 08:08:04+0700,SUB-SIN,SUB,SIN,2026-12-29,2027-01-05,economy,5871491,IDR,Malaysia Airlines,18:05,00:30,1,230,,,google-flights,ok,
2026-09-26 08:08:04+0700,SUB-SIN,SUB,SIN,2027-01-06,2027-01-13,economy,5549491,IDR,Malaysia Airlines,10:00,16:40,1,235,,,google-flights,ok,
2026-09-26 08:08:04+0700,SUB-SIN,SUB,SIN,2027-01-14,2027-01-21,economy,4628491,IDR,Malaysia Airlines,10:00,16:40,1,235,,,google-flights,ok,
2026-09-26 08:08:04+0700,SUB-SIN,SUB,SIN,2027-01-22,2027-01-29,economy,4628491,IDR,Malaysia Airlines,18:05,00:30,1,230,,,google-flights,ok,
2026-09-26 08:08:04+0700,SUB-SIN,SUB,SIN,2027-01-30,2027-02-06,economy,,IDR,,,,,,,,,error,IndexError: list index out of range
2026-09-26 11:09:07+0700,DPS-MEL,DPS,MEL,2026-09-30,2026-10-14,economy,,IDR,,,,,,,,,error,IndexError: list index out of range
2026-09-26 11:09:07+0700,DPS-MEL,DPS,MEL,2026-10-08,2026-10-22,economy,,IDR,,,,,,,,,error,IndexError: list index out of range
2026-09-26 11:09:07+0700,DPS-MEL,DPS,MEL,2026-10-16,2026-10-30,economy,,IDR,,,,,,,,,error,IndexError: list index out of range
2026-09-26 11:09:07+0700,DPS-MEL,DPS,MEL,2026-10-24,2026-11-07,economy,,IDR,,,,,,,,,error,IndexError: list index out of range
2026-09-26 11:09:07+0700,DPS-MEL,DPS,MEL,2026-11-01,2026-11-15,economy,12473811,IDR,Jetstar,11:30,20:10,0,340,,,google-flights,ok,
2026-09-26 11:09:07+0700,DPS-MEL,DPS,MEL,2026-11-09,2026-11-23,economy,10853682,IDR,Virgin Australia,23:20,20:10,2,530,,,google-flights,ok,
2026-09-26 11:09:07+0700,DPS-MEL,DPS,MEL,2026-11-17,2026-12-01,economy,9713811,IDR,Jetstar,14:55,23:35,0,340,,,google-flights,ok,
2026-09-26 11:09:07+0700,DPS-MEL,DPS,MEL,2026-11-25,2026-12-09,economy,9045442,IDR,Jetstar,14:55,23:35,0,340,,,google-flights,ok,
2026-09-26 11:09:07+0700,DPS-MEL,DPS,MEL,2026-12-03,2026-12-17,economy,12201282,IDR,Virgin Australia,22:30,12:35,1,465,,,google-flights,ok,
2026-09-26 11:09:07+0700,DPS-MEL,DPS,MEL,2026-12-11,2026-12-25,economy,12089208,IDR,Jetstar,11:30,20:10,0,340,,,google-flights,ok,
2026-09-26 11:09:07+0700,DPS-MEL,DPS,MEL,2026-12-19,2027-01-02,economy,7965811,IDR,Jetstar,11:30,20:10,0,340,,,google-flights,ok,
2026-09-26 11:09:07+0700,DPS-MEL,DPS,MEL,2026-12-27,2027-01-10,economy,7606811,IDR,Jetstar,14:55,23:35,0,340,,,google-flights,ok,
2026-09-26 11:09:07+0700,DPS-MEL,DPS,MEL,2027-01-04,2027-01-18,economy,12148811,IDR,Jetstar,14:55,23:35,0,340,,,google-flights,ok,
2026-09-26 11:09:07+0700,DPS-MEL,DPS,MEL,2027-01-12,2027-01-26,economy,10199811,IDR,Jetstar,20:20,04:55,0,335,,,google-flights,ok,
2026-09-26 11:09:07+0700,DPS-MEL,DPS,MEL,2027-01-20,2027-02-03,economy,9335663,IDR,Virgin Australia,15:50,00:30,0,340,,,google-flights,ok,
2026-09-26 11:09:07+0700,DPS-MEL,DPS,MEL,2027-01-28,2027-02-11,economy,8181811,IDR,Jetstar,11:30,20:10,0,340,,,google-flights,ok,
2026-09-26 11:09:07+0700,SUB-TPE,SUB,TPE,2026-09-30,2026-10-14,economy,8762845,IDR,Scoot,19:50,17:10,1,430,,,google-flights,ok,
2026-09-26 11:09:07+0700,SUB-TPE,SUB,TPE,2026-10-08,2026-10-22,economy,6397526,IDR,Scoot,10:35,14:15,1,430,,,google-flights,ok,
2026-09-26 11:09:07+0700,SUB-TPE,SUB,TPE,2026-10-16,2026-10-30,economy,4901449,IDR,Scoot,19:50,17:10,1,430,,,google-flights,ok,
2026-09-26 11:09:07+0700,SUB-TPE,SUB,TPE,2026-10-24,2026-11-07,economy,4695769,IDR,Scoot,19:50,11:00,1,425,,,google-flights,ok,
2026-09-26 11:09:07+0700,SUB-TPE,SUB,TPE,2026-11-01,2026-11-15,economy,5580193,IDR,Scoot,19:30,05:35,1,425,,,google-flights,ok,
2026-09-26 11:09:07+0700,SUB-TPE,SUB,TPE,2026-11-09,2026-11-23,economy,,IDR,,,,,,,,,error,TypeError: 'NoneType' object is not subscriptable
2026-09-26 11:09:07+0700,SUB-TPE,SUB,TPE,2026-11-17,2026-12-01,economy,6397526,IDR,Scoot,19:30,05:35,1,425,,,google-flights,ok,
2026-09-26 11:09:07+0700,SUB-TPE,SUB,TPE,2026-11-25,2026-12-09,economy,5580193,IDR,Scoot,19:30,05:35,1,425,,,google-flights,ok,
2026-09-26 11:09:07+0700,SUB-TPE,SUB,TPE,2026-12-03,2026-12-17,economy,10516022,IDR,Scoot,09:50,05:35,1,425,,,google-flights,ok,
2026-09-26 11:09:07+0700,SUB-TPE,SUB,TPE,2026-12-11,2026-12-25,economy,13202612,IDR,Scoot,19:30,05:35,1,425,,,google-flights,ok,
2026-09-26 11:09:07+0700,SUB-TPE,SUB,TPE,2026-12-19,2027-01-02,economy,16660501,IDR,Scoot,19:30,05:35,1,425,,,google-flights,ok,
2026-09-26 11:09:07+0700,SUB-TPE,SUB,TPE,2026-12-27,2027-01-10,economy,9307897,IDR,Scoot,19:30,11:00,1,435,,,google-flights,ok,
2026-09-26 11:09:07+0700,SUB-TPE,SUB,TPE,2027-01-04,2027-01-18,economy,6058154,IDR,Scoot,09:50,11:00,1,435,,,google-flights,ok,
2026-09-26 11:09:07+0700,SUB-TPE,SUB,TPE,2027-01-12,2027-01-26,economy,5035141,IDR,Scoot,19:30,05:35,1,425,,,google-flights,ok,
2026-09-26 11:09:07+0700,SUB-TPE,SUB,TPE,2027-01-20,2027-02-03,economy,7888705,IDR,Scoot,19:30,05:35,1,425,,,google-flights,ok,
2026-09-26 11:09:07+0700,SUB-TPE,SUB,TPE,2027-01-28,2027-02-11,economy,6058154,IDR,Scoot,09:50,11:00,1,435,,,google-flights,ok,
2026-09-26 11:09:07+0700,SUB-TPE,SUB,TPE,2027-02-05,2027-02-19,economy,8479791,IDR,Scoot,19:30,05:35,1,425,,,google-flights,ok,
2026-09-26 11:09:07+0700,SUB-TPE,SUB,TPE,2027-02-13,2027-02-27,economy,12565004,IDR,Scoot,19:30,05:35,1,425,,,google-flights,ok,
2026-09-26 11:09:07+0700,SUB-TPE,SUB,TPE,2027-02-21,2027-03-07,economy,5035141,IDR,Scoot,19:30,11:00,1,435,,,google-flights,ok,
2026-09-26 11:09:07+0700,SUB-TPE,SUB,TPE,2027-03-01,2027-03-15,economy,9878414,IDR,Scoot,09:50,11:00,1,435,,,google-flights,ok,
2026-09-26 11:09:07+0700,SUB-TPE,SUB,TPE,2027-03-09,2027-03-23,economy,8094385,IDR,Scoot,19:30,11:00,1,435,,,google-flights,ok,
2026-09-26 11:09:07+0700,SUB-TPE,SUB,TPE,2027-03-17,2027-03-31,economy,5852474,IDR,Scoot,19:30,13:10,1,425,,,google-flights,ok,
2026-09-26 11:09:07+0700,SUB-TPE,SUB,TPE,2027-03-25,2027-04-08,economy,7885268,IDR,Scoot,09:50,11:00,1,435,,,google-flights,ok,
2026-09-26 11:09:07+0700,SUB-TPE,SUB,TPE,2027-04-02,2027-04-16,economy,5938644,IDR,Scoot,19:50,17:10,1,430,,,google-flights,ok,
2026-09-26 11:09:07+0700,SUB-TPE,SUB,TPE,2027-04-10,2027-04-24,economy,6144324,IDR,Scoot,19:50,17:10,1,430,,,google-flights,ok,
2026-09-26 11:09:07+0700,SUB-TPE,SUB,TPE,2027-04-18,2027-05-02,economy,5666363,IDR,Scoot,19:50,05:45,1,430,,,google-flights,ok,
2026-09-26 11:09:07+0700,SUB-TPE,SUB,TPE,2027-04-26,2027-05-10,economy,4987619,IDR,Scoot,10:35,17:10,1,430,,,google-flights,ok,
2026-09-26 11:09:07+0700,SUB-TPE,SUB,TPE,2027-05-04,2027-05-18,economy,4781939,IDR,Scoot,19:50,17:10,1,430,,,google-flights,ok,
2026-09-26 11:09:07+0700,SUB-TPE,SUB,TPE,2027-05-12,2027-05-26,economy,4576259,IDR,Scoot,19:50,17:10,1,430,,,google-flights,ok,
2026-09-26 11:09:07+0700,SUB-TPE,SUB,TPE,2027-05-20,2027-06-03,economy,6483696,IDR,Scoot,08:35,05:45,1,430,,,google-flights,ok,
2026-09-26 11:09:07+0700,SUB-TPE,SUB,TPE,2027-05-28,2027-06-11,economy,5121311,IDR,Scoot,19:50,11:45,1,430,,,google-flights,ok,
2026-09-26 11:09:07+0700,SUB-TPE,SUB,TPE,2027-06-05,2027-06-19,economy,5326991,IDR,Scoot,19:50,17:10,1,430,,,google-flights,ok,
2026-09-26 11:09:07+0700,SUB-TPE,SUB,TPE,2027-06-13,2027-06-27,economy,5666363,IDR,Scoot,19:50,05:45,1,430,,,google-flights,ok,
2026-09-26 11:09:07+0700,SUB-TPE,SUB,TPE,2027-06-21,2027-07-05,economy,6144324,IDR,Scoot,10:35,17:10,1,430,,,google-flights,ok,
2026-09-26 11:09:07+0700,SUB-TPE,SUB,TPE,2027-06-29,2027-07-13,economy,4576259,IDR,Scoot,19:50,17:10,1,430,,,google-flights,ok,
2026-09-26 11:09:07+0700,SUB-KUL,SUB,KUL,2026-10-03,2026-10-10,economy,3895880,IDR,Batik Air,05:05,13:10,1,220,,,google-flights,ok,
2026-09-26 11:09:07+0700,SUB-KUL,SUB,KUL,2026-10-11,2026-10-18,economy,4537880,IDR,Batik Air,05:05,13:10,1,220,,,google-flights,ok,
2026-09-26 11:09:07+0700,SUB-KUL,SUB,KUL,2026-10-19,2026-10-26,economy,2216251,IDR,Indonesia AirAsia,07:05,10:45,0,160,,,google-flights,ok,
2026-09-26 11:09:07+0700,SUB-KUL,SUB,KUL,2026-10-27,2026-11-03,economy,3209056,IDR,Malaysia Airlines,10:00,13:40,0,160,,,google-flights,ok,
2026-09-26 11:09:07+0700,SUB-KUL,SUB,KUL,2026-11-04,2026-11-11,economy,2384477,IDR,Indonesia AirAsia,11:20,14:55,0,155,,,google-flights,ok,
2026-09-26 11:09:07+0700,SUB-KUL,SUB,KUL,2026-11-12,2026-11-19,economy,3209056,IDR,Malaysia Airlines,10:00,13:40,0,160,,,google-flights,ok,
2026-09-26 11:09:07+0700,SUB-KUL,SUB,KUL,2026-11-20,2026-11-27,economy,3174830,IDR,Indonesia AirAsia,05:00,08:35,0,155,,,google-flights,ok,
2026-09-26 11:09:07+0700,SUB-KUL,SUB,KUL,2026-11-28,2026-12-05,economy,3692207,IDR,Malaysia Airlines,15:50,19:30,0,160,,,google-flights,ok,
2026-09-26 11:09:07+0700,SUB-KUL,SUB,KUL,2026-12-06,2026-12-13,economy,2617953,IDR,Indonesia AirAsia,05:00,08:35,0,155,,,google-flights,ok,
2026-09-26 11:09:07+0700,SUB-KUL,SUB,KUL,2026-12-14,2026-12-21,economy,4582691,IDR,Malaysia Airlines,10:00,13:40,0,160,,,google-flights,ok,
2026-09-26 11:09:07+0700,SUB-KUL,SUB,KUL,2026-12-22,2026-12-29,economy,4371235,IDR,Indonesia AirAsia,05:00,08:35,0,155,,,google-flights,ok,
2026-09-26 11:09:07+0700,SUB-KUL,SUB,KUL,2026-12-30,2027-01-06,economy,4318755,IDR,Scoot,19:30,05:55,1,220,,,google-flights,ok,
2026-09-26 11:09:07+0700,SUB-KUL,SUB,KUL,2027-01-07,2027-01-14,economy,3271392,IDR,Indonesia AirAsia,05:00,08:35,0,155,,,google-flights,ok,
2026-09-26 11:09:07+0700,SUB-KUL,SUB,KUL,2027-01-15,2027-01-22,economy,2617953,IDR,Indonesia AirAsia,05:00,08:35,0,155,,,google-flights,ok,
2026-09-26 11:09:07+0700,SUB-KUL,SUB,KUL,2027-01-23,2027-01-30,economy,2617953,IDR,Indonesia AirAsia,05:00,08:35,0,155,,,google-flights,ok,
2026-09-26 11:09:07+0700,SUB-KUL,SUB,KUL,2027-01-31,2027-02-07,economy,4197582,IDR,Malaysia Airlines,10:00,13:40,0,160,,,google-flights,ok,
2026-09-26 11:09:07+0700,SUB-SIN,SUB,SIN,2026-10-03,2026-10-10,economy,4974160,IDR,Lion/Batik Air,06:30,13:45,1,195,,,google-flights,ok,
2026-09-26 11:09:07+0700,SUB-SIN,SUB,SIN,2026-10-11,2026-10-18,economy,4238139,IDR,Lion/Batik Air,06:30,15:15,1,195,,,google-flights,ok,
2026-09-26 11:09:07+0700,SUB-SIN,SUB,SIN,2026-10-19,2026-10-26,economy,4507352,IDR,Indonesia AirAsia/AirAsia,07:05,13:00,1,225,,,google-flights,ok,
2026-09-26 11:09:07+0700,SUB-SIN,SUB,SIN,2026-10-27,2026-11-03,economy,3545425,IDR,Indonesia AirAsia/AirAsia,13:25,19:40,1,240,,,google-flights,ok,
2026-09-26 11:09:07+0700,SUB-SIN,SUB,SIN,2026-11-04,2026-11-11,economy,4056805,IDR,Indonesia AirAsia/AirAsia,05:00,11:35,1,230,,,google-flights,ok,
2026-09-26 11:09:07+0700,SUB-SIN,SUB,SIN,2026-11-12,2026-11-19,economy,3923892,IDR,Indonesia AirAsia/AirAsia,11:20,18:00,1,235,,,google-flights,ok,
2026-09-26 11:09:07+0700,SUB-SIN,SUB,SIN,2026-11-20,2026-11-27,economy,4567416,IDR,"Pelita Air Service, Pt",18:25,10:45,1,205,,,google-flights,ok,
2026-09-26 11:09:07+0700,SUB-SIN,SUB,SIN,2026-11-28,2026-12-05,economy,4567416,IDR,"Pelita Air Service, Pt",18:25,10:45,1,205,,,google-flights,ok,
2026-09-26 11:09:07+0700,SUB-SIN,SUB,SIN,2026-12-06,2026-12-13,economy,4567416,IDR,"Pelita Air Service, Pt",18:25,10:45,1,205,,,google-flights,ok,
2026-09-26 11:09:07+0700,SUB-SIN,SUB,SIN,2026-12-14,2026-12-21,economy,5549491,IDR,Malaysia Airlines,18:05,09:05,1,235,,,google-flights,ok,
2026-09-26 11:09:07+0700,SUB-SIN,SUB,SIN,2026-12-22,2026-12-29,economy,5549491,IDR,Malaysia Airlines,10:00,16:40,1,235,,,google-flights,ok,
2026-09-26 11:09:07+0700,SUB-SIN,SUB,SIN,2026-12-30,2027-01-06,economy,5871491,IDR,Malaysia Airlines,15:50,00:30,1,230,,,google-flights,ok,
2026-09-26 11:09:07+0700,SUB-SIN,SUB,SIN,2027-01-07,2027-01-14,economy,5549491,IDR,Malaysia Airlines,10:00,16:40,1,235,,,google-flights,ok,
2026-09-26 11:09:07+0700,SUB-SIN,SUB,SIN,2027-01-15,2027-01-22,economy,4628491,IDR,Malaysia Airlines,18:05,00:30,1,230,,,google-flights,ok,
2026-09-26 11:09:07+0700,SUB-SIN,SUB,SIN,2027-01-23,2027-01-30,economy,,IDR,,,,,,,,,error,IndexError: list index out of range
2026-09-26 11:09:07+0700,SUB-SIN,SUB,SIN,2027-01-31,2027-02-07,economy,,IDR,,,,,,,,,error,IndexError: list index out of range
2026-09-26 14:08:51+0700,DPS-MEL,DPS,MEL,2026-10-01,2026-10-15,economy,,IDR,,,,,,,,,error,IndexError: list index out of range
2026-09-26 14:08:51+0700,DPS-MEL,DPS,MEL,2026-10-09,2026-10-23,economy,,IDR,,,,,,,,,error,IndexError: list index out of range
2026-09-26 14:08:51+0700,DPS-MEL,DPS,MEL,2026-10-17,2026-10-31,economy,,IDR,,,,,,,,,error,IndexError: list index out of range
2026-09-26 14:08:51+0700,DPS-MEL,DPS,MEL,2026-10-25,2026-11-08,economy,11210811,IDR,Jetstar,14:55,23:35,0,340,,,google-flights,ok,
2026-09-26 14:08:51+0700,DPS-MEL,DPS,MEL,2026-11-02,2026-11-16,economy,11414996,IDR,Scoot,11:10,21:20,1,605,,,google-flights,ok,
2026-09-26 14:08:51+0700,DPS-MEL,DPS,MEL,2026-11-10,2026-11-24,economy,9470442,IDR,Jetstar,14:55,23:35,0,340,,,google-flights,ok,
2026-09-26 14:08:51+0700,DPS-MEL,DPS,MEL,2026-11-18,2026-12-02,economy,7514874,IDR,Scoot,16:25,21:20,1,620,,,google-flights,ok,
2026-09-26 14:08:51+0700,DPS-MEL,DPS,MEL,2026-11-26,2026-12-10,economy,9984782,IDR,Virgin Australia,15:50,00:30,0,340,,,google-flights,ok,
2026-09-26 14:08:51+0700,DPS-MEL,DPS,MEL,2026-12-04,2026-12-18,economy,12575137,IDR,Virgin Australia,15:50,00:30,0,340,,,google-flights,ok,
2026-09-26 14:08:51+0700,DPS-MEL,DPS,MEL,2026-12-12,2026-12-26,economy,14838811,IDR,Jetstar,14:55,23:35,0,340,,,google-flights,ok,
2026-09-26 14:08:51+0700,DPS-MEL,DPS,MEL,2026-12-20,2027-01-03,economy,9253951,IDR,Jetstar,20:20,04:55,0,335,,,google-flights,ok,
2026-09-26 14:08:51+0700,DPS-MEL,DPS,MEL,2026-12-28,2027-01-11,economy,8080840,IDR,Jetstar,11:30,20:10,0,340,,,google-flights,ok,
2026-09-26 14:08:51+0700,DPS-MEL,DPS,MEL,2027-01-05,2027-01-19,economy,11791865,IDR,Scoot,20:00,12:10,1,605,,,google-flights,ok,
2026-09-26 14:08:51+0700,DPS-MEL,DPS,MEL,2027-01-13,2027-01-27,economy,10924811,IDR,Jetstar,11:30,20:10,0,340,,,google-flights,ok,
2026-09-26 14:08:51+0700,DPS-MEL,DPS,MEL,2027-01-21,2027-02-04,economy,9337410,IDR,Virgin Australia,15:50,00:30,0,340,,,google-flights,ok,
2026-09-26 14:08:51+0700,DPS-MEL,DPS,MEL,2027-01-29,2027-02-12,economy,7560410,IDR,Virgin Australia,15:50,00:30,0,340,,,google-flights,ok,
2026-09-26 14:08:51+0700,SUB-TPE,SUB,TPE,2026-10-01,2026-10-15,economy,10780975,IDR,Scoot,10:35,14:15,1,430,,,google-flights,ok,
2026-09-26 14:08:51+0700,SUB-TPE,SUB,TPE,2026-10-09,2026-10-23,economy,6058154,IDR,Scoot,19:50,17:10,1,430,,,google-flights,ok,
2026-09-26 14:08:51+0700,SUB-TPE,SUB,TPE,2026-10-17,2026-10-31,economy,4695769,IDR,Scoot,19:50,05:45,1,430,,,google-flights,ok,
2026-09-26 14:08:51+0700,SUB-TPE,SUB,TPE,2026-10-25,2026-11-08,economy,7214859,IDR,Scoot,09:50,05:35,1,425,,,google-flights,ok,
2026-09-26 14:08:51+0700,SUB-TPE,SUB,TPE,2026-11-02,2026-11-16,economy,6685478,IDR,Scoot,09:50,05:35,1,425,,,google-flights,ok,
2026-09-26 14:08:51+0700,SUB-TPE,SUB,TPE,2026-11-10,2026-11-24,economy,5240821,IDR,Scoot,19:30,05:35,1,425,,,google-flights,ok,
2026-09-26 14:08:51+0700,SUB-TPE,SUB,TPE,2026-11-18,2026-12-02,economy,7024850,IDR,Scoot,09:50,05:35,1,425,,,google-flights,ok,
2026-09-26 14:08:51+0700,SUB-TPE,SUB,TPE,2026-11-26,2026-12-10,economy,8469507,IDR,Scoot,09:50,05:35,1,425,,,google-flights,ok,
2026-09-26 14:08:51+0700,SUB-TPE,SUB,TPE,2026-12-04,2026-12-18,economy,11390162,IDR,Scoot,19:30,05:35,1,425,,,google-flights,ok,
2026-09-26 14:08:51+0700,SUB-TPE,SUB,TPE,2026-12-12,2026-12-26,economy,10516022,IDR,Scoot,19:30,05:35,1,425,,,google-flights,ok,
2026-09-26 14:08:51+0700,SUB-TPE,SUB,TPE,2026-12-20,2027-01-03,economy,16660501,IDR,Scoot,19:30,05:35,1,425,,,google-flights,ok,
2026-09-26 14:08:51+0700,SUB-TPE,SUB,TPE,2026-12-28,2027-01-11,economy,10125230,IDR,Scoot,09:50,05:35,1,425,,,google-flights,ok,
2026-09-26 14:08:51+0700,SUB-TPE,SUB,TPE,2027-01-05,2027-01-19,economy,5035141,IDR,Scoot,19:30,11:00,1,435,,,google-flights,ok,
2026-09-26 14:08:51+0700,SUB-TPE,SUB,TPE,2027-01-13,2027-01-27,economy,5852474,IDR,Scoot,19:30,05:35,1,425,,,google-flights,ok,
2026-09-26 14:08:51+0700,SUB-TPE,SUB,TPE,2027-01-21,2027-02-04,economy,8968525,IDR,Scoot,09:50,11:00,1,435,,,google-flights,ok,
2026-09-26 14:08:51+0700,SUB-TPE,SUB,TPE,2027-01-29,2027-02-12,economy,4695769,IDR,Scoot,19:30,05:35,1,425,,,google-flights,ok,
2026-09-26 14:08:51+0700,SUB-TPE,SUB,TPE,2027-02-06,2027-02-20,economy,8479791,IDR,Scoot,19:30,05:35,1,425,,,google-flights,ok,
2026-09-26 14:08:51+0700,SUB-TPE,SUB,TPE,2027-02-14,2027-02-28,economy,5035141,IDR,Scoot,19:30,11:00,1,435,,,google-flights,ok,
2026-09-26 14:08:51+0700,SUB-TPE,SUB,TPE,2027-02-22,2027-03-08,economy,5580193,IDR,Scoot,09:50,13:15,1,430,,,google-flights,ok,
2026-09-26 14:08:51+0700,SUB-TPE,SUB,TPE,2027-03-02,2027-03-16,economy,9878414,IDR,Scoot,19:30,05:35,1,425,,,google-flights,ok,
2026-09-26 14:08:51+0700,SUB-TPE,SUB,TPE,2027-03-10,2027-03-24,economy,8094385,IDR,Scoot,19:30,05:35,1,425,,,google-flights,ok,
2026-09-26 14:08:51+0700,SUB-TPE,SUB,TPE,2027-03-18,2027-04-01,economy,7705543,IDR,Scoot,09:50,11:00,1,435,,,google-flights,ok,
2026-09-26 14:08:51+0700,SUB-TPE,SUB,TPE,2027-03-26,2027-04-09,economy,5895559,IDR,Scoot,19:30,17:00,1,425,,,google-flights,ok,
2026-09-26 14:08:51+0700,SUB-TPE,SUB,TPE,2027-04-03,2027-04-17,economy,6483696,IDR,Scoot,19:50,17:10,1,430,,,google-flights,ok,
2026-09-26 14:08:51+0700,SUB-TPE,SUB,TPE,2027-04-11,2027-04-25,economy,5666363,IDR,Scoot,19:50,05:45,1,430,,,google-flights,ok,
2026-09-26 14:08:51+0700,SUB-TPE,SUB,TPE,2027-04-19,2027-05-03,economy,5326991,IDR,Scoot,10:35,17:10,1,430,,,google-flights,ok,
2026-09-26 14:08:51+0700,SUB-TPE,SUB,TPE,2027-04-27,2027-05-11,economy,4545407,IDR,Scoot,19:50,05:45,1,430,,,google-flights,ok,
2026-09-26 14:08:51+0700,SUB-TPE,SUB,TPE,2027-05-05,2027-05-19,economy,5121311,IDR,Scoot,19:50,11:45,1,430,,,google-flights,ok,
2026-09-26 14:08:51+0700,SUB-TPE,SUB,TPE,2027-05-13,2027-05-27,economy,7111020,IDR,Scoot,08:35,05:45,1,430,,,google-flights,ok,
2026-09-26 14:08:51+0700,SUB-TPE,SUB,TPE,2027-05-21,2027-06-04,economy,5121311,IDR,Scoot,19:50,11:45,1,430,,,google-flights,ok,
2026-09-26 14:08:51+0700,SUB-TPE,SUB,TPE,2027-05-29,2027-06-12,economy,5121311,IDR,Scoot,19:50,17:10,1,430,,,google-flights,ok,
2026-09-26 14:08:51+0700,SUB-TPE,SUB,TPE,2027-06-06,2027-06-20,economy,5666363,IDR,Scoot,19:50,05:45,1,430,,,google-flights,ok,
2026-09-26 14:08:51+0700,SUB-TPE,SUB,TPE,2027-06-14,2027-06-28,economy,6144324,IDR,Scoot,10:35,17:10,1,430,,,google-flights,ok,
2026-09-26 14:08:51+0700,SUB-TPE,SUB,TPE,2027-06-22,2027-07-06,economy,4987619,IDR,Scoot,19:50,05:45,1,430,,,google-flights,ok,
2026-09-26 14:08:51+0700,SUB-TPE,SUB,TPE,2027-06-30,2027-07-14,economy,4781939,IDR,Scoot,19:50,11:45,1,430,,,google-flights,ok,
2026-09-26 14:08:51+0700,SUB-KUL,SUB,KUL,2026-10-04,2026-10-11,economy,3434571,IDR,Citilink Indonesia,07:35,19:10,1,230,,,google-flights,ok,
2026-09-26 14:08:51+0700,SUB-KUL,SUB,KUL,2026-10-12,2026-10-19,economy,3637880,IDR,Batik Air,05:05,13:10,1,220,,,google-flights,ok,
2026-09-26 14:08:51+0700,SUB-KUL,SUB,KUL,2026-10-20,2026-10-27,economy,2384477,IDR,Indonesia AirAsia,17:45,21:25,0,160,,,google-flights,ok,
2026-09-26 14:08:51+0700,SUB-KUL,SUB,KUL,2026-10-28,2026-11-04,economy,2070002,IDR,Indonesia AirAsia,05:00,08:35,0,155,,,google-flights,ok,
2026-09-26 14:08:51+0700,SUB-KUL,SUB,KUL,2026-11-05,2026-11-12,economy,3209056,IDR,Malaysia Airlines,10:00,13:40,0,160,,,google-flights,ok,
2026-09-26 14:08:51+0700,SUB-KUL,SUB,KUL,2026-11-13,2026-11-20,economy,3209056,IDR,Malaysia Airlines,10:00,13:40,0,160,,,google-flights,ok,
2026-09-26 14:08:51+0700,SUB-KUL,SUB,KUL,2026-11-21,2026-11-28,economy,3209056,IDR,Malaysia Airlines,10:00,13:40,0,160,,,google-flights,ok,
2026-09-26 14:08:51+0700,SUB-KUL,SUB,KUL,2026-11-29,2026-12-06,economy,2617953,IDR,Indonesia AirAsia,17:40,21:15,0,155,,,google-flights,ok,
2026-09-26 14:08:51+0700,SUB-KUL,SUB,KUL,2026-12-07,2026-12-14,economy,4184083,IDR,Malaysia Airlines,10:00,13:40,0,160,,,google-flights,ok,
2026-09-26 14:08:51+0700,SUB-KUL,SUB,KUL,2026-12-15,2026-12-22,economy,4602113,IDR,Malaysia Airlines,10:00,13:40,0,160,,,google-flights,ok,
2026-09-26 14:08:51+0700,SUB-KUL,SUB,KUL,2026-12-23,2026-12-30,economy,4371235,IDR,Indonesia AirAsia,05:00,08:35,0,155,,,google-flights,ok,
2026-09-26 14:08:51+0700,SUB-KUL,SUB,KUL,2026-12-31,2027-01-07,economy,4120045,IDR,Indonesia AirAsia,11:20,14:55,0,155,,,google-flights,ok,
2026-09-26 14:08:51+0700,SUB-KUL,SUB,KUL,2027-01-08,2027-01-15,economy,4413714,IDR,Malaysia Airlines,10:00,13:40,0,160,,,google-flights,ok,
2026-09-26 14:08:51+0700,SUB-KUL,SUB,KUL,2027-01-16,2027-01-23,economy,2617953,IDR,Indonesia AirAsia,05:00,08:35,0,155,,,google-flights,ok,
2026-09-26 14:08:51+0700,SUB-KUL,SUB,KUL,2027-01-24,2027-01-31,economy,2617953,IDR,Indonesia AirAsia,05:00,08:35,0,155,,,google-flights,ok,
2026-09-26 14:08:51+0700,SUB-KUL,SUB,KUL,2027-02-01,2027-02-08,economy,3037369,IDR,Indonesia AirAsia,05:00,08:35,0,155,,,google-flights,ok,
2026-09-26 14:08:51+0700,SUB-SIN,SUB,SIN,2026-10-04,2026-10-11,economy,5101030,IDR,Lion/Batik Air,06:30,13:45,1,195,,,google-flights,ok,
2026-09-26 14:08:51+0700,SUB-SIN,SUB,SIN,2026-10-12,2026-10-19,economy,4828160,IDR,Lion/Batik Air,06:30,13:45,1,195,,,google-flights,ok,
2026-09-26 14:08:51+0700,SUB-SIN,SUB,SIN,2026-10-20,2026-10-27,economy,4056805,IDR,Indonesia AirAsia/AirAsia,05:05,12:15,1,230,,,google-flights,ok,
2026-09-26 14:08:51+0700,SUB-SIN,SUB,SIN,2026-10-28,2026-11-04,economy,4056805,IDR,Indonesia AirAsia/AirAsia,05:00,11:35,1,230,,,google-flights,ok,
2026-09-26 14:08:51+0700,SUB-SIN,SUB,SIN,2026-11-05,2026-11-12,economy,4056805,IDR,Indonesia AirAsia/AirAsia,13:25,19:40,1,240,,,google-flights,ok,
2026-09-26 14:08:51+0700,SUB-SIN,SUB,SIN,2026-11-13,2026-11-20,economy,3923892,IDR,Indonesia AirAsia/AirAsia,13:25,20:55,1,240,,,google-flights,ok,
2026-09-26 14:08:51+0700,SUB-SIN,SUB,SIN,2026-11-21,2026-11-28,economy,4567416,IDR,"Pelita Air Service, Pt",18:25,10:45,1,205,,,google-flights,ok,
2026-09-26 14:08:51+0700,SUB-SIN,SUB,SIN,2026-11-29,2026-12-06,economy,4567416,IDR,"Pelita Air Service, Pt",18:25,10:45,1,205,,,google-flights,ok,
2026-09-26 14:08:51+0700,SUB-SIN,SUB,SIN,2026-12-07,2026-12-14,economy,5227491,IDR,Malaysia Airlines,18:05,00:30,1,230,,,google-flights,ok,
2026-09-26 14:08:51+0700,SUB-SIN,SUB,SIN,2026-12-15,2026-12-22,economy,,IDR,,,,,,,,,error,IndexError: list index out of range
2026-09-26 14:08:51+0700,SUB-SIN,SUB,SIN,2026-12-23,2026-12-30,economy,5871491,IDR,Malaysia Airlines,10:00,16:40,1,235,,,google-flights,ok,
2026-09-26 14:08:51+0700,SUB-SIN,SUB,SIN,2026-12-31,2027-01-07,economy,5871491,IDR,Malaysia Airlines,15:50,00:30,1,230,,,google-flights,ok,
2026-09-26 14:08:51+0700,SUB-SIN,SUB,SIN,2027-01-08,2027-01-15,economy,5549491,IDR,Malaysia Airlines,18:05,00:30,1,230,,,google-flights,ok,
2026-09-26 14:08:51+0700,SUB-SIN,SUB,SIN,2027-01-16,2027-01-23,economy,4658611,IDR,Indonesia AirAsia/AirAsia,05:00,11:35,1,230,,,google-flights,ok,
2026-09-26 14:08:51+0700,SUB-SIN,SUB,SIN,2027-01-24,2027-01-31,economy,,IDR,,,,,,,,,error,IndexError: list index out of range
2026-09-26 14:08:51+0700,SUB-SIN,SUB,SIN,2027-02-01,2027-02-08,economy,,IDR,,,,,,,,,error,IndexError: list index out of range
2026-09-26 17:08:42+0700,DPS-MEL,DPS,MEL,2026-10-02,2026-10-16,economy,,IDR,,,,,,,,,error,FlightsNotFound: no flights found; received error
2026-09-26 17:08:42+0700,DPS-MEL,DPS,MEL,2026-10-10,2026-10-24,economy,,IDR,,,,,,,,,error,FlightsNotFound: no flights found; received error
2026-09-26 17:08:42+0700,DPS-MEL,DPS,MEL,2026-10-18,2026-11-01,economy,,IDR,,,,,,,,,error,IndexError: list index out of range
2026-09-26 17:08:42+0700,DPS-MEL,DPS,MEL,2026-10-26,2026-11-09,economy,,IDR,,,,,,,,,error,FlightsNotFound: no flights found; received error
2026-09-26 17:08:42+0700,DPS-MEL,DPS,MEL,2026-11-03,2026-11-17,economy,10378336,IDR,Cebu Pacific,01:00,00:10,1,755,,,google-flights,ok,
2026-09-26 17:08:42+0700,DPS-MEL,DPS,MEL,2026-11-11,2026-11-25,economy,10334582,IDR,Virgin Australia,23:20,14:50,1,490,,,google-flights,ok,
2026-09-26 17:08:42+0700,DPS-MEL,DPS,MEL,2026-11-19,2026-12-03,economy,,IDR,,,,,,,,,error,FlightsNotFound: no flights found; received error
2026-09-26 17:08:42+0700,DPS-MEL,DPS,MEL,2026-11-27,2026-12-11,economy,9672753,IDR,Jetstar,14:55,23:35,0,340,,,google-flights,ok,
2026-09-26 17:08:42+0700,DPS-MEL,DPS,MEL,2026-12-05,2026-12-19,economy,14769811,IDR,Jetstar,14:55,23:35,0,340,,,google-flights,ok,
2026-09-26 17:08:42+0700,DPS-MEL,DPS,MEL,2026-12-13,2026-12-27,economy,14449811,IDR,Jetstar,14:55,23:35,0,340,,,google-flights,ok,
2026-09-26 17:08:42+0700,DPS-MEL,DPS,MEL,2026-12-21,2027-01-04,economy,,IDR,,,,,,,,,error,FlightsNotFound: no flights found; received error
2026-09-26 17:08:42+0700,DPS-MEL,DPS,MEL,2026-12-29,2027-01-12,economy,6827811,IDR,Jetstar,11:30,20:10,0,340,,,google-flights,ok,
2026-09-26 17:08:42+0700,DPS-MEL,DPS,MEL,2027-01-06,2027-01-20,economy,13009016,IDR,Scoot,20:00,12:10,1,605,,,google-flights,ok,
2026-09-26 17:08:42+0700,DPS-MEL,DPS,MEL,2027-01-14,2027-01-28,economy,,IDR,,,,,,,,,error,FlightsNotFound: no flights found; received error
2026-09-26 17:08:42+0700,DPS-MEL,DPS,MEL,2027-01-22,2027-02-05,economy,,IDR,,,,,,,,,error,FlightsNotFound: no flights found; received error
2026-09-26 17:08:42+0700,DPS-MEL,DPS,MEL,2027-01-30,2027-02-13,economy,,IDR,,,,,,,,,error,FlightsNotFound: no flights found; received error
2026-09-26 17:08:42+0700,SUB-TPE,SUB,TPE,2026-10-02,2026-10-16,economy,,IDR,,,,,,,,,error,FlightsNotFound: no flights found; received error
2026-09-26 17:08:42+0700,SUB-TPE,SUB,TPE,2026-10-10,2026-10-24,economy,,IDR,,,,,,,,,error,FlightsNotFound: no flights found; received error
2026-09-26 17:08:42+0700,SUB-TPE,SUB,TPE,2026-10-18,2026-11-01,economy,,IDR,,,,,,,,,error,FlightsNotFound: no flights found; received error
2026-09-26 17:08:42+0700,SUB-TPE,SUB,TPE,2026-10-26,2026-11-09,economy,,IDR,,,,,,,,,error,FlightsNotFound: no flights found; received error
2026-09-26 17:08:42+0700,SUB-TPE,SUB,TPE,2026-11-03,2026-11-17,economy,,IDR,,,,,,,,,error,FlightsNotFound: no flights found; received error
2026-09-26 17:08:42+0700,SUB-TPE,SUB,TPE,2026-11-11,2026-11-25,economy,,IDR,,,,,,,,,error,FlightsNotFound: no flights found; received error
2026-09-26 17:08:42+0700,SUB-TPE,SUB,TPE,2026-11-19,2026-12-03,economy,,IDR,,,,,,,,,error,FlightsNotFound: no flights found; received error
2026-09-26 17:08:42+0700,SUB-TPE,SUB,TPE,2026-11-27,2026-12-11,economy,9107115,IDR,Scoot,09:50,05:35,1,425,,,google-flights,ok,
2026-09-26 17:08:42+0700,SUB-TPE,SUB,TPE,2026-12-05,2026-12-19,economy,,IDR,,,,,,,,,error,FlightsNotFound: no flights found; received error
2026-09-26 17:08:42+0700,SUB-TPE,SUB,TPE,2026-12-13,2026-12-27,economy,13035601,IDR,Scoot,19:30,05:35,1,425,,,google-flights,ok,
2026-09-26 17:08:42+0700,SUB-TPE,SUB,TPE,2026-12-21,2027-01-04,economy,,IDR,,,,,,,,,error,FlightsNotFound: no flights found; received error
2026-09-26 17:08:42+0700,SUB-TPE,SUB,TPE,2026-12-29,2027-01-12,economy,,IDR,,,,,,,,,error,FlightsNotFound: no flights found; received error
2026-09-26 17:08:42+0700,SUB-TPE,SUB,TPE,2027-01-06,2027-01-20,economy,4695769,IDR,Scoot,19:30,05:35,1,425,,,google-flights,ok,
2026-09-26 17:08:42+0700,SUB-TPE,SUB,TPE,2027-01-14,2027-01-28,economy,6058154,IDR,Scoot,09:50,11:00,1,435,,,google-flights,ok,
2026-09-26 17:08:42+0700,SUB-TPE,SUB,TPE,2027-01-22,2027-02-05,economy,8762845,IDR,Scoot,19:30,05:35,1,425,,,google-flights,ok,
2026-09-26 17:08:42+0700,SUB-TPE,SUB,TPE,2027-01-30,2027-02-13,economy,4490089,IDR,Scoot,19:30,05:35,1,425,,,google-flights,ok,
2026-09-26 17:08:42+0700,SUB-TPE,SUB,TPE,2027-02-07,2027-02-21,economy,7662458,IDR,Scoot,19:30,05:35,1,425,,,google-flights,ok,
2026-09-26 17:08:42+0700,SUB-TPE,SUB,TPE,2027-02-15,2027-03-01,economy,4901449,IDR,Scoot,09:50,13:15,1,430,,,google-flights,ok,
2026-09-26 17:08:42+0700,SUB-TPE,SUB,TPE,2027-02-23,2027-03-09,economy,5035141,IDR,Scoot,19:30,11:00,1,435,,,google-flights,ok,
2026-09-26 17:08:42+0700,SUB-TPE,SUB,TPE,2027-03-03,2027-03-17,economy,9251090,IDR,Scoot,19:30,05:35,1,425,,,google-flights,ok,
2026-09-26 17:08:42+0700,SUB-TPE,SUB,TPE,2027-03-11,2027-03-25,economy,9878414,IDR,Scoot,09:50,05:35,1,425,,,google-flights,ok,
2026-09-26 17:08:42+0700,SUB-TPE,SUB,TPE,2027-03-19,2027-04-02,economy,,IDR,,,,,,,,,error,FlightsNotFound: no flights found; received error
2026-09-26 17:08:42+0700,SUB-TPE,SUB,TPE,2027-03-27,2027-04-10,economy,6440611,IDR,Scoot,19:30,17:10,1,430,,,google-flights,ok,
2026-09-26 17:08:42+0700,SUB-TPE,SUB,TPE,2027-04-04,2027-04-18,economy,7928353,IDR,Scoot,19:50,05:45,1,430,,,google-flights,ok,
2026-09-26 17:08:42+0700,SUB-TPE,SUB,TPE,2027-04-12,2027-04-26,economy,5666363,IDR,Scoot,10:35,17:10,1,430,,,google-flights,ok,
2026-09-26 17:08:42+0700,SUB-TPE,SUB,TPE,2027-04-20,2027-05-04,economy,4545407,IDR,Scoot,19:50,17:10,1,430,,,google-flights,ok,
2026-09-26 17:08:42+0700,SUB-TPE,SUB,TPE,2027-04-28,2027-05-12,economy,4576259,IDR,Scoot,19:50,11:45,1,430,,,google-flights,ok,
2026-09-26 17:08:42+0700,SUB-TPE,SUB,TPE,2027-05-06,2027-05-20,economy,7111020,IDR,Scoot,08:35,05:45,1,430,,,google-flights,ok,
2026-09-26 17:08:42+0700,SUB-TPE,SUB,TPE,2027-05-14,2027-05-28,economy,5666363,IDR,Scoot,19:50,17:10,1,430,,,google-flights,ok,
2026-09-26 17:08:42+0700,SUB-TPE,SUB,TPE,2027-05-22,2027-06-05,economy,6144324,IDR,Scoot,19:50,17:10,1,430,,,google-flights,ok,
2026-09-26 17:08:42+0700,SUB-TPE,SUB,TPE,2027-05-30,2027-06-13,economy,5666363,IDR,Scoot,19:50,05:45,1,430,,,google-flights,ok,
2026-09-26 17:08:42+0700,SUB-TPE,SUB,TPE,2027-06-07,2027-06-21,economy,6483696,IDR,Scoot,10:35,17:10,1,430,,,google-flights,ok,
2026-09-26 17:08:42+0700,SUB-TPE,SUB,TPE,2027-06-15,2027-06-29,economy,4987619,IDR,Scoot,19:50,05:45,1,430,,,google-flights,ok,
2026-09-26 17:08:42+0700,SUB-TPE,SUB,TPE,2027-06-23,2027-07-07,economy,5121311,IDR,Scoot,19:50,17:10,1,430,,,google-flights,ok,
2026-09-26 17:08:42+0700,SUB-KUL,SUB,KUL,2026-09-27,2026-10-04,economy,,IDR,,,,,,,,,error,FlightsNotFound: no flights found; received error
2026-09-26 17:08:42+0700,SUB-KUL,SUB,KUL,2026-10-05,2026-10-12,economy,4070880,IDR,Batik Air,05:05,13:10,1,220,,,google-flights,ok,
2026-09-26 17:08:42+0700,SUB-KUL,SUB,KUL,2026-10-13,2026-10-20,economy,2927908,IDR,Indonesia AirAsia,11:20,15:00,0,160,,,google-flights,ok,
2026-09-26 17:08:42+0700,SUB-KUL,SUB,KUL,2026-10-21,2026-10-28,economy,2070002,IDR,Indonesia AirAsia,07:05,10:45,0,160,,,google-flights,ok,
2026-09-26 17:08:42+0700,SUB-KUL,SUB,KUL,2026-10-29,2026-11-05,economy,,IDR,,,,,,,,,error,FlightsNotFound: no flights found; received error
2026-09-26 17:08:42+0700,SUB-KUL,SUB,KUL,2026-11-06,2026-11-13,economy,,IDR,,,,,,,,,error,FlightsNotFound: no flights found; received error
2026-09-26 17:08:42+0700,SUB-KUL,SUB,KUL,2026-11-14,2026-11-21,economy,,IDR,,,,,,,,,error,FlightsNotFound: no flights found; received error
2026-09-26 17:08:42+0700,SUB-KUL,SUB,KUL,2026-11-22,2026-11-29,economy,2070002,IDR,Indonesia AirAsia,13:25,17:05,0,160,,,google-flights,ok,
2026-09-26 17:08:42+0700,SUB-KUL,SUB,KUL,2026-11-30,2026-12-07,economy,3692207,IDR,Malaysia Airlines,18:05,21:45,0,160,,,google-flights,ok,
2026-09-26 17:08:42+0700,SUB-KUL,SUB,KUL,2026-12-08,2026-12-15,economy,,IDR,,,,,,,,,error,FlightsNotFound: no flights found; received error
2026-09-26 17:08:42+0700,SUB-KUL,SUB,KUL,2026-12-16,2026-12-23,economy,4602113,IDR,Malaysia Airlines,10:00,13:40,0,160,,,google-flights,ok,
2026-09-26 17:08:42+0700,SUB-KUL,SUB,KUL,2026-12-24,2026-12-31,economy,4371235,IDR,Indonesia AirAsia,05:00,08:35,0,155,,,google-flights,ok,
2026-09-26 17:08:42+0700,SUB-KUL,SUB,KUL,2027-01-01,2027-01-08,economy,3702045,IDR,Indonesia AirAsia,05:00,08:35,0,155,,,google-flights,ok,
2026-09-26 17:08:42+0700,SUB-KUL,SUB,KUL,2027-01-09,2027-01-16,economy,3103166,IDR,Indonesia AirAsia,05:00,08:35,0,155,,,google-flights,ok,
2026-09-26 17:08:42+0700,SUB-KUL,SUB,KUL,2027-01-17,2027-01-24,economy,2617953,IDR,Indonesia AirAsia,05:00,08:35,0,155,,,google-flights,ok,
2026-09-26 17:08:42+0700,SUB-KUL,SUB,KUL,2027-01-25,2027-02-01,economy,2786179,IDR,Indonesia AirAsia,05:00,08:35,0,155,,,google-flights,ok,
2026-09-26 17:08:42+0700,SUB-SIN,SUB,SIN,2026-09-27,2026-10-04,economy,6247030,IDR,Lion/Batik Air,07:40,15:15,1,195,,,google-flights,ok,
2026-09-26 17:08:42+0700,SUB-SIN,SUB,SIN,2026-10-05,2026-10-12,economy,,IDR,,,,,,,,,error,FlightsNotFound: no flights found; received error
2026-09-26 17:08:42+0700,SUB-SIN,SUB,SIN,2026-10-13,2026-10-20,economy,4203054,IDR,Indonesia AirAsia/AirAsia,07:05,13:00,1,225,,,google-flights,ok,
2026-09-26 17:08:42+0700,SUB-SIN,SUB,SIN,2026-10-21,2026-10-28,economy,4056805,IDR,Indonesia AirAsia/AirAsia,11:20,18:05,1,240,,,google-flights,ok,
2026-09-26 17:08:42+0700,SUB-SIN,SUB,SIN,2026-10-29,2026-11-05,economy,4077288,IDR,Indonesia AirAsia/AirAsia,13:25,19:40,1,240,,,google-flights,ok,
2026-09-26 17:08:42+0700,SUB-SIN,SUB,SIN,2026-11-06,2026-11-13,economy,4260525,IDR,Indonesia AirAsia/AirAsia,11:20,18:00,1,235,,,google-flights,ok,
2026-09-26 17:08:42+0700,SUB-SIN,SUB,SIN,2026-11-14,2026-11-21,economy,4023433,IDR,Indonesia AirAsia/AirAsia,13:25,19:40,1,240,,,google-flights,ok,
2026-09-26 17:08:42+0700,SUB-SIN,SUB,SIN,2026-11-22,2026-11-29,economy,,IDR,,,,,,,,,error,FlightsNotFound: no flights found; received error
2026-09-26 17:08:42+0700,SUB-SIN,SUB,SIN,2026-11-30,2026-12-07,economy,4255546,IDR,"Pelita Air Service, Pt",18:25,10:45,1,205,,,google-flights,ok,
2026-09-26 17:08:42+0700,SUB-SIN,SUB,SIN,2026-12-08,2026-12-15,economy,4901564,IDR,Indonesia AirAsia/AirAsia,05:00,11:35,1,230,,,google-flights,ok,
2026-09-26 17:08:42+0700,SUB-SIN,SUB,SIN,2026-12-16,2026-12-23,economy,6042553,IDR,Garuda Indonesia,16:00,16:45,1,225,,,google-flights,ok,
2026-09-26 17:08:42+0700,SUB-SIN,SUB,SIN,2026-12-24,2026-12-31,economy,5948553,IDR,Garuda Indonesia,16:00,16:45,1,225,,,google-flights,ok,
2026-09-26 17:08:42+0700,SUB-SIN,SUB,SIN,2027-01-01,2027-01-08,economy,6156491,IDR,Malaysia Airlines,18:05,00:30,1,230,,,google-flights,ok,
2026-09-26 17:08:42+0700,SUB-SIN,SUB,SIN,2027-01-09,2027-01-16,economy,5783824,IDR,Indonesia AirAsia/AirAsia,05:00,11:35,1,230,,,google-flights,ok,
2026-09-26 17:08:42+0700,SUB-SIN,SUB,SIN,2027-01-17,2027-01-24,economy,,IDR,,,,,,,,,error,IndexError: list index out of range
2026-09-26 17:08:42+0700,SUB-SIN,SUB,SIN,2027-01-25,2027-02-01,economy,,IDR,,,,,,,,,error,IndexError: list index out of range
2026-09-26 20:08:46+0700,DPS-MEL,DPS,MEL,2026-10-03,2026-10-17,economy,,IDR,,,,,,,,,error,IndexError: list index out of range
2026-09-26 20:08:46+0700,DPS-MEL,DPS,MEL,2026-10-11,2026-10-25,economy,,IDR,,,,,,,,,error,IndexError: list index out of range
2026-09-26 20:08:46+0700,DPS-MEL,DPS,MEL,2026-10-19,2026-11-02,economy,,IDR,,,,,,,,,error,IndexError: list index out of range
2026-09-26 20:08:46+0700,DPS-MEL,DPS,MEL,2026-10-27,2026-11-10,economy,11721001,IDR,Jetstar,11:30,20:10,0,340,,,google-flights,ok,
2026-09-26 20:08:46+0700,DPS-MEL,DPS,MEL,2026-11-04,2026-11-18,economy,9542538,IDR,Jetstar,14:55,07:25,1,630,,,google-flights,ok,
2026-09-26 20:08:46+0700,DPS-MEL,DPS,MEL,2026-11-12,2026-11-26,economy,7900622,IDR,Scoot,20:00,21:20,1,605,,,google-flights,ok,
2026-09-26 20:08:46+0700,DPS-MEL,DPS,MEL,2026-11-20,2026-12-04,economy,9104811,IDR,Jetstar,14:55,23:35,0,340,,,google-flights,ok,
2026-09-26 20:08:46+0700,DPS-MEL,DPS,MEL,2026-11-28,2026-12-12,economy,11911782,IDR,Virgin Australia,21:25,09:25,1,435,,,google-flights,ok,
2026-09-26 20:08:46+0700,DPS-MEL,DPS,MEL,2026-12-06,2026-12-20,economy,11990782,IDR,Virgin Australia,23:20,16:50,2,530,,,google-flights,ok,
2026-09-26 20:08:46+0700,DPS-MEL,DPS,MEL,2026-12-14,2026-12-28,economy,11763782,IDR,Virgin Australia,23:20,16:50,2,530,,,google-flights,ok,
2026-09-26 20:08:46+0700,DPS-MEL,DPS,MEL,2026-12-22,2027-01-05,economy,6801088,IDR,Jetstar,11:30,20:10,0,340,,,google-flights,ok,
2026-09-26 20:08:46+0700,DPS-MEL,DPS,MEL,2026-12-30,2027-01-13,economy,8166811,IDR,Jetstar,14:55,23:35,0,340,,,google-flights,ok,
2026-09-26 20:08:46+0700,DPS-MEL,DPS,MEL,2027-01-07,2027-01-21,economy,13355358,IDR,Jetstar,14:55,23:35,0,340,,,google-flights,ok,
2026-09-26 20:08:46+0700,DPS-MEL,DPS,MEL,2027-01-15,2027-01-29,economy,10135379,IDR,Jetstar,11:30,20:10,0,340,,,google-flights,ok,
2026-09-26 20:08:46+0700,DPS-MEL,DPS,MEL,2027-01-23,2027-02-06,economy,9457811,IDR,Jetstar,20:20,04:55,0,335,,,google-flights,ok,
2026-09-26 20:08:46+0700,DPS-MEL,DPS,MEL,2027-01-31,2027-02-14,economy,7558410,IDR,Virgin Australia,15:50,00:30,0,340,,,google-flights,ok,
2026-09-26 20:08:46+0700,SUB-TPE,SUB,TPE,2026-10-03,2026-10-17,economy,8433757,IDR,Scoot,19:50,17:10,1,430,,,google-flights,ok,
2026-09-26 20:08:46+0700,SUB-TPE,SUB,TPE,2026-10-11,2026-10-25,economy,10125230,IDR,Scoot,10:35,05:45,1,430,,,google-flights,ok,
2026-09-26 20:08:46+0700,SUB-TPE,SUB,TPE,2026-10-19,2026-11-02,economy,6479798,IDR,Scoot,10:35,05:45,1,430,,,google-flights,ok,
2026-09-26 20:08:46+0700,SUB-TPE,SUB,TPE,2026-10-27,2026-11-10,economy,4695769,IDR,Scoot,19:30,17:00,1,425,,,google-flights,ok,
2026-09-26 20:08:46+0700,SUB-TPE,SUB,TPE,2026-11-04,2026-11-18,economy,,IDR,,,,,,,,,error,FlightsNotFound: no flights found; received error
2026-09-26 20:08:46+0700,SUB-TPE,SUB,TPE,2026-11-12,2026-11-26,economy,,IDR,,,,,,,,,error,TypeError: 'NoneType' object is not subscriptable
2026-09-26 20:08:46+0700,SUB-TPE,SUB,TPE,2026-11-20,2026-12-04,economy,8479791,IDR,Scoot,09:50,05:35,1,425,,,google-flights,ok,
2026-09-26 20:08:46+0700,SUB-TPE,SUB,TPE,2026-11-28,2026-12-12,economy,7024850,IDR,Scoot,19:30,05:35,1,425,,,google-flights,ok,
2026-09-26 20:08:46+0700,SUB-TPE,SUB,TPE,2026-12-06,2026-12-20,economy,13035601,IDR,Scoot,19:30,05:35,1,425,,,google-flights,ok,
2026-09-26 20:08:46+0700,SUB-TPE,SUB,TPE,2026-12-14,2026-12-28,economy,11390162,IDR,Scoot,09:50,05:35,1,425,,,google-flights,ok,
2026-09-26 20:08:46+0700,SUB-TPE,SUB,TPE,2026-12-22,2027-01-05,economy,12161461,IDR,Scoot,19:30,05:35,1,425,,,google-flights,ok,
2026-09-26 20:08:46+0700,SUB-TPE,SUB,TPE,2026-12-30,2027-01-13,economy,7842183,IDR,Scoot,19:30,17:00,1,425,,,google-flights,ok,
2026-09-26 20:08:46+0700,SUB-TPE,SUB,TPE,2027-01-07,2027-01-21,economy,6058154,IDR,Scoot,09:50,11:00,1,435,,,google-flights,ok,
2026-09-26 20:08:46+0700,SUB-TPE,SUB,TPE,2027-01-15,2027-01-29,economy,5852474,IDR,Scoot,19:30,05:35,1,425,,,google-flights,ok,
2026-09-26 20:08:46+0700,SUB-TPE,SUB,TPE,2027-01-23,2027-02-06,economy,8762845,IDR,Scoot,19:30,05:35,1,425,,,google-flights,ok,
2026-09-26 20:08:46+0700,SUB-TPE,SUB,TPE,2027-01-31,2027-02-14,economy,5035141,IDR,Scoot,19:30,11:00,1,435,,,google-flights,ok,
2026-09-26 20:08:46+0700,SUB-TPE,SUB,TPE,2027-02-08,2027-02-22,economy,10780975,IDR,Scoot,09:50,05:35,1,425,,,google-flights,ok,
2026-09-26 20:08:46+0700,SUB-TPE,SUB,TPE,2027-02-16,2027-03-02,economy,4695769,IDR,Scoot,19:30,11:00,1,435,,,google-flights,ok,
2026-09-26 20:08:46+0700,SUB-TPE,SUB,TPE,2027-02-24,2027-03-10,economy,7024850,IDR,Scoot,09:50,17:00,1,425,,,google-flights,ok,
2026-09-26 20:08:46+0700,SUB-TPE,SUB,TPE,2027-03-04,2027-03-18,economy,9878414,IDR,Scoot,09:50,05:35,1,425,,,google-flights,ok,
2026-09-26 20:08:46+0700,SUB-TPE,SUB,TPE,2027-03-12,2027-03-26,economy,9878414,IDR,Scoot,09:50,17:00,1,425,,,google-flights,ok,
2026-09-26 20:08:46+0700,SUB-TPE,SUB,TPE,2027-03-20,2027-04-03,economy,7705543,IDR,Scoot,19:30,05:35,1,425,,,google-flights,ok,
2026-09-26 20:08:46+0700,SUB-TPE,SUB,TPE,2027-03-28,2027-04-11,economy,6440611,IDR,Scoot,19:50,17:10,1,430,,,google-flights,ok,
2026-09-26 20:08:46+0700,SUB-TPE,SUB,TPE,2027-04-05,2027-04-19,economy,7928353,IDR,Scoot,10:35,14:15,1,430,,,google-flights,ok,
2026-09-26 20:08:46+0700,SUB-TPE,SUB,TPE,2027-04-13,2027-04-27,economy,4987619,IDR,Scoot,19:50,05:45,1,430,,,google-flights,ok,
2026-09-26 20:08:46+0700,SUB-TPE,SUB,TPE,2027-04-21,2027-05-05,economy,4781939,IDR,Scoot,19:50,11:45,1,430,,,google-flights,ok,
2026-09-26 20:08:46+0700,SUB-TPE,SUB,TPE,2027-04-29,2027-05-13,economy,7111020,IDR,Scoot,08:35,05:45,1,430,,,google-flights,ok,
2026-09-26 20:08:46+0700,SUB-TPE,SUB,TPE,2027-05-07,2027-05-21,economy,4781939,IDR,Scoot,19:50,11:45,1,430,,,google-flights,ok,
2026-09-26 20:08:46+0700,SUB-TPE,SUB,TPE,2027-05-15,2027-05-29,economy,5666363,IDR,Scoot,19:50,17:10,1,430,,,google-flights,ok,
2026-09-26 20:08:46+0700,SUB-TPE,SUB,TPE,2027-05-23,2027-06-06,economy,5666363,IDR,Scoot,19:50,05:45,1,430,,,google-flights,ok,
2026-09-26 20:08:46+0700,SUB-TPE,SUB,TPE,2027-05-31,2027-06-14,economy,6483696,IDR,Scoot,10:35,17:10,1,430,,,google-flights,ok,
2026-09-26 20:08:46+0700,SUB-TPE,SUB,TPE,2027-06-08,2027-06-22,economy,4987619,IDR,Scoot,19:50,05:45,1,430,,,google-flights,ok,
2026-09-26 20:08:46+0700,SUB-TPE,SUB,TPE,2027-06-16,2027-06-30,economy,,IDR,,,,,,,,,error,FlightsNotFound: no flights found; received error
2026-09-26 20:08:46+0700,SUB-TPE,SUB,TPE,2027-06-24,2027-07-08,economy,6483696,IDR,Scoot,08:35,05:45,1,430,,,google-flights,ok,
2026-09-26 20:08:46+0700,SUB-KUL,SUB,KUL,2026-09-28,2026-10-05,economy,3946786,IDR,Indonesia AirAsia,05:05,08:40,0,155,,,google-flights,ok,
2026-09-26 20:08:46+0700,SUB-KUL,SUB,KUL,2026-10-06,2026-10-13,economy,3335532,IDR,Indonesia AirAsia,17:45,21:25,0,160,,,google-flights,ok,
2026-09-26 20:08:46+0700,SUB-KUL,SUB,KUL,2026-10-14,2026-10-21,economy,2216251,IDR,Indonesia AirAsia,07:05,10:45,0,160,,,google-flights,ok,
2026-09-26 20:08:46+0700,SUB-KUL,SUB,KUL,2026-10-22,2026-10-29,economy,2070002,IDR,Indonesia AirAsia,07:05,10:45,0,160,,,google-flights,ok,
2026-09-26 20:08:46+0700,SUB-KUL,SUB,KUL,2026-10-30,2026-11-06,economy,2617953,IDR,Indonesia AirAsia,11:20,14:55,0,155,,,google-flights,ok,
2026-09-26 20:08:46+0700,SUB-KUL,SUB,KUL,2026-11-07,2026-11-14,economy,3209056,IDR,Malaysia Airlines,10:00,13:40,0,160,,,google-flights,ok,
2026-09-26 20:08:46+0700,SUB-KUL,SUB,KUL,2026-11-15,2026-11-22,economy,2157229,IDR,Indonesia AirAsia,17:40,21:15,0,155,,,google-flights,ok,
2026-09-26 20:08:46+0700,SUB-KUL,SUB,KUL,2026-11-23,2026-11-30,economy,3209056,IDR,Malaysia Airlines,18:05,21:45,0,160,,,google-flights,ok,
2026-09-26 20:08:46+0700,SUB-KUL,SUB,KUL,2026-12-01,2026-12-08,economy,3573022,IDR,Malaysia Airlines,10:00,13:40,0,160,,,google-flights,ok,
2026-09-26 20:08:46+0700,SUB-KUL,SUB,KUL,2026-12-09,2026-12-16,economy,4184083,IDR,Malaysia Airlines,10:00,13:40,0,160,,,google-flights,ok,
2026-09-26 20:08:46+0700,SUB-KUL,SUB,KUL,2026-12-17,2026-12-24,economy,3288559,IDR,Indonesia AirAsia,13:25,17:05,0,160,,,google-flights,ok,
2026-09-26 20:08:46+0700,SUB-KUL,SUB,KUL,2026-12-25,2027-01-01,economy,,IDR,,,,,,,,,error,FlightsNotFound: no flights found; received error
2026-09-26 20:08:46+0700,SUB-KUL,SUB,KUL,2027-01-02,2027-01-09,economy,3702045,IDR,Indonesia AirAsia,05:00,08:35,0,155,,,google-flights,ok,
2026-09-26 20:08:46+0700,SUB-KUL,SUB,KUL,2027-01-10,2027-01-17,economy,3103166,IDR,Indonesia AirAsia,05:00,08:35,0,155,,,google-flights,ok,
2026-09-26 20:08:46+0700,SUB-KUL,SUB,KUL,2027-01-18,2027-01-25,economy,,IDR,,,,,,,,,error,FlightsNotFound: no flights found; received error
2026-09-26 20:08:46+0700,SUB-KUL,SUB,KUL,2027-01-26,2027-02-02,economy,4046083,IDR,Malaysia Airlines,15:50,19:30,0,160,,,google-flights,ok,
2026-09-26 20:08:46+0700,SUB-SIN,SUB,SIN,2026-09-28,2026-10-05,economy,5871491,IDR,Malaysia Airlines,10:00,17:30,1,240,,,google-flights,ok,
2026-09-26 20:08:46+0700,SUB-SIN,SUB,SIN,2026-10-06,2026-10-13,economy,4652099,IDR,Indonesia AirAsia/AirAsia,05:05,11:35,1,230,,,google-flights,ok,
2026-09-26 20:08:46+0700,SUB-SIN,SUB,SIN,2026-10-14,2026-10-21,economy,4071010,IDR,Indonesia AirAsia/AirAsia,05:05,11:35,1,230,,,google-flights,ok,
2026-09-26 20:08:46+0700,SUB-SIN,SUB,SIN,2026-10-22,2026-10-29,economy,4056805,IDR,Indonesia AirAsia/AirAsia,07:05,13:00,1,225,,,google-flights,ok,
2026-09-26 20:08:46+0700,SUB-SIN,SUB,SIN,2026-10-30,2026-11-06,economy,4559554,IDR,Indonesia AirAsia/AirAsia,13:25,19:40,1,240,,,google-flights,ok,
2026-09-26 20:08:46+0700,SUB-SIN,SUB,SIN,2026-11-07,2026-11-14,economy,4274730,IDR,Indonesia AirAsia/AirAsia,05:00,11:35,1,230,,,google-flights,ok,
2026-09-26 20:08:46+0700,SUB-SIN,SUB,SIN,2026-11-15,2026-11-22,economy,4093119,IDR,Indonesia AirAsia/AirAsia,05:00,11:35,1,230,,,google-flights,ok,
2026-09-26 20:08:46+0700,SUB-SIN,SUB,SIN,2026-11-23,2026-11-30,economy,4503061,IDR,Indonesia AirAsia/AirAsia,05:00,11:35,1,230,,,google-flights,ok,
2026-09-26 20:08:46+0700,SUB-SIN,SUB,SIN,2026-12-01,2026-12-08,economy,,IDR,,,,,,,,,error,FlightsNotFound: no flights found; received error
2026-09-26 20:08:46+0700,SUB-SIN,SUB,SIN,2026-12-09,2026-12-16,economy,5138239,IDR,Indonesia AirAsia/AirAsia,05:00,11:35,1,230,,,google-flights,ok,
2026-09-26 20:08:46+0700,SUB-SIN,SUB,SIN,2026-12-17,2026-12-24,economy,5948553,IDR,Garuda Indonesia,16:00,16:45,1,225,,,google-flights,ok,
2026-09-26 20:08:46+0700,SUB-SIN,SUB,SIN,2026-12-25,2027-01-01,economy,,IDR,,,,,,,,,error,FlightsNotFound: no flights found; received error
2026-09-26 20:08:46+0700,SUB-SIN,SUB,SIN,2027-01-02,2027-01-09,economy,6156491,IDR,Malaysia Airlines,10:00,16:40,1,235,,,google-flights,ok,
2026-09-26 20:08:46+0700,SUB-SIN,SUB,SIN,2027-01-10,2027-01-17,economy,,IDR,,,,,,,,,error,IndexError: list index out of range
2026-09-26 20:08:46+0700,SUB-SIN,SUB,SIN,2027-01-18,2027-01-25,economy,,IDR,,,,,,,,,error,IndexError: list index out of range
2026-09-26 20:08:46+0700,SUB-SIN,SUB,SIN,2027-01-26,2027-02-02,economy,4915791,IDR,Indonesia AirAsia/AirAsia,05:00,11:35,1,230,,,google-flights,ok,
2026-09-26 23:09:35+0700,DPS-MEL,DPS,MEL,2026-10-04,2026-10-18,economy,,IDR,,,,,,,,,error,FlightsNotFound: no flights found; received error
2026-09-26 23:09:35+0700,DPS-MEL,DPS,MEL,2026-10-12,2026-10-26,economy,,IDR,,,,,,,,,error,IndexError: list index out of range
2026-09-26 23:09:35+0700,DPS-MEL,DPS,MEL,2026-10-20,2026-11-03,economy,,IDR,,,,,,,,,error,IndexError: list index out of range
2026-09-26 23:09:35+0700,DPS-MEL,DPS,MEL,2026-10-28,2026-11-11,economy,8707962,IDR,Jetstar,14:55,07:25,1,630,,,google-flights,ok,
2026-09-26 23:09:35+0700,DPS-MEL,DPS,MEL,2026-11-05,2026-11-19,economy,10835811,IDR,Jetstar,14:55,23:35,0,340,,,google-flights,ok,
2026-09-26 23:09:35+0700,DPS-MEL,DPS,MEL,2026-11-13,2026-11-27,economy,9463811,IDR,Jetstar,11:30,20:10,0,340,,,google-flights,ok,
2026-09-26 23:09:35+0700,DPS-MEL,DPS,MEL,2026-11-21,2026-12-05,economy,,IDR,,,,,,,,,error,FlightsNotFound: no flights found; received error
2026-09-26 23:09:35+0700,DPS-MEL,DPS,MEL,2026-11-29,2026-12-13,economy,9679811,IDR,Jetstar,14:55,23:35,0,340,,,google-flights,ok,
2026-09-26 23:09:35+0700,DPS-MEL,DPS,MEL,2026-12-07,2026-12-21,economy,11535782,IDR,Virgin Australia,23:20,16:50,2,530,,,google-flights,ok,
2026-09-26 23:09:35+0700,DPS-MEL,DPS,MEL,2026-12-15,2026-12-29,economy,10445082,IDR,Virgin Australia,21:25,07:50,1,435,,,google-flights,ok,
2026-09-26 23:09:35+0700,DPS-MEL,DPS,MEL,2026-12-23,2027-01-06,economy,7606811,IDR,Jetstar,14:55,23:35,0,340,,,google-flights,ok,
2026-09-26 23:09:35+0700,DPS-MEL,DPS,MEL,2026-12-31,2027-01-14,economy,8137210,IDR,Virgin Australia,23:20,13:20,1,490,,,google-flights,ok,
2026-09-26 23:09:35+0700,DPS-MEL,DPS,MEL,2027-01-08,2027-01-22,economy,12132469,IDR,Jetstar,14:55,23:35,0,340,,,google-flights,ok,
2026-09-26 23:09:35+0700,DPS-MEL,DPS,MEL,2027-01-16,2027-01-30,economy,10909811,IDR,Jetstar,14:55,23:35,0,340,,,google-flights,ok,
2026-09-26 23:09:35+0700,DPS-MEL,DPS,MEL,2027-01-24,2027-02-07,economy,9337410,IDR,Virgin Australia,15:50,00:30,0,340,,,google-flights,ok,
2026-09-26 23:09:35+0700,DPS-MEL,DPS,MEL,2027-02-01,2027-02-15,economy,6842811,IDR,Jetstar,11:30,20:10,0,340,,,google-flights,ok,
2026-09-26 23:09:35+0700,SUB-TPE,SUB,TPE,2026-10-04,2026-10-18,economy,6397526,IDR,Scoot,19:50,14:15,1,430,,,google-flights,ok,
2026-09-26 23:09:35+0700,SUB-TPE,SUB,TPE,2026-10-12,2026-10-26,economy,8479791,IDR,Scoot,10:35,05:45,1,430,,,google-flights,ok,
2026-09-26 23:09:35+0700,SUB-TPE,SUB,TPE,2026-10-20,2026-11-03,economy,5852474,IDR,Scoot,10:35,17:10,1,430,,,google-flights,ok,
2026-09-26 23:09:35+0700,SUB-TPE,SUB,TPE,2026-10-28,2026-11-11,economy,6479798,IDR,Scoot,19:30,11:00,1,435,,,google-flights,ok,
2026-09-26 23:09:35+0700,SUB-TPE,SUB,TPE,2026-11-05,2026-11-19,economy,6058154,IDR,Scoot,09:50,05:35,1,425,,,google-flights,ok,
2026-09-26 23:09:35+0700,SUB-TPE,SUB,TPE,2026-11-13,2026-11-27,economy,7024850,IDR,Scoot,09:50,05:35,1,425,,,google-flights,ok,
2026-09-26 23:09:35+0700,SUB-TPE,SUB,TPE,2026-11-21,2026-12-05,economy,7214859,IDR,Scoot,09:50,05:35,1,425,,,google-flights,ok,
2026-09-26 23:09:35+0700,SUB-TPE,SUB,TPE,2026-11-29,2026-12-13,economy,9107115,IDR,Scoot,19:30,05:35,1,425,,,google-flights,ok,
2026-09-26 23:09:35+0700,SUB-TPE,SUB,TPE,2026-12-07,2026-12-21,economy,12161461,IDR,Scoot,09:50,05:35,1,425,,,google-flights,ok,
2026-09-26 23:09:35+0700,SUB-TPE,SUB,TPE,2026-12-15,2026-12-29,economy,10516022,IDR,Scoot,19:30,17:00,1,425,,,google-flights,ok,
2026-09-26 23:09:35+0700,SUB-TPE,SUB,TPE,2026-12-23,2027-01-06,economy,12565004,IDR,Scoot,19:30,17:00,1,425,,,google-flights,ok,
2026-09-26 23:09:35+0700,SUB-TPE,SUB,TPE,2026-12-31,2027-01-14,economy,7214859,IDR,Scoot,09:50,05:35,1,425,,,google-flights,ok,
2026-09-26 23:09:35+0700,SUB-TPE,SUB,TPE,2027-01-08,2027-01-22,economy,5852474,IDR,Scoot,19:30,11:00,1,435,,,google-flights,ok,
2026-09-26 23:09:35+0700,SUB-TPE,SUB,TPE,2027-01-16,2027-01-30,economy,6479798,IDR,Scoot,19:30,05:35,1,425,,,google-flights,ok,
2026-09-26 23:09:35+0700,SUB-TPE,SUB,TPE,2027-01-24,2027-02-07,economy,7117406,IDR,Scoot,19:30,11:00,1,435,,,google-flights,ok,
2026-09-26 23:09:35+0700,SUB-TPE,SUB,TPE,2027-02-01,2027-02-15,economy,4901449,IDR,Scoot,09:50,11:00,1,435,,,google-flights,ok,
2026-09-26 23:09:35+0700,SUB-TPE,SUB,TPE,2027-02-09,2027-02-23,economy,10780975,IDR,Scoot,19:30,05:35,1,425,,,google-flights,ok,
2026-09-26 23:09:35+0700,SUB-TPE,SUB,TPE,2027-02-17,2027-03-03,economy,5240821,IDR,Scoot,09:50,17:00,1,425,,,google-flights,ok,
2026-09-26 23:09:35+0700,SUB-TPE,SUB,TPE,2027-02-25,2027-03-11,economy,7323086,IDR,Scoot,09:50,11:00,1,435,,,google-flights,ok,
2026-09-26 23:09:35+0700,SUB-TPE,SUB,TPE,2027-03-05,2027-03-19,economy,9878414,IDR,Scoot,19:30,13:10,1,425,,,google-flights,ok,
2026-09-26 23:09:35+0700,SUB-TPE,SUB,TPE,2027-03-13,2027-03-27,economy,9251090,IDR,Scoot,09:50,05:35,1,425,,,google-flights,ok,
2026-09-26 23:09:35+0700,SUB-TPE,SUB,TPE,2027-03-21,2027-04-04,economy,6440611,IDR,Scoot,19:30,13:15,1,430,,,google-flights,ok,
2026-09-26 23:09:35+0700,SUB-TPE,SUB,TPE,2027-03-29,2027-04-12,economy,7257944,IDR,Scoot,10:35,11:45,1,430,,,google-flights,ok,
2026-09-26 23:09:35+0700,SUB-TPE,SUB,TPE,2027-04-06,2027-04-20,economy,6144324,IDR,Scoot,19:50,17:10,1,430,,,google-flights,ok,
2026-09-26 23:09:35+0700,SUB-TPE,SUB,TPE,2027-04-14,2027-04-28,economy,5121311,IDR,Scoot,19:50,11:45,1,430,,,google-flights,ok,
2026-09-26 23:09:35+0700,SUB-TPE,SUB,TPE,2027-04-22,2027-05-06,economy,5326991,IDR,Scoot,08:35,14:15,1,430,,,google-flights,ok,
2026-09-26 23:09:35+0700,SUB-TPE,SUB,TPE,2027-04-30,2027-05-14,economy,6483696,IDR,Scoot,19:50,17:10,1,430,,,google-flights,ok,
2026-09-26 23:09:35+0700,SUB-TPE,SUB,TPE,2027-05-08,2027-05-22,economy,5326991,IDR,Scoot,19:50,17:10,1,430,,,google-flights,ok,
2026-09-26 23:09:35+0700,SUB-TPE,SUB,TPE,2027-05-16,2027-05-30,economy,5326991,IDR,Scoot,19:50,05:45,1,430,,,google-flights,ok,
2026-09-26 23:09:35+0700,SUB-TPE,SUB,TPE,2027-05-24,2027-06-07,economy,6483696,IDR,Scoot,10:35,05:45,1,430,,,google-flights,ok,
2026-09-26 23:09:35+0700,SUB-TPE,SUB,TPE,2027-06-01,2027-06-15,economy,,IDR,,,,,,,,,error,FlightsNotFound: no flights found; received error
2026-09-26 23:09:35+0700,SUB-TPE,SUB,TPE,2027-06-09,2027-06-23,economy,5326991,IDR,Scoot,19:50,05:45,1,430,,,google-flights,ok,
2026-09-26 23:09:35+0700,SUB-TPE,SUB,TPE,2027-06-17,2027-07-01,economy,7301029,IDR,Scoot,08:35,05:45,1,430,,,google-flights,ok,
2026-09-26 23:09:35+0700,SUB-TPE,SUB,TPE,2027-06-25,2027-07-09,economy,5121311,IDR,Scoot,19:50,05:45,1,430,,,google-flights,ok,
2026-09-26 23:09:35+0700,SUB-KUL,SUB,KUL,2026-09-29,2026-10-06,economy,3946786,IDR,Indonesia AirAsia,05:05,08:40,0,155,,,google-flights,ok,
2026-09-26 23:09:35+0700,SUB-KUL,SUB,KUL,2026-10-07,2026-10-14,economy,4373022,IDR,Batik Air,10:05,13:45,0,160,,,google-flights,ok,
2026-09-26 23:09:35+0700,SUB-KUL,SUB,KUL,2026-10-15,2026-10-22,economy,2216251,IDR,Indonesia AirAsia,07:05,10:45,0,160,,,google-flights,ok,
2026-09-26 23:09:35+0700,SUB-KUL,SUB,KUL,2026-10-23,2026-10-30,economy,2070002,IDR,Indonesia AirAsia,05:05,08:40,0,155,,,google-flights,ok,
2026-09-26 23:09:35+0700,SUB-KUL,SUB,KUL,2026-10-31,2026-11-07,economy,2303478,IDR,Indonesia AirAsia,05:00,08:35,0,155,,,google-flights,ok,
2026-09-26 23:09:35+0700,SUB-KUL,SUB,KUL,2026-11-08,2026-11-15,economy,2070002,IDR,Indonesia AirAsia,05:00,08:35,0,155,,,google-flights,ok,
2026-09-26 23:09:35+0700,SUB-KUL,SUB,KUL,2026-11-16,2026-11-23,economy,2070002,IDR,Indonesia AirAsia,11:20,14:55,0,155,,,google-flights,ok,
2026-09-26 23:09:35+0700,SUB-KUL,SUB,KUL,2026-11-24,2026-12-01,economy,2471704,IDR,Indonesia AirAsia,05:00,08:35,0,155,,,google-flights,ok,
2026-09-26 23:09:35+0700,SUB-KUL,SUB,KUL,2026-12-02,2026-12-09,economy,3573022,IDR,Malaysia Airlines,10:00,13:40,0,160,,,google-flights,ok,
2026-09-26 23:09:35+0700,SUB-KUL,SUB,KUL,2026-12-10,2026-12-17,economy,4582691,IDR,Malaysia Airlines,10:00,13:40,0,160,,,google-flights,ok,
2026-09-26 23:09:35+0700,SUB-KUL,SUB,KUL,2026-12-18,2026-12-25,economy,4371235,IDR,Indonesia AirAsia,05:00,08:35,0,155,,,google-flights,ok,
2026-09-26 23:09:35+0700,SUB-KUL,SUB,KUL,2026-12-26,2027-01-02,economy,5629540,IDR,Lion,09:05,15:15,1,250,,,google-flights,ok,
2026-09-26 23:09:35+0700,SUB-KUL,SUB,KUL,2027-01-03,2027-01-10,economy,3702045,IDR,Indonesia AirAsia,05:00,08:35,0,155,,,google-flights,ok,
2026-09-26 23:09:35+0700,SUB-KUL,SUB,KUL,2027-01-11,2027-01-18,economy,2617953,IDR,Indonesia AirAsia,05:00,08:35,0,155,,,google-flights,ok,
2026-09-26 23:09:35+0700,SUB-KUL,SUB,KUL,2027-01-19,2027-01-26,economy,2617953,IDR,Indonesia AirAsia,05:00,08:35,0,155,,,google-flights,ok,
2026-09-26 23:09:35+0700,SUB-KUL,SUB,KUL,2027-01-27,2027-02-03,economy,3037369,IDR,Indonesia AirAsia,05:00,08:35,0,155,,,google-flights,ok,
2026-09-26 23:09:35+0700,SUB-SIN,SUB,SIN,2026-09-29,2026-10-06,economy,4700571,IDR,Lion/Batik Air,11:05,20:30,1,195,,,google-flights,ok,
2026-09-26 23:09:35+0700,SUB-SIN,SUB,SIN,2026-10-07,2026-10-14,economy,5007560,IDR,Batik Air,05:05,13:45,1,195,,,google-flights,ok,
2026-09-26 23:09:35+0700,SUB-SIN,SUB,SIN,2026-10-15,2026-10-22,economy,4056805,IDR,Indonesia AirAsia/AirAsia,11:20,18:05,1,240,,,google-flights,ok,
2026-09-26 23:09:35+0700,SUB-SIN,SUB,SIN,2026-10-23,2026-10-30,economy,3801016,IDR,Indonesia AirAsia/AirAsia,05:05,11:35,1,230,,,google-flights,ok,
2026-09-26 23:09:35+0700,SUB-SIN,SUB,SIN,2026-10-31,2026-11-07,economy,4305596,IDR,Indonesia AirAsia/AirAsia,13:25,19:40,1,240,,,google-flights,ok,
2026-09-26 23:09:35+0700,SUB-SIN,SUB,SIN,2026-11-08,2026-11-15,economy,4333569,IDR,Indonesia AirAsia/AirAsia,05:00,11:35,1,230,,,google-flights,ok,
2026-09-26 23:09:35+0700,SUB-SIN,SUB,SIN,2026-11-16,2026-11-23,economy,4300196,IDR,Indonesia AirAsia/AirAsia,13:25,19:40,1,240,,,google-flights,ok,
2026-09-26 23:09:35+0700,SUB-SIN,SUB,SIN,2026-11-24,2026-12-01,economy,4353613,IDR,Indonesia AirAsia/AirAsia,11:20,18:00,1,235,,,google-flights,ok,
2026-09-26 23:09:35+0700,SUB-SIN,SUB,SIN,2026-12-02,2026-12-09,economy,5093323,IDR,Indonesia AirAsia/AirAsia,05:00,11:35,1,230,,,google-flights,ok,
2026-09-26 23:09:35+0700,SUB-SIN,SUB,SIN,2026-12-10,2026-12-17,economy,5227491,IDR,Malaysia Airlines,10:00,16:40,1,235,,,google-flights,ok,
2026-09-26 23:09:35+0700,SUB-SIN,SUB,SIN,2026-12-18,2026-12-25,economy,6104553,IDR,Garuda Indonesia,16:00,16:45,1,225,,,google-flights,ok,
2026-09-26 23:09:35+0700,SUB-SIN,SUB,SIN,2026-12-26,2027-01-02,economy,6664553,IDR,Garuda Indonesia,09:20,16:45,1,225,,,google-flights,ok,
2026-09-26 23:09:35+0700,SUB-SIN,SUB,SIN,2027-01-03,2027-01-10,economy,5806491,IDR,Malaysia Airlines,10:00,16:40,1,235,,,google-flights,ok,
2026-09-26 23:09:35+0700,SUB-SIN,SUB,SIN,2027-01-11,2027-01-18,economy,,IDR,,,,,,,,,error,IndexError: list index out of range
2026-09-26 23:09:35+0700,SUB-SIN,SUB,SIN,2027-01-19,2027-01-26,economy,,IDR,,,,,,,,,error,IndexError: list index out of range
2026-09-26 23:09:35+0700,SUB-SIN,SUB,SIN,2027-01-27,2027-02-03,economy,,IDR,,,,,,,,,error,IndexError: list index out of range
2026-09-27 02:07:58+0700,DPS-MEL,DPS,MEL,2026-09-28,2026-10-12,economy,,IDR,,,,,,,,,error,IndexError: list index out of range
2026-09-27 02:07:58+0700,DPS-MEL,DPS,MEL,2026-10-06,2026-10-20,economy,,IDR,,,,,,,,,error,IndexError: list index out of range
2026-09-27 02:07:58+0700,DPS-MEL,DPS,MEL,2026-10-14,2026-10-28,economy,,IDR,,,,,,,,,error,IndexError: list index out of range
2026-09-27 02:07:58+0700,DPS-MEL,DPS,MEL,2026-10-22,2026-11-05,economy,,IDR,,,,,,,,,error,IndexError: list index out of range
2026-09-27 02:07:58+0700,DPS-MEL,DPS,MEL,2026-10-30,2026-11-13,economy,11175218,IDR,Scoot,20:00,21:20,1,605,,,google-flights,ok,
2026-09-27 02:07:58+0700,DPS-MEL,DPS,MEL,2026-11-07,2026-11-21,economy,11716729,IDR,Jetstar,07:00,00:20,1,420,,,google-flights,ok,
2026-09-27 02:07:58+0700,DPS-MEL,DPS,MEL,2026-11-15,2026-11-29,economy,9728811,IDR,Jetstar,11:30,20:10,0,340,,,google-flights,ok,
2026-09-27 02:07:58+0700,DPS-MEL,DPS,MEL,2026-11-23,2026-12-07,economy,9083467,IDR,Jetstar,14:55,23:35,0,340,,,google-flights,ok,
2026-09-27 02:07:58+0700,DPS-MEL,DPS,MEL,2026-12-01,2026-12-15,economy,9650318,IDR,Jetstar,20:20,04:55,0,335,,,google-flights,ok,
2026-09-27 02:07:58+0700,DPS-MEL,DPS,MEL,2026-12-09,2026-12-23,economy,11990782,IDR,Virgin Australia,23:20,16:50,2,530,,,google-flights,ok,
2026-09-27 02:07:58+0700,DPS-MEL,DPS,MEL,2026-12-17,2026-12-31,economy,8530289,IDR,Jetstar,14:55,23:35,0,340,,,google-flights,ok,
2026-09-27 02:07:58+0700,DPS-MEL,DPS,MEL,2026-12-25,2027-01-08,economy,7828017,IDR,Jetstar,23:10,14:15,1,485,,,google-flights,ok,
2026-09-27 02:07:58+0700,DPS-MEL,DPS,MEL,2027-01-02,2027-01-16,economy,11791865,IDR,Scoot,20:00,21:20,1,605,,,google-flights,ok,
2026-09-27 02:07:58+0700,DPS-MEL,DPS,MEL,2027-01-10,2027-01-24,economy,13325810,IDR,Jetstar,11:30,20:10,0,340,,,google-flights,ok,
2026-09-27 02:07:58+0700,DPS-MEL,DPS,MEL,2027-01-18,2027-02-01,economy,10148876,IDR,Jetstar,14:55,23:35,0,340,,,google-flights,ok,
2026-09-27 02:07:58+0700,DPS-MEL,DPS,MEL,2027-01-26,2027-02-09,economy,8655410,IDR,Virgin Australia,22:00,06:40,0,340,,,google-flights,ok,
2026-09-27 02:07:58+0700,SUB-TPE,SUB,TPE,2026-09-29,2026-10-13,economy,13763335,IDR,Scoot,19:50,05:45,1,430,,,google-flights,ok,
2026-09-27 02:07:58+0700,SUB-TPE,SUB,TPE,2026-10-07,2026-10-21,economy,6058154,IDR,Scoot,10:35,11:45,1,430,,,google-flights,ok,
2026-09-27 02:07:58+0700,SUB-TPE,SUB,TPE,2026-10-15,2026-10-29,economy,5035141,IDR,Scoot,10:35,17:10,1,430,,,google-flights,ok,
2026-09-27 02:07:58+0700,SUB-TPE,SUB,TPE,2026-10-23,2026-11-06,economy,6058154,IDR,Scoot,19:50,05:45,1,430,,,google-flights,ok,
2026-09-27 02:07:58+0700,SUB-TPE,SUB,TPE,2026-10-31,2026-11-14,economy,4490089,IDR,Scoot,19:30,05:35,1,425,,,google-flights,ok,
2026-09-27 02:07:58+0700,SUB-TPE,SUB,TPE,2026-11-08,2026-11-22,economy,5240821,IDR,Scoot,19:30,05:35,1,425,,,google-flights,ok,
2026-09-27 02:07:58+0700,SUB-TPE,SUB,TPE,2026-11-16,2026-11-30,economy,9251090,IDR,Scoot,09:50,05:35,1,425,,,google-flights,ok,
2026-09-27 02:07:58+0700,SUB-TPE,SUB,TPE,2026-11-24,2026-12-08,economy,7842183,IDR,Scoot,09:50,05:35,1,425,,,google-flights,ok,
2026-09-27 02:07:58+0700,SUB-TPE,SUB,TPE,2026-12-02,2026-12-16,economy,8479791,IDR,Scoot,19:30,05:35,1,425,,,google-flights,ok,
2026-09-27 02:07:58+0700,SUB-TPE,SUB,TPE,2026-12-10,2026-12-24,economy,12161461,IDR,Scoot,09:50,05:35,1,425,,,google-flights,ok,
2026-09-27 02:07:58+0700,SUB-TPE,SUB,TPE,2026-12-18,2027-01-01,economy,13202612,IDR,Scoot,19:30,05:35,1,425,,,google-flights,ok,
2026-09-27 02:07:58+0700,SUB-TPE,SUB,TPE,2026-12-26,2027-01-09,economy,12863240,IDR,Scoot,19:30,05:35,1,425,,,google-flights,ok,
2026-09-27 02:07:58+0700,SUB-TPE,SUB,TPE,2027-01-03,2027-01-17,economy,5035141,IDR,Scoot,19:30,11:00,1,435,,,google-flights,ok,
2026-09-27 02:07:58+0700,SUB-TPE,SUB,TPE,2027-01-11,2027-01-25,economy,5240821,IDR,Scoot,09:50,11:00,1,435,,,google-flights,ok,
2026-09-27 02:07:58+0700,SUB-TPE,SUB,TPE,2027-01-19,2027-02-02,economy,6685478,IDR,Scoot,09:50,05:35,1,425,,,google-flights,ok,
2026-09-27 02:07:58+0700,SUB-TPE,SUB,TPE,2027-01-27,2027-02-10,economy,6479798,IDR,Scoot,19:30,05:35,1,425,,,google-flights,ok,
2026-09-27 02:07:58+0700,SUB-TPE,SUB,TPE,2027-02-04,2027-02-18,economy,8479791,IDR,Scoot,09:50,05:35,1,425,,,google-flights,ok,
2026-09-27 02:07:58+0700,SUB-TPE,SUB,TPE,2027-02-12,2027-02-26,economy,12565004,IDR,Scoot,19:30,05:35,1,425,,,google-flights,ok,
2026-09-27 02:07:58+0700,SUB-TPE,SUB,TPE,2027-02-20,2027-03-06,economy,5240821,IDR,Scoot,09:50,13:10,1,425,,,google-flights,ok,
2026-09-27 02:07:58+0700,SUB-TPE,SUB,TPE,2027-02-28,2027-03-14,economy,10516022,IDR,Scoot,19:30,05:35,1,425,,,google-flights,ok,
2026-09-27 02:07:58+0700,SUB-TPE,SUB,TPE,2027-03-08,2027-03-22,economy,9307897,IDR,Scoot,09:50,05:35,1,425,,,google-flights,ok,
2026-09-27 02:07:58+0700,SUB-TPE,SUB,TPE,2027-03-16,2027-03-30,economy,5240821,IDR,Scoot,09:50,13:10,1,425,,,google-flights,ok,
2026-09-27 02:07:58+0700,SUB-TPE,SUB,TPE,2027-03-24,2027-04-07,economy,5078226,IDR,Scoot,19:30,13:10,1,425,,,google-flights,ok,
2026-09-27 02:07:58+0700,SUB-TPE,SUB,TPE,2027-04-01,2027-04-15,economy,7301029,IDR,Scoot,08:35,14:15,1,430,,,google-flights,ok,
2026-09-27 02:07:58+0700,SUB-TPE,SUB,TPE,2027-04-09,2027-04-23,economy,5938644,IDR,Scoot,19:50,11:45,1,430,,,google-flights,ok,
2026-09-27 02:07:58+0700,SUB-TPE,SUB,TPE,2027-04-17,2027-05-01,economy,5326991,IDR,Scoot,19:50,17:10,1,430,,,google-flights,ok,
2026-09-27 02:07:58+0700,SUB-TPE,SUB,TPE,2027-04-25,2027-05-09,economy,5666363,IDR,Scoot,19:50,05:45,1,430,,,google-flights,ok,
2026-09-27 02:07:58+0700,SUB-TPE,SUB,TPE,2027-05-03,2027-05-17,economy,7301029,IDR,Scoot,10:35,11:45,1,430,,,google-flights,ok,
2026-09-27 02:07:58+0700,SUB-TPE,SUB,TPE,2027-05-11,2027-05-25,economy,4576259,IDR,Scoot,19:50,17:10,1,430,,,google-flights,ok,
2026-09-27 02:07:58+0700,SUB-TPE,SUB,TPE,2027-05-19,2027-06-02,economy,4781939,IDR,Scoot,19:50,17:10,1,430,,,google-flights,ok,
2026-09-27 02:07:58+0700,SUB-TPE,SUB,TPE,2027-05-27,2027-06-10,economy,6483696,IDR,Scoot,08:35,05:45,1,430,,,google-flights,ok,
2026-09-27 02:07:58+0700,SUB-TPE,SUB,TPE,2027-06-04,2027-06-18,economy,5121311,IDR,Scoot,19:50,05:45,1,430,,,google-flights,ok,
2026-09-27 02:07:58+0700,SUB-TPE,SUB,TPE,2027-06-12,2027-06-26,economy,5666363,IDR,Scoot,19:50,17:10,1,430,,,google-flights,ok,
2026-09-27 02:07:58+0700,SUB-TPE,SUB,TPE,2027-06-20,2027-07-04,economy,5326991,IDR,Scoot,19:50,17:10,1,430,,,google-flights,ok,
2026-09-27 02:07:58+0700,SUB-TPE,SUB,TPE,2027-06-28,2027-07-12,economy,5326991,IDR,Scoot,10:35,14:15,1,430,,,google-flights,ok,
2026-09-27 02:07:58+0700,SUB-KUL,SUB,KUL,2026-10-03,2026-10-10,economy,3529831,IDR,Indonesia AirAsia,11:20,15:00,0,160,,,google-flights,ok,
2026-09-27 02:07:58+0700,SUB-KUL,SUB,KUL,2026-10-11,2026-10-18,economy,4537880,IDR,Batik Air,05:05,13:10,1,220,,,google-flights,ok,
2026-09-27 02:07:58+0700,SUB-KUL,SUB,KUL,2026-10-19,2026-10-26,economy,2216251,IDR,Indonesia AirAsia,07:05,10:45,0,160,,,google-flights,ok,
2026-09-27 02:07:58+0700,SUB-KUL,SUB,KUL,2026-10-27,2026-11-03,economy,3209056,IDR,Malaysia Airlines,10:00,13:40,0,160,,,google-flights,ok,
2026-09-27 02:07:58+0700,SUB-KUL,SUB,KUL,2026-11-04,2026-11-11,economy,2384477,IDR,Indonesia AirAsia,11:20,14:55,0,155,,,google-flights,ok,
2026-09-27 02:07:58+0700,SUB-KUL,SUB,KUL,2026-11-12,2026-11-19,economy,3209056,IDR,Malaysia Airlines,10:00,13:40,0,160,,,google-flights,ok,
2026-09-27 02:07:58+0700,SUB-KUL,SUB,KUL,2026-11-20,2026-11-27,economy,3174830,IDR,Indonesia AirAsia,05:00,08:35,0,155,,,google-flights,ok,
2026-09-27 02:07:58+0700,SUB-KUL,SUB,KUL,2026-11-28,2026-12-05,economy,3659449,IDR,Malaysia Airlines,15:50,19:30,0,160,,,google-flights,ok,
2026-09-27 02:07:58+0700,SUB-KUL,SUB,KUL,2026-12-06,2026-12-13,economy,2617953,IDR,Indonesia AirAsia,05:00,08:35,0,155,,,google-flights,ok,
2026-09-27 02:07:58+0700,SUB-KUL,SUB,KUL,2026-12-14,2026-12-21,economy,4582691,IDR,Malaysia Airlines,10:00,13:40,0,160,,,google-flights,ok,
2026-09-27 02:07:58+0700,SUB-KUL,SUB,KUL,2026-12-22,2026-12-29,economy,4371235,IDR,Indonesia AirAsia,05:00,08:35,0,155,,,google-flights,ok,
2026-09-27 02:07:58+0700,SUB-KUL,SUB,KUL,2026-12-30,2027-01-06,economy,3702045,IDR,Indonesia AirAsia,05:00,08:35,0,155,,,google-flights,ok,
2026-09-27 02:07:58+0700,SUB-KUL,SUB,KUL,2027-01-07,2027-01-14,economy,3271392,IDR,Indonesia AirAsia,05:00,08:35,0,155,,,google-flights,ok,
2026-09-27 02:07:58+0700,SUB-KUL,SUB,KUL,2027-01-15,2027-01-22,economy,2617953,IDR,Indonesia AirAsia,05:00,08:35,0,155,,,google-flights,ok,
2026-09-27 02:07:58+0700,SUB-KUL,SUB,KUL,2027-01-23,2027-01-30,economy,2617953,IDR,Indonesia AirAsia,05:00,08:35,0,155,,,google-flights,ok,
2026-09-27 02:07:58+0700,SUB-KUL,SUB,KUL,2027-01-31,2027-02-07,economy,4197582,IDR,Malaysia Airlines,10:00,13:40,0,160,,,google-flights,ok,
2026-09-27 02:07:58+0700,SUB-SIN,SUB,SIN,2026-10-04,2026-10-11,economy,5101030,IDR,Lion/Batik Air,06:30,13:45,1,195,,,google-flights,ok,
2026-09-27 02:07:58+0700,SUB-SIN,SUB,SIN,2026-10-12,2026-10-19,economy,4828160,IDR,Lion/Batik Air,06:30,13:45,1,195,,,google-flights,ok,
2026-09-27 02:07:58+0700,SUB-SIN,SUB,SIN,2026-10-20,2026-10-27,economy,4071010,IDR,Indonesia AirAsia/AirAsia,07:05,13:00,1,225,,,google-flights,ok,
2026-09-27 02:07:58+0700,SUB-SIN,SUB,SIN,2026-10-28,2026-11-04,economy,4056805,IDR,Indonesia AirAsia/AirAsia,05:00,11:35,1,230,,,google-flights,ok,
2026-09-27 02:07:58+0700,SUB-SIN,SUB,SIN,2026-11-05,2026-11-12,economy,4056805,IDR,Indonesia AirAsia/AirAsia,13:25,19:40,1,240,,,google-flights,ok,
2026-09-27 02:07:58+0700,SUB-SIN,SUB,SIN,2026-11-13,2026-11-20,economy,3924065,IDR,Indonesia AirAsia/AirAsia,13:25,20:55,1,240,,,google-flights,ok,
2026-09-27 02:07:58+0700,SUB-SIN,SUB,SIN,2026-11-21,2026-11-28,economy,3713789,IDR,Indonesia AirAsia/AirAsia,13:25,20:55,1,240,,,google-flights,ok,
2026-09-27 02:07:58+0700,SUB-SIN,SUB,SIN,2026-11-29,2026-12-06,economy,4987696,IDR,Indonesia AirAsia/AirAsia,05:00,11:35,1,230,,,google-flights,ok,
2026-09-27 02:07:58+0700,SUB-SIN,SUB,SIN,2026-12-07,2026-12-14,economy,4567416,IDR,"Pelita Air Service, Pt",18:25,10:45,1,205,,,google-flights,ok,
2026-09-27 02:07:58+0700,SUB-SIN,SUB,SIN,2026-12-15,2026-12-22,economy,5687491,IDR,Malaysia Airlines,10:00,18:35,1,235,,,google-flights,ok,
2026-09-27 02:07:58+0700,SUB-SIN,SUB,SIN,2026-12-23,2026-12-30,economy,5871491,IDR,Malaysia Airlines,10:00,16:40,1,235,,,google-flights,ok,
2026-09-27 02:07:58+0700,SUB-SIN,SUB,SIN,2026-12-31,2027-01-07,economy,5871491,IDR,Malaysia Airlines,15:50,00:30,1,230,,,google-flights,ok,
2026-09-27 02:07:58+0700,SUB-SIN,SUB,SIN,2027-01-08,2027-01-15,economy,5549491,IDR,Malaysia Airlines,18:05,00:30,1,230,,,google-flights,ok,
2026-09-27 02:07:58+0700,SUB-SIN,SUB,SIN,2027-01-16,2027-01-23,economy,4658611,IDR,Indonesia AirAsia/AirAsia,05:00,11:35,1,230,,,google-flights,ok,
2026-09-27 02:07:58+0700,SUB-SIN,SUB,SIN,2027-01-24,2027-01-31,economy,,IDR,,,,,,,,,error,IndexError: list index out of range
2026-09-27 02:07:58+0700,SUB-SIN,SUB,SIN,2027-02-01,2027-02-08,economy,,IDR,,,,,,,,,error,IndexError: list index out of range
2026-09-27 05:09:17+0700,DPS-MEL,DPS,MEL,2026-09-29,2026-10-13,economy,,IDR,,,,,,,,,error,IndexError: list index out of range
2026-09-27 05:09:17+0700,DPS-MEL,DPS,MEL,2026-10-07,2026-10-21,economy,,IDR,,,,,,,,,error,IndexError: list index out of range
2026-09-27 05:09:17+0700,DPS-MEL,DPS,MEL,2026-10-15,2026-10-29,economy,,IDR,,,,,,,,,error,IndexError: list index out of range
2026-09-27 05:09:17+0700,DPS-MEL,DPS,MEL,2026-10-23,2026-11-06,economy,,IDR,,,,,,,,,error,IndexError: list index out of range
2026-09-27 05:09:17+0700,DPS-MEL,DPS,MEL,2026-10-31,2026-11-14,economy,10557516,IDR,Jetstar,11:30,20:10,0,340,,,google-flights,ok,
2026-09-27 05:09:17+0700,DPS-MEL,DPS,MEL,2026-11-08,2026-11-22,economy,10369176,IDR,Scoot,20:00,21:20,1,605,,,google-flights,ok,
2026-09-27 05:09:17+0700,DPS-MEL,DPS,MEL,2026-11-16,2026-11-30,economy,8799455,IDR,Virgin Australia,23:20,22:00,1,490,,,google-flights,ok,
2026-09-27 05:09:17+0700,DPS-MEL,DPS,MEL,2026-11-24,2026-12-08,economy,9197808,IDR,Jetstar,14:55,23:35,0,340,,,google-flights,ok,
2026-09-27 05:09:17+0700,DPS-MEL,DPS,MEL,2026-12-02,2026-12-16,economy,10603296,IDR,Jetstar,14:55,23:35,0,340,,,google-flights,ok,
2026-09-27 05:09:17+0700,DPS-MEL,DPS,MEL,2026-12-10,2026-12-24,economy,13055282,IDR,Virgin Australia,22:30,18:35,1,465,,,google-flights,ok,
2026-09-27 05:09:17+0700,DPS-MEL,DPS,MEL,2026-12-18,2027-01-01,economy,8421461,IDR,Jetstar,14:55,23:35,0,340,,,google-flights,ok,
2026-09-27 05:09:17+0700,DPS-MEL,DPS,MEL,2026-12-26,2027-01-09,economy,6420944,IDR,Jetstar,14:55,23:35,0,340,,,google-flights,ok,
2026-09-27 05:09:17+0700,DPS-MEL,DPS,MEL,2027-01-03,2027-01-17,economy,11791865,IDR,Scoot,20:00,21:20,1,605,,,google-flights,ok,
2026-09-27 05:09:17+0700,DPS-MEL,DPS,MEL,2027-01-11,2027-01-25,economy,11644410,IDR,Virgin Australia,22:00,06:40,0,340,,,google-flights,ok,
2026-09-27 05:09:17+0700,DPS-MEL,DPS,MEL,2027-01-19,2027-02-02,economy,8883876,IDR,Jetstar,11:30,20:10,0,340,,,google-flights,ok,
2026-09-27 05:09:17+0700,DPS-MEL,DPS,MEL,2027-01-27,2027-02-10,economy,7944410,IDR,Virgin Australia,15:50,00:30,0,340,,,google-flights,ok,
2026-09-27 05:09:17+0700,SUB-TPE,SUB,TPE,2026-09-30,2026-10-14,economy,8762845,IDR,Scoot,19:50,11:45,1,430,,,google-flights,ok,
2026-09-27 05:09:17+0700,SUB-TPE,SUB,TPE,2026-10-08,2026-10-22,economy,7214859,IDR,Scoot,10:35,05:45,1,430,,,google-flights,ok,
2026-09-27 05:09:17+0700,SUB-TPE,SUB,TPE,2026-10-16,2026-10-30,economy,4901449,IDR,Scoot,19:50,17:10,1,430,,,google-flights,ok,
2026-09-27 05:09:17+0700,SUB-TPE,SUB,TPE,2026-10-24,2026-11-07,economy,4695769,IDR,Scoot,19:50,11:00,1,425,,,google-flights,ok,
2026-09-27 05:09:17+0700,SUB-TPE,SUB,TPE,2026-11-01,2026-11-15,economy,5580193,IDR,Scoot,19:30,05:35,1,425,,,google-flights,ok,
2026-09-27 05:09:17+0700,SUB-TPE,SUB,TPE,2026-11-09,2026-11-23,economy,,IDR,,,,,,,,,error,TypeError: 'NoneType' object is not subscriptable
2026-09-27 05:09:17+0700,SUB-TPE,SUB,TPE,2026-11-17,2026-12-01,economy,6397526,IDR,Scoot,19:30,05:35,1,425,,,google-flights,ok,
2026-09-27 05:09:17+0700,SUB-TPE,SUB,TPE,2026-11-25,2026-12-09,economy,5580193,IDR,Scoot,19:30,05:35,1,425,,,google-flights,ok,
2026-09-27 05:09:17+0700,SUB-TPE,SUB,TPE,2026-12-03,2026-12-17,economy,11390162,IDR,Scoot,09:50,05:35,1,425,,,google-flights,ok,
2026-09-27 05:09:17+0700,SUB-TPE,SUB,TPE,2026-12-11,2026-12-25,economy,13202612,IDR,Scoot,19:30,05:35,1,425,,,google-flights,ok,
2026-09-27 05:09:17+0700,SUB-TPE,SUB,TPE,2026-12-19,2027-01-02,economy,16660501,IDR,Scoot,19:30,05:35,1,425,,,google-flights,ok,
2026-09-27 05:09:17+0700,SUB-TPE,SUB,TPE,2026-12-27,2027-01-10,economy,10125230,IDR,Scoot,19:30,11:00,1,435,,,google-flights,ok,
2026-09-27 05:09:17+0700,SUB-TPE,SUB,TPE,2027-01-04,2027-01-18,economy,6058154,IDR,Scoot,09:50,11:00,1,435,,,google-flights,ok,
2026-09-27 05:09:17+0700,SUB-TPE,SUB,TPE,2027-01-12,2027-01-26,economy,5035141,IDR,Scoot,19:30,05:35,1,425,,,google-flights,ok,
2026-09-27 05:09:17+0700,SUB-TPE,SUB,TPE,2027-01-20,2027-02-03,economy,7888705,IDR,Scoot,19:30,05:35,1,425,,,google-flights,ok,
2026-09-27 05:09:17+0700,SUB-TPE,SUB,TPE,2027-01-28,2027-02-11,economy,6058154,IDR,Scoot,09:50,11:00,1,435,,,google-flights,ok,
2026-09-27 05:09:17+0700,SUB-TPE,SUB,TPE,2027-02-05,2027-02-19,economy,8479791,IDR,Scoot,19:30,05:35,1,425,,,google-flights,ok,
2026-09-27 05:09:17+0700,SUB-TPE,SUB,TPE,2027-02-13,2027-02-27,economy,12565004,IDR,Scoot,19:30,05:35,1,425,,,google-flights,ok,
2026-09-27 05:09:17+0700,SUB-TPE,SUB,TPE,2027-02-21,2027-03-07,economy,5035141,IDR,Scoot,19:30,11:00,1,435,,,google-flights,ok,
2026-09-27 05:09:17+0700,SUB-TPE,SUB,TPE,2027-03-01,2027-03-15,economy,9878414,IDR,Scoot,09:50,05:35,1,425,,,google-flights,ok,
2026-09-27 05:09:17+0700,SUB-TPE,SUB,TPE,2027-03-09,2027-03-23,economy,8094385,IDR,Scoot,19:30,11:00,1,435,,,google-flights,ok,
2026-09-27 05:09:17+0700,SUB-TPE,SUB,TPE,2027-03-17,2027-03-31,economy,5852474,IDR,Scoot,19:30,13:10,1,425,,,google-flights,ok,
2026-09-27 05:09:17+0700,SUB-TPE,SUB,TPE,2027-03-25,2027-04-08,economy,7885268,IDR,Scoot,09:50,11:00,1,435,,,google-flights,ok,
2026-09-27 05:09:17+0700,SUB-TPE,SUB,TPE,2027-04-02,2027-04-16,economy,5938644,IDR,Scoot,19:50,17:10,1,430,,,google-flights,ok,
2026-09-27 05:09:17+0700,SUB-TPE,SUB,TPE,2027-04-10,2027-04-24,economy,6144324,IDR,Scoot,19:50,17:10,1,430,,,google-flights,ok,
2026-09-27 05:09:17+0700,SUB-TPE,SUB,TPE,2027-04-18,2027-05-02,economy,5666363,IDR,Scoot,19:50,05:45,1,430,,,google-flights,ok,
2026-09-27 05:09:17+0700,SUB-TPE,SUB,TPE,2027-04-26,2027-05-10,economy,4987619,IDR,Scoot,10:35,17:10,1,430,,,google-flights,ok,
2026-09-27 05:09:17+0700,SUB-TPE,SUB,TPE,2027-05-04,2027-05-18,economy,4781939,IDR,Scoot,19:50,17:10,1,430,,,google-flights,ok,
2026-09-27 05:09:17+0700,SUB-TPE,SUB,TPE,2027-05-12,2027-05-26,economy,4576259,IDR,Scoot,19:50,17:10,1,430,,,google-flights,ok,
2026-09-27 05:09:17+0700,SUB-TPE,SUB,TPE,2027-05-20,2027-06-03,economy,6483696,IDR,Scoot,08:35,05:45,1,430,,,google-flights,ok,
2026-09-27 05:09:17+0700,SUB-TPE,SUB,TPE,2027-05-28,2027-06-11,economy,5121311,IDR,Scoot,19:50,11:45,1,430,,,google-flights,ok,
2026-09-27 05:09:17+0700,SUB-TPE,SUB,TPE,2027-06-05,2027-06-19,economy,5326991,IDR,Scoot,19:50,17:10,1,430,,,google-flights,ok,
2026-09-27 05:09:17+0700,SUB-TPE,SUB,TPE,2027-06-13,2027-06-27,economy,5666363,IDR,Scoot,19:50,05:45,1,430,,,google-flights,ok,
2026-09-27 05:09:17+0700,SUB-TPE,SUB,TPE,2027-06-21,2027-07-05,economy,6144324,IDR,Scoot,10:35,17:10,1,430,,,google-flights,ok,
2026-09-27 05:09:17+0700,SUB-TPE,SUB,TPE,2027-06-29,2027-07-13,economy,4576259,IDR,Scoot,19:50,17:10,1,430,,,google-flights,ok,
2026-09-27 05:09:17+0700,SUB-KUL,SUB,KUL,2026-10-04,2026-10-11,economy,3434571,IDR,Citilink Indonesia,07:35,19:10,1,230,,,google-flights,ok,
2026-09-27 05:09:17+0700,SUB-KUL,SUB,KUL,2026-10-12,2026-10-19,economy,3637880,IDR,Batik Air,05:05,13:10,1,220,,,google-flights,ok,
2026-09-27 05:09:17+0700,SUB-KUL,SUB,KUL,2026-10-20,2026-10-27,economy,2384477,IDR,Indonesia AirAsia,17:45,21:25,0,160,,,google-flights,ok,
2026-09-27 05:09:17+0700,SUB-KUL,SUB,KUL,2026-10-28,2026-11-04,economy,2384477,IDR,Indonesia AirAsia,11:20,14:55,0,155,,,google-flights,ok,
2026-09-27 05:09:17+0700,SUB-KUL,SUB,KUL,2026-11-05,2026-11-12,economy,3209056,IDR,Malaysia Airlines,10:00,13:40,0,160,,,google-flights,ok,
2026-09-27 05:09:17+0700,SUB-KUL,SUB,KUL,2026-11-13,2026-11-20,economy,3209056,IDR,Malaysia Airlines,10:00,13:40,0,160,,,google-flights,ok,
2026-09-27 05:09:17+0700,SUB-KUL,SUB,KUL,2026-11-21,2026-11-28,economy,3209056,IDR,Malaysia Airlines,10:00,13:40,0,160,,,google-flights,ok,
2026-09-27 05:09:17+0700,SUB-KUL,SUB,KUL,2026-11-29,2026-12-06,economy,2617953,IDR,Indonesia AirAsia,17:40,21:15,0,155,,,google-flights,ok,
2026-09-27 05:09:17+0700,SUB-KUL,SUB,KUL,2026-12-07,2026-12-14,economy,4184083,IDR,Malaysia Airlines,10:00,13:40,0,160,,,google-flights,ok,
2026-09-27 05:09:17+0700,SUB-KUL,SUB,KUL,2026-12-15,2026-12-22,economy,4602113,IDR,Malaysia Airlines,10:00,13:40,0,160,,,google-flights,ok,
2026-09-27 05:09:17+0700,SUB-KUL,SUB,KUL,2026-12-23,2026-12-30,economy,4371235,IDR,Indonesia AirAsia,05:00,08:35,0,155,,,google-flights,ok,
2026-09-27 05:09:17+0700,SUB-KUL,SUB,KUL,2026-12-31,2027-01-07,economy,4120045,IDR,Indonesia AirAsia,11:20,14:55,0,155,,,google-flights,ok,
2026-09-27 05:09:17+0700,SUB-KUL,SUB,KUL,2027-01-08,2027-01-15,economy,4413714,IDR,Malaysia Airlines,10:00,13:40,0,160,,,google-flights,ok,
2026-09-27 05:09:17+0700,SUB-KUL,SUB,KUL,2027-01-16,2027-01-23,economy,2617953,IDR,Indonesia AirAsia,05:00,08:35,0,155,,,google-flights,ok,
2026-09-27 05:09:17+0700,SUB-KUL,SUB,KUL,2027-01-24,2027-01-31,economy,2617953,IDR,Indonesia AirAsia,05:00,08:35,0,155,,,google-flights,ok,
2026-09-27 05:09:17+0700,SUB-KUL,SUB,KUL,2027-02-01,2027-02-08,economy,3037369,IDR,Indonesia AirAsia,05:00,08:35,0,155,,,google-flights,ok,
2026-09-27 05:09:17+0700,SUB-SIN,SUB,SIN,2026-10-05,2026-10-12,economy,5526160,IDR,Lion/Batik Air,06:30,13:45,1,195,,,google-flights,ok,
2026-09-27 05:09:17+0700,SUB-SIN,SUB,SIN,2026-10-13,2026-10-20,economy,4203054,IDR,Indonesia AirAsia/AirAsia,07:05,13:00,1,225,,,google-flights,ok,
2026-09-27 05:09:17+0700,SUB-SIN,SUB,SIN,2026-10-21,2026-10-28,economy,4056805,IDR,Indonesia AirAsia/AirAsia,11:20,18:05,1,240,,,google-flights,ok,
2026-09-27 05:09:17+0700,SUB-SIN,SUB,SIN,2026-10-29,2026-11-05,economy,4164515,IDR,Indonesia AirAsia/AirAsia,13:25,19:40,1,240,,,google-flights,ok,
2026-09-27 05:09:17+0700,SUB-SIN,SUB,SIN,2026-11-06,2026-11-13,economy,4260525,IDR,Indonesia AirAsia/AirAsia,13:25,19:40,1,240,,,google-flights,ok,
2026-09-27 05:09:17+0700,SUB-SIN,SUB,SIN,2026-11-14,2026-11-21,economy,4023433,IDR,Indonesia AirAsia/AirAsia,13:25,19:40,1,240,,,google-flights,ok,
2026-09-27 05:09:17+0700,SUB-SIN,SUB,SIN,2026-11-22,2026-11-29,economy,4628491,IDR,Malaysia Airlines,18:05,00:30,1,230,,,google-flights,ok,
2026-09-27 05:09:17+0700,SUB-SIN,SUB,SIN,2026-11-30,2026-12-07,economy,4255546,IDR,"Pelita Air Service, Pt",18:25,10:45,1,205,,,google-flights,ok,
2026-09-27 05:09:17+0700,SUB-SIN,SUB,SIN,2026-12-08,2026-12-15,economy,4901564,IDR,Indonesia AirAsia/AirAsia,05:00,11:35,1,230,,,google-flights,ok,
2026-09-27 05:09:17+0700,SUB-SIN,SUB,SIN,2026-12-16,2026-12-23,economy,6042553,IDR,Garuda Indonesia,16:00,16:45,1,225,,,google-flights,ok,
2026-09-27 05:09:17+0700,SUB-SIN,SUB,SIN,2026-12-24,2026-12-31,economy,5948553,IDR,Garuda Indonesia,16:00,16:45,1,225,,,google-flights,ok,
2026-09-27 05:09:17+0700,SUB-SIN,SUB,SIN,2027-01-01,2027-01-08,economy,6156491,IDR,Malaysia Airlines,18:05,00:30,1,230,,,google-flights,ok,
2026-09-27 05:09:17+0700,SUB-SIN,SUB,SIN,2027-01-09,2027-01-16,economy,5783824,IDR,Indonesia AirAsia/AirAsia,05:00,11:35,1,230,,,google-flights,ok,
2026-09-27 05:09:17+0700,SUB-SIN,SUB,SIN,2027-01-17,2027-01-24,economy,,IDR,,,,,,,,,error,IndexError: list index out of range
2026-09-27 05:09:17+0700,SUB-SIN,SUB,SIN,2027-01-25,2027-02-01,economy,,IDR,,,,,,,,,error,IndexError: list index out of range
2026-09-27 08:08:43+0700,DPS-MEL,DPS,MEL,2026-09-30,2026-10-14,economy,,IDR,,,,,,,,,error,IndexError: list index out of range
2026-09-27 08:08:43+0700,DPS-MEL,DPS,MEL,2026-10-08,2026-10-22,economy,,IDR,,,,,,,,,error,IndexError: list index out of range
2026-09-27 08:08:43+0700,DPS-MEL,DPS,MEL,2026-10-16,2026-10-30,economy,,IDR,,,,,,,,,error,IndexError: list index out of range
2026-09-27 08:08:43+0700,DPS-MEL,DPS,MEL,2026-10-24,2026-11-07,economy,,IDR,,,,,,,,,error,IndexError: list index out of range
2026-09-27 08:08:43+0700,DPS-MEL,DPS,MEL,2026-11-01,2026-11-15,economy,12453311,IDR,Jetstar,11:30,20:10,0,340,,,google-flights,ok,
2026-09-27 08:08:43+0700,DPS-MEL,DPS,MEL,2026-11-09,2026-11-23,economy,9552836,IDR,Jetstar,20:20,04:55,0,335,,,google-flights,ok,
2026-09-27 08:08:43+0700,DPS-MEL,DPS,MEL,2026-11-17,2026-12-01,economy,9696301,IDR,Jetstar,14:55,23:35,0,340,,,google-flights,ok,
2026-09-27 08:08:43+0700,DPS-MEL,DPS,MEL,2026-11-25,2026-12-09,economy,9030442,IDR,Jetstar,14:55,23:35,0,340,,,google-flights,ok,
2026-09-27 08:08:43+0700,DPS-MEL,DPS,MEL,2026-12-03,2026-12-17,economy,11603482,IDR,Virgin Australia,22:30,15:40,2,505,,,google-flights,ok,
2026-09-27 08:08:43+0700,DPS-MEL,DPS,MEL,2026-12-11,2026-12-25,economy,12022547,IDR,Jetstar,11:30,20:10,0,340,,,google-flights,ok,
2026-09-27 08:08:43+0700,DPS-MEL,DPS,MEL,2026-12-19,2027-01-02,economy,7950811,IDR,Jetstar,11:30,20:10,0,340,,,google-flights,ok,
2026-09-27 08:08:43+0700,DPS-MEL,DPS,MEL,2026-12-27,2027-01-10,economy,7591811,IDR,Jetstar,14:55,23:35,0,340,,,google-flights,ok,
2026-09-27 08:08:43+0700,DPS-MEL,DPS,MEL,2027-01-04,2027-01-18,economy,12163811,IDR,Jetstar,14:55,23:35,0,340,,,google-flights,ok,
2026-09-27 08:08:43+0700,DPS-MEL,DPS,MEL,2027-01-12,2027-01-26,economy,10184811,IDR,Jetstar,20:20,04:55,0,335,,,google-flights,ok,
2026-09-27 08:08:43+0700,DPS-MEL,DPS,MEL,2027-01-20,2027-02-03,economy,9337410,IDR,Virgin Australia,15:50,00:30,0,340,,,google-flights,ok,
2026-09-27 08:08:43+0700,DPS-MEL,DPS,MEL,2027-01-28,2027-02-11,economy,8169267,IDR,Jetstar,11:30,20:10,0,340,,,google-flights,ok,
2026-09-27 08:08:43+0700,SUB-TPE,SUB,TPE,2026-10-01,2026-10-15,economy,8968525,IDR,Scoot,10:35,17:10,1,430,,,google-flights,ok,
2026-09-27 08:08:43+0700,SUB-TPE,SUB,TPE,2026-10-09,2026-10-23,economy,6058154,IDR,Scoot,19:50,17:10,1,430,,,google-flights,ok,
2026-09-27 08:08:43+0700,SUB-TPE,SUB,TPE,2026-10-17,2026-10-31,economy,4695769,IDR,Scoot,19:50,05:45,1,430,,,google-flights,ok,
2026-09-27 08:08:43+0700,SUB-TPE,SUB,TPE,2026-10-25,2026-11-08,economy,7214859,IDR,Scoot,09:50,05:35,1,425,,,google-flights,ok,
2026-09-27 08:08:43+0700,SUB-TPE,SUB,TPE,2026-11-02,2026-11-16,economy,6685478,IDR,Scoot,09:50,05:35,1,425,,,google-flights,ok,
2026-09-27 08:08:43+0700,SUB-TPE,SUB,TPE,2026-11-10,2026-11-24,economy,5240821,IDR,Scoot,19:30,05:35,1,425,,,google-flights,ok,
2026-09-27 08:08:43+0700,SUB-TPE,SUB,TPE,2026-11-18,2026-12-02,economy,7024850,IDR,Scoot,09:50,05:35,1,425,,,google-flights,ok,
2026-09-27 08:08:43+0700,SUB-TPE,SUB,TPE,2026-11-26,2026-12-10,economy,8469507,IDR,Scoot,09:50,05:35,1,425,,,google-flights,ok,
2026-09-27 08:08:43+0700,SUB-TPE,SUB,TPE,2026-12-04,2026-12-18,economy,11390162,IDR,Scoot,19:30,05:35,1,425,,,google-flights,ok,
2026-09-27 08:08:43+0700,SUB-TPE,SUB,TPE,2026-12-12,2026-12-26,economy,10516022,IDR,Scoot,19:30,05:35,1,425,,,google-flights,ok,
2026-09-27 08:08:43+0700,SUB-TPE,SUB,TPE,2026-12-20,2027-01-03,economy,16660501,IDR,Scoot,19:30,05:35,1,425,,,google-flights,ok,
2026-09-27 08:08:43+0700,SUB-TPE,SUB,TPE,2026-12-28,2027-01-11,economy,10125230,IDR,Scoot,09:50,05:35,1,425,,,google-flights,ok,
2026-09-27 08:08:43+0700,SUB-TPE,SUB,TPE,2027-01-05,2027-01-19,economy,5035141,IDR,Scoot,19:30,11:00,1,435,,,google-flights,ok,
2026-09-27 08:08:43+0700,SUB-TPE,SUB,TPE,2027-01-13,2027-01-27,economy,5852474,IDR,Scoot,19:30,05:35,1,425,,,google-flights,ok,
2026-09-27 08:08:43+0700,SUB-TPE,SUB,TPE,2027-01-21,2027-02-04,economy,8968525,IDR,Scoot,09:50,11:00,1,435,,,google-flights,ok,
2026-09-27 08:08:43+0700,SUB-TPE,SUB,TPE,2027-01-29,2027-02-12,economy,4695769,IDR,Scoot,19:30,05:35,1,425,,,google-flights,ok,
2026-09-27 08:08:43+0700,SUB-TPE,SUB,TPE,2027-02-06,2027-02-20,economy,8479791,IDR,Scoot,19:30,05:35,1,425,,,google-flights,ok,
2026-09-27 08:08:43+0700,SUB-TPE,SUB,TPE,2027-02-14,2027-02-28,economy,5035141,IDR,Scoot,19:30,11:00,1,435,,,google-flights,ok,
2026-09-27 08:08:43+0700,SUB-TPE,SUB,TPE,2027-02-22,2027-03-08,economy,5580193,IDR,Scoot,09:50,13:15,1,430,,,google-flights,ok,
2026-09-27 08:08:43+0700,SUB-TPE,SUB,TPE,2027-03-02,2027-03-16,economy,9878414,IDR,Scoot,19:30,05:35,1,425,,,google-flights,ok,
2026-09-27 08:08:43+0700,SUB-TPE,SUB,TPE,2027-03-10,2027-03-24,economy,7888705,IDR,Scoot,19:30,05:35,1,425,,,google-flights,ok,
2026-09-27 08:08:43+0700,SUB-TPE,SUB,TPE,2027-03-18,2027-04-01,economy,7705543,IDR,Scoot,09:50,11:00,1,435,,,google-flights,ok,
2026-09-27 08:08:43+0700,SUB-TPE,SUB,TPE,2027-03-26,2027-04-09,economy,5895559,IDR,Scoot,19:30,17:00,1,425,,,google-flights,ok,
2026-09-27 08:08:43+0700,SUB-TPE,SUB,TPE,2027-04-03,2027-04-17,economy,6483696,IDR,Scoot,19:50,17:10,1,430,,,google-flights,ok,
2026-09-27 08:08:43+0700,SUB-TPE,SUB,TPE,2027-04-11,2027-04-25,economy,5666363,IDR,Scoot,19:50,05:45,1,430,,,google-flights,ok,
2026-09-27 08:08:43+0700,SUB-TPE,SUB,TPE,2027-04-19,2027-05-03,economy,5666363,IDR,Scoot,10:35,14:15,1,430,,,google-flights,ok,
2026-09-27 08:08:43+0700,SUB-TPE,SUB,TPE,2027-04-27,2027-05-11,economy,4545407,IDR,Scoot,19:50,05:45,1,430,,,google-flights,ok,
2026-09-27 08:08:43+0700,SUB-TPE,SUB,TPE,2027-05-05,2027-05-19,economy,5121311,IDR,Scoot,19:50,11:45,1,430,,,google-flights,ok,
2026-09-27 08:08:43+0700,SUB-TPE,SUB,TPE,2027-05-13,2027-05-27,economy,7111020,IDR,Scoot,08:35,05:45,1,430,,,google-flights,ok,
2026-09-27 08:08:43+0700,SUB-TPE,SUB,TPE,2027-05-21,2027-06-04,economy,5121311,IDR,Scoot,19:50,11:45,1,430,,,google-flights,ok,
2026-09-27 08:08:43+0700,SUB-TPE,SUB,TPE,2027-05-29,2027-06-12,economy,5121311,IDR,Scoot,19:50,17:10,1,430,,,google-flights,ok,
2026-09-27 08:08:43+0700,SUB-TPE,SUB,TPE,2027-06-06,2027-06-20,economy,5666363,IDR,Scoot,19:50,05:45,1,430,,,google-flights,ok,
2026-09-27 08:08:43+0700,SUB-TPE,SUB,TPE,2027-06-14,2027-06-28,economy,6144324,IDR,Scoot,10:35,17:10,1,430,,,google-flights,ok,
2026-09-27 08:08:43+0700,SUB-TPE,SUB,TPE,2027-06-22,2027-07-06,economy,4987619,IDR,Scoot,19:50,05:45,1,430,,,google-flights,ok,
2026-09-27 08:08:43+0700,SUB-TPE,SUB,TPE,2027-06-30,2027-07-14,economy,4781939,IDR,Scoot,19:50,11:45,1,430,,,google-flights,ok,
2026-09-27 08:08:43+0700,SUB-KUL,SUB,KUL,2026-10-05,2026-10-12,economy,4070880,IDR,Batik Air,05:05,13:10,1,220,,,google-flights,ok,
2026-09-27 08:08:43+0700,SUB-KUL,SUB,KUL,2026-10-13,2026-10-20,economy,2927908,IDR,Indonesia AirAsia,11:20,15:00,0,160,,,google-flights,ok,
2026-09-27 08:08:43+0700,SUB-KUL,SUB,KUL,2026-10-21,2026-10-28,economy,2070002,IDR,Indonesia AirAsia,07:05,10:45,0,160,,,google-flights,ok,
2026-09-27 08:08:43+0700,SUB-KUL,SUB,KUL,2026-10-29,2026-11-05,economy,2471704,IDR,Indonesia AirAsia,05:00,08:35,0,155,,,google-flights,ok,
2026-09-27 08:08:43+0700,SUB-KUL,SUB,KUL,2026-11-06,2026-11-13,economy,3435022,IDR,Malaysia Airlines,10:00,13:40,0,160,,,google-flights,ok,
2026-09-27 08:08:43+0700,SUB-KUL,SUB,KUL,2026-11-14,2026-11-21,economy,3209056,IDR,Malaysia Airlines,10:00,13:40,0,160,,,google-flights,ok,
2026-09-27 08:08:43+0700,SUB-KUL,SUB,KUL,2026-11-22,2026-11-29,economy,1982775,IDR,Indonesia AirAsia,05:00,08:35,0,155,,,google-flights,ok,
2026-09-27 08:08:43+0700,SUB-KUL,SUB,KUL,2026-11-30,2026-12-07,economy,3692207,IDR,Malaysia Airlines,18:05,21:45,0,160,,,google-flights,ok,
2026-09-27 08:08:43+0700,SUB-KUL,SUB,KUL,2026-12-08,2026-12-15,economy,4184083,IDR,Malaysia Airlines,10:00,13:40,0,160,,,google-flights,ok,
2026-09-27 08:08:43+0700,SUB-KUL,SUB,KUL,2026-12-16,2026-12-23,economy,4602113,IDR,Malaysia Airlines,10:00,13:40,0,160,,,google-flights,ok,
2026-09-27 08:08:43+0700,SUB-KUL,SUB,KUL,2026-12-24,2026-12-31,economy,4371235,IDR,Indonesia AirAsia,05:00,08:35,0,155,,,google-flights,ok,
2026-09-27 08:08:43+0700,SUB-KUL,SUB,KUL,2027-01-01,2027-01-08,economy,3702045,IDR,Indonesia AirAsia,05:00,08:35,0,155,,,google-flights,ok,
2026-09-27 08:08:43+0700,SUB-KUL,SUB,KUL,2027-01-09,2027-01-16,economy,3103166,IDR,Indonesia AirAsia,05:00,08:35,0,155,,,google-flights,ok,
2026-09-27 08:08:43+0700,SUB-KUL,SUB,KUL,2027-01-17,2027-01-24,economy,2617953,IDR,Indonesia AirAsia,05:00,08:35,0,155,,,google-flights,ok,
2026-09-27 08:08:43+0700,SUB-KUL,SUB,KUL,2027-01-25,2027-02-01,economy,2786179,IDR,Indonesia AirAsia,05:00,08:35,0,155,,,google-flights,ok,
2026-09-27 08:08:43+0700,SUB-SIN,SUB,SIN,2026-09-28,2026-10-05,economy,6185991,IDR,Malaysia Airlines,18:20,11:25,1,235,,,google-flights,ok,
2026-09-27 08:08:43+0700,SUB-SIN,SUB,SIN,2026-10-06,2026-10-13,economy,4652099,IDR,Indonesia AirAsia/AirAsia,05:05,11:35,1,230,,,google-flights,ok,
2026-09-27 08:08:43+0700,SUB-SIN,SUB,SIN,2026-10-14,2026-10-21,economy,4071010,IDR,Indonesia AirAsia/AirAsia,05:05,11:35,1,230,,,google-flights,ok,
2026-09-27 08:08:43+0700,SUB-SIN,SUB,SIN,2026-10-22,2026-10-29,economy,4056805,IDR,Indonesia AirAsia/AirAsia,07:05,13:00,1,225,,,google-flights,ok,
2026-09-27 08:08:43+0700,SUB-SIN,SUB,SIN,2026-10-30,2026-11-06,economy,4559554,IDR,Indonesia AirAsia/AirAsia,13:25,19:40,1,240,,,google-flights,ok,
2026-09-27 08:08:43+0700,SUB-SIN,SUB,SIN,2026-11-07,2026-11-14,economy,4274730,IDR,Indonesia AirAsia/AirAsia,05:00,11:35,1,230,,,google-flights,ok,
2026-09-27 08:08:43+0700,SUB-SIN,SUB,SIN,2026-11-15,2026-11-22,economy,3882843,IDR,Indonesia AirAsia/AirAsia,05:00,11:35,1,230,,,google-flights,ok,
2026-09-27 08:08:43+0700,SUB-SIN,SUB,SIN,2026-11-23,2026-11-30,economy,4503061,IDR,Indonesia AirAsia/AirAsia,05:00,11:35,1,230,,,google-flights,ok,
2026-09-27 08:08:43+0700,SUB-SIN,SUB,SIN,2026-12-01,2026-12-08,economy,4959008,IDR,Indonesia AirAsia/AirAsia,05:00,11:35,1,230,,,google-flights,ok,
2026-09-27 08:08:43+0700,SUB-SIN,SUB,SIN,2026-12-09,2026-12-16,economy,5138239,IDR,Indonesia AirAsia/AirAsia,05:00,11:35,1,230,,,google-flights,ok,
2026-09-27 08:08:43+0700,SUB-SIN,SUB,SIN,2026-12-17,2026-12-24,economy,5948553,IDR,Garuda Indonesia,16:00,16:45,1,225,,,google-flights,ok,
2026-09-27 08:08:43+0700,SUB-SIN,SUB,SIN,2026-12-25,2027-01-01,economy,6156491,IDR,Malaysia Airlines,18:05,00:30,1,230,,,google-flights,ok,
2026-09-27 08:08:43+0700,SUB-SIN,SUB,SIN,2027-01-02,2027-01-09,economy,6156491,IDR,Malaysia Airlines,10:00,16:40,1,235,,,google-flights,ok,
2026-09-27 08:08:43+0700,SUB-SIN,SUB,SIN,2027-01-10,2027-01-17,economy,,IDR,,,,,,,,,error,IndexError: list index out of range
2026-09-27 08:08:43+0700,SUB-SIN,SUB,SIN,2027-01-18,2027-01-25,economy,,IDR,,,,,,,,,error,IndexError: list index out of range
2026-09-27 08:08:43+0700,SUB-SIN,SUB,SIN,2027-01-26,2027-02-02,economy,,IDR,,,,,,,,,error,IndexError: list index out of range
2026-09-27 11:08:56+0700,DPS-MEL,DPS,MEL,2026-10-01,2026-10-15,economy,,IDR,,,,,,,,,error,IndexError: list index out of range
2026-09-27 11:08:56+0700,DPS-MEL,DPS,MEL,2026-10-09,2026-10-23,economy,,IDR,,,,,,,,,error,IndexError: list index out of range
2026-09-27 11:08:56+0700,DPS-MEL,DPS,MEL,2026-10-17,2026-10-31,economy,,IDR,,,,,,,,,error,IndexError: list index out of range
2026-09-27 11:08:56+0700,DPS-MEL,DPS,MEL,2026-10-25,2026-11-08,economy,10360501,IDR,Jetstar,14:55,07:25,1,630,,,google-flights,ok,
2026-09-27 11:08:56+0700,DPS-MEL,DPS,MEL,2026-11-02,2026-11-16,economy,10835811,IDR,Jetstar,11:30,20:10,0,340,,,google-flights,ok,
2026-09-27 11:08:56+0700,DPS-MEL,DPS,MEL,2026-11-10,2026-11-24,economy,9455442,IDR,Jetstar,14:55,23:35,0,340,,,google-flights,ok,
2026-09-27 11:08:56+0700,DPS-MEL,DPS,MEL,2026-11-18,2026-12-02,economy,8339811,IDR,Jetstar,11:30,20:10,0,340,,,google-flights,ok,
2026-09-27 11:08:56+0700,DPS-MEL,DPS,MEL,2026-11-26,2026-12-10,economy,9984782,IDR,Virgin Australia,15:50,00:30,0,340,,,google-flights,ok,
2026-09-27 11:08:56+0700,DPS-MEL,DPS,MEL,2026-12-04,2026-12-18,economy,10854082,IDR,Virgin Australia,23:20,16:50,2,530,,,google-flights,ok,
2026-09-27 11:08:56+0700,DPS-MEL,DPS,MEL,2026-12-12,2026-12-26,economy,15982811,IDR,Jetstar,14:55,23:35,0,340,,,google-flights,ok,
2026-09-27 11:08:56+0700,DPS-MEL,DPS,MEL,2026-12-20,2027-01-03,economy,9253951,IDR,Jetstar,20:20,04:55,0,335,,,google-flights,ok,
2026-09-27 11:08:56+0700,DPS-MEL,DPS,MEL,2026-12-28,2027-01-11,economy,8066358,IDR,Jetstar,11:30,20:10,0,340,,,google-flights,ok,
2026-09-27 11:08:56+0700,DPS-MEL,DPS,MEL,2027-01-05,2027-01-19,economy,11791865,IDR,Scoot,20:00,12:10,1,605,,,google-flights,ok,
2026-09-27 11:08:56+0700,DPS-MEL,DPS,MEL,2027-01-13,2027-01-27,economy,10909811,IDR,Jetstar,11:30,20:10,0,340,,,google-flights,ok,
2026-09-27 11:08:56+0700,DPS-MEL,DPS,MEL,2027-01-21,2027-02-04,economy,9447410,IDR,Virgin Australia,15:50,00:30,0,340,,,google-flights,ok,
2026-09-27 11:08:56+0700,DPS-MEL,DPS,MEL,2027-01-29,2027-02-12,economy,7670410,IDR,Virgin Australia,15:50,00:30,0,340,,,google-flights,ok,
2026-09-27 11:08:56+0700,SUB-TPE,SUB,TPE,2026-10-02,2026-10-16,economy,6397526,IDR,Scoot,19:50,11:45,1,430,,,google-flights,ok,
2026-09-27 11:08:56+0700,SUB-TPE,SUB,TPE,2026-10-10,2026-10-24,economy,7214859,IDR,Scoot,19:50,05:45,1,430,,,google-flights,ok,
2026-09-27 11:08:56+0700,SUB-TPE,SUB,TPE,2026-10-18,2026-11-01,economy,4695769,IDR,Scoot,19:50,05:45,1,430,,,google-flights,ok,
2026-09-27 11:08:56+0700,SUB-TPE,SUB,TPE,2026-10-26,2026-11-09,economy,10752554,IDR,Scoot,09:50,05:35,1,425,,,google-flights,ok,
2026-09-27 11:08:56+0700,SUB-TPE,SUB,TPE,2026-11-03,2026-11-17,economy,5035141,IDR,Scoot,19:30,05:35,1,425,,,google-flights,ok,
2026-09-27 11:08:56+0700,SUB-TPE,SUB,TPE,2026-11-11,2026-11-25,economy,4490089,IDR,Scoot,19:30,05:35,1,425,,,google-flights,ok,
2026-09-27 11:08:56+0700,SUB-TPE,SUB,TPE,2026-11-19,2026-12-03,economy,7214859,IDR,Scoot,09:50,17:00,1,425,,,google-flights,ok,
2026-09-27 11:08:56+0700,SUB-TPE,SUB,TPE,2026-11-27,2026-12-11,economy,9107115,IDR,Scoot,09:50,05:35,1,425,,,google-flights,ok,
2026-09-27 11:08:56+0700,SUB-TPE,SUB,TPE,2026-12-05,2026-12-19,economy,11287321,IDR,Scoot,19:30,05:35,1,425,,,google-flights,ok,
2026-09-27 11:08:56+0700,SUB-TPE,SUB,TPE,2026-12-13,2026-12-27,economy,13035601,IDR,Scoot,19:30,05:35,1,425,,,google-flights,ok,
2026-09-27 11:08:56+0700,SUB-TPE,SUB,TPE,2026-12-21,2027-01-04,economy,15773611,IDR,Scoot,09:50,05:35,1,425,,,google-flights,ok,
2026-09-27 11:08:56+0700,SUB-TPE,SUB,TPE,2026-12-29,2027-01-12,economy,8479791,IDR,Scoot,19:30,05:35,1,425,,,google-flights,ok,
2026-09-27 11:08:56+0700,SUB-TPE,SUB,TPE,2027-01-06,2027-01-20,economy,4695769,IDR,Scoot,19:30,05:35,1,425,,,google-flights,ok,
2026-09-27 11:08:56+0700,SUB-TPE,SUB,TPE,2027-01-14,2027-01-28,economy,6058154,IDR,Scoot,09:50,11:00,1,435,,,google-flights,ok,
2026-09-27 11:08:56+0700,SUB-TPE,SUB,TPE,2027-01-22,2027-02-05,economy,8762845,IDR,Scoot,19:30,05:35,1,425,,,google-flights,ok,
2026-09-27 11:08:56+0700,SUB-TPE,SUB,TPE,2027-01-30,2027-02-13,economy,4490089,IDR,Scoot,19:30,05:35,1,425,,,google-flights,ok,
2026-09-27 11:08:56+0700,SUB-TPE,SUB,TPE,2027-02-07,2027-02-21,economy,7662458,IDR,Scoot,19:30,05:35,1,425,,,google-flights,ok,
2026-09-27 11:08:56+0700,SUB-TPE,SUB,TPE,2027-02-15,2027-03-01,economy,4901449,IDR,Scoot,09:50,13:15,1,430,,,google-flights,ok,
2026-09-27 11:08:56+0700,SUB-TPE,SUB,TPE,2027-02-23,2027-03-09,economy,5035141,IDR,Scoot,19:30,11:00,1,435,,,google-flights,ok,
2026-09-27 11:08:56+0700,SUB-TPE,SUB,TPE,2027-03-03,2027-03-17,economy,9251090,IDR,Scoot,19:30,05:35,1,425,,,google-flights,ok,
2026-09-27 11:08:56+0700,SUB-TPE,SUB,TPE,2027-03-11,2027-03-25,economy,9878414,IDR,Scoot,09:50,05:35,1,425,,,google-flights,ok,
2026-09-27 11:08:56+0700,SUB-TPE,SUB,TPE,2027-03-19,2027-04-02,economy,7931790,IDR,Scoot,19:30,17:00,1,425,,,google-flights,ok,
2026-09-27 11:08:56+0700,SUB-TPE,SUB,TPE,2027-03-27,2027-04-10,economy,6440611,IDR,Scoot,19:30,17:10,1,430,,,google-flights,ok,
2026-09-27 11:08:56+0700,SUB-TPE,SUB,TPE,2027-04-04,2027-04-18,economy,7928353,IDR,Scoot,19:50,05:45,1,430,,,google-flights,ok,
2026-09-27 11:08:56+0700,SUB-TPE,SUB,TPE,2027-04-12,2027-04-26,economy,6483696,IDR,Scoot,10:35,05:45,1,430,,,google-flights,ok,
2026-09-27 11:08:56+0700,SUB-TPE,SUB,TPE,2027-04-20,2027-05-04,economy,4545407,IDR,Scoot,19:50,17:10,1,430,,,google-flights,ok,
2026-09-27 11:08:56+0700,SUB-TPE,SUB,TPE,2027-04-28,2027-05-12,economy,4576259,IDR,Scoot,19:50,11:45,1,430,,,google-flights,ok,
2026-09-27 11:08:56+0700,SUB-TPE,SUB,TPE,2027-05-06,2027-05-20,economy,7111020,IDR,Scoot,08:35,05:45,1,430,,,google-flights,ok,
2026-09-27 11:08:56+0700,SUB-TPE,SUB,TPE,2027-05-14,2027-05-28,economy,5666363,IDR,Scoot,19:50,17:10,1,430,,,google-flights,ok,
2026-09-27 11:08:56+0700,SUB-TPE,SUB,TPE,2027-05-22,2027-06-05,economy,6144324,IDR,Scoot,19:50,17:10,1,430,,,google-flights,ok,
2026-09-27 11:08:56+0700,SUB-TPE,SUB,TPE,2027-05-30,2027-06-13,economy,5666363,IDR,Scoot,19:50,05:45,1,430,,,google-flights,ok,
2026-09-27 11:08:56+0700,SUB-TPE,SUB,TPE,2027-06-07,2027-06-21,economy,7301029,IDR,Scoot,10:35,05:45,1,430,,,google-flights,ok,
2026-09-27 11:08:56+0700,SUB-TPE,SUB,TPE,2027-06-15,2027-06-29,economy,4987619,IDR,Scoot,19:50,05:45,1,430,,,google-flights,ok,
2026-09-27 11:08:56+0700,SUB-TPE,SUB,TPE,2027-06-23,2027-07-07,economy,5121311,IDR,Scoot,19:50,17:10,1,430,,,google-flights,ok,
2026-09-27 11:08:56+0700,SUB-KUL,SUB,KUL,2026-09-28,2026-10-05,economy,4115012,IDR,Indonesia AirAsia,05:05,08:40,0,155,,,google-flights,ok,
2026-09-27 11:08:56+0700,SUB-KUL,SUB,KUL,2026-10-06,2026-10-13,economy,3335532,IDR,Indonesia AirAsia,17:45,21:25,0,160,,,google-flights,ok,
2026-09-27 11:08:56+0700,SUB-KUL,SUB,KUL,2026-10-14,2026-10-21,economy,2384477,IDR,Indonesia AirAsia,07:05,10:45,0,160,,,google-flights,ok,
2026-09-27 11:08:56+0700,SUB-KUL,SUB,KUL,2026-10-22,2026-10-29,economy,2070002,IDR,Indonesia AirAsia,07:05,10:45,0,160,,,google-flights,ok,
2026-09-27 11:08:56+0700,SUB-KUL,SUB,KUL,2026-10-30,2026-11-06,economy,2617953,IDR,Indonesia AirAsia,11:20,14:55,0,155,,,google-flights,ok,
2026-09-27 11:08:56+0700,SUB-KUL,SUB,KUL,2026-11-07,2026-11-14,economy,3209056,IDR,Malaysia Airlines,10:00,13:40,0,160,,,google-flights,ok,
2026-09-27 11:08:56+0700,SUB-KUL,SUB,KUL,2026-11-15,2026-11-22,economy,2157229,IDR,Indonesia AirAsia,17:40,21:15,0,155,,,google-flights,ok,
2026-09-27 11:08:56+0700,SUB-KUL,SUB,KUL,2026-11-23,2026-11-30,economy,3209056,IDR,Malaysia Airlines,18:05,21:45,0,160,,,google-flights,ok,
2026-09-27 11:08:56+0700,SUB-KUL,SUB,KUL,2026-12-01,2026-12-08,economy,3573022,IDR,Malaysia Airlines,10:00,13:40,0,160,,,google-flights,ok,
2026-09-27 11:08:56+0700,SUB-KUL,SUB,KUL,2026-12-09,2026-12-16,economy,4184083,IDR,Malaysia Airlines,10:00,13:40,0,160,,,google-flights,ok,
2026-09-27 11:08:56+0700,SUB-KUL,SUB,KUL,2026-12-17,2026-12-24,economy,3288559,IDR,Indonesia AirAsia,13:25,17:05,0,160,,,google-flights,ok,
2026-09-27 11:08:56+0700,SUB-KUL,SUB,KUL,2026-12-25,2027-01-01,economy,4371235,IDR,Indonesia AirAsia,05:00,08:35,0,155,,,google-flights,ok,
2026-09-27 11:08:56+0700,SUB-KUL,SUB,KUL,2027-01-02,2027-01-09,economy,3702045,IDR,Indonesia AirAsia,05:00,08:35,0,155,,,google-flights,ok,
2026-09-27 11:08:56+0700,SUB-KUL,SUB,KUL,2027-01-10,2027-01-17,economy,3103166,IDR,Indonesia AirAsia,05:00,08:35,0,155,,,google-flights,ok,
2026-09-27 11:08:56+0700,SUB-KUL,SUB,KUL,2027-01-18,2027-01-25,economy,3830207,IDR,Malaysia Airlines,10:00,13:40,0,160,,,google-flights,ok,
2026-09-27 11:08:56+0700,SUB-KUL,SUB,KUL,2027-01-26,2027-02-02,economy,4046083,IDR,Malaysia Airlines,15:50,19:30,0,160,,,google-flights,ok,
2026-09-27 11:08:56+0700,SUB-SIN,SUB,SIN,2026-09-29,2026-10-06,economy,4700571,IDR,Lion/Batik Air,11:05,20:30,1,195,,,google-flights,ok,
2026-09-27 11:08:56+0700,SUB-SIN,SUB,SIN,2026-10-07,2026-10-14,economy,4190295,IDR,Lion/Batik Air,07:40,15:15,1,195,,,google-flights,ok,
2026-09-27 11:08:56+0700,SUB-SIN,SUB,SIN,2026-10-15,2026-10-22,economy,4203054,IDR,Indonesia AirAsia/AirAsia,11:20,18:05,1,240,,,google-flights,ok,
2026-09-27 11:08:56+0700,SUB-SIN,SUB,SIN,2026-10-23,2026-10-30,economy,3801016,IDR,Indonesia AirAsia/AirAsia,05:05,11:35,1,230,,,google-flights,ok,
2026-09-27 11:08:56+0700,SUB-SIN,SUB,SIN,2026-10-31,2026-11-07,economy,4305596,IDR,Indonesia AirAsia/AirAsia,13:25,19:40,1,240,,,google-flights,ok,
2026-09-27 11:08:56+0700,SUB-SIN,SUB,SIN,2026-11-08,2026-11-15,economy,4333569,IDR,Indonesia AirAsia/AirAsia,05:00,11:35,1,230,,,google-flights,ok,
2026-09-27 11:08:56+0700,SUB-SIN,SUB,SIN,2026-11-16,2026-11-23,economy,4300196,IDR,Indonesia AirAsia/AirAsia,13:25,19:40,1,240,,,google-flights,ok,
2026-09-27 11:08:56+0700,SUB-SIN,SUB,SIN,2026-11-24,2026-12-01,economy,4353613,IDR,Indonesia AirAsia/AirAsia,11:20,18:00,1,235,,,google-flights,ok,
2026-09-27 11:08:56+0700,SUB-SIN,SUB,SIN,2026-12-02,2026-12-09,economy,5093323,IDR,Indonesia AirAsia/AirAsia,05:00,11:35,1,230,,,google-flights,ok,
2026-09-27 11:08:56+0700,SUB-SIN,SUB,SIN,2026-12-10,2026-12-17,economy,5227491,IDR,Malaysia Airlines,10:00,16:40,1,235,,,google-flights,ok,
2026-09-27 11:08:56+0700,SUB-SIN,SUB,SIN,2026-12-18,2026-12-25,economy,6104553,IDR,Garuda Indonesia,16:00,16:45,1,225,,,google-flights,ok,
2026-09-27 11:08:56+0700,SUB-SIN,SUB,SIN,2026-12-26,2027-01-02,economy,6820553,IDR,Garuda Indonesia,09:20,16:45,1,225,,,google-flights,ok,
2026-09-27 11:08:56+0700,SUB-SIN,SUB,SIN,2027-01-03,2027-01-10,economy,5806491,IDR,Malaysia Airlines,10:00,16:40,1,235,,,google-flights,ok,
2026-09-27 11:08:56+0700,SUB-SIN,SUB,SIN,2027-01-11,2027-01-18,economy,,IDR,,,,,,,,,error,IndexError: list index out of range
2026-09-27 11:08:56+0700,SUB-SIN,SUB,SIN,2027-01-19,2027-01-26,economy,,IDR,,,,,,,,,error,IndexError: list index out of range
2026-09-27 11:08:56+0700,SUB-SIN,SUB,SIN,2027-01-27,2027-02-03,economy,,IDR,,,,,,,,,error,IndexError: list index out of range
2026-09-27 14:09:40+0700,DPS-MEL,DPS,MEL,2026-10-02,2026-10-16,economy,,IDR,,,,,,,,,error,IndexError: list index out of range
2026-09-27 14:09:40+0700,DPS-MEL,DPS,MEL,2026-10-10,2026-10-24,economy,,IDR,,,,,,,,,error,IndexError: list index out of range
2026-09-27 14:09:40+0700,DPS-MEL,DPS,MEL,2026-10-18,2026-11-01,economy,,IDR,,,,,,,,,error,IndexError: list index out of range
2026-09-27 14:09:40+0700,DPS-MEL,DPS,MEL,2026-10-26,2026-11-09,economy,9772962,IDR,Jetstar,14:55,07:25,1,630,,,google-flights,ok,
2026-09-27 14:09:40+0700,DPS-MEL,DPS,MEL,2026-11-03,2026-11-17,economy,10378336,IDR,Cebu Pacific,01:00,00:10,1,755,,,google-flights,ok,
2026-09-27 14:09:40+0700,DPS-MEL,DPS,MEL,2026-11-11,2026-11-25,economy,9062428,IDR,Jetstar,14:55,23:35,0,340,,,google-flights,ok,
2026-09-27 14:09:40+0700,DPS-MEL,DPS,MEL,2026-11-19,2026-12-03,economy,9353811,IDR,Jetstar,11:30,20:10,0,340,,,google-flights,ok,
2026-09-27 14:09:40+0700,DPS-MEL,DPS,MEL,2026-11-27,2026-12-11,economy,9694811,IDR,Jetstar,14:55,23:35,0,340,,,google-flights,ok,
2026-09-27 14:09:40+0700,DPS-MEL,DPS,MEL,2026-12-05,2026-12-19,economy,14784811,IDR,Jetstar,14:55,23:35,0,340,,,google-flights,ok,
2026-09-27 14:09:40+0700,DPS-MEL,DPS,MEL,2026-12-13,2026-12-27,economy,14464811,IDR,Jetstar,14:55,23:35,0,340,,,google-flights,ok,
2026-09-27 14:09:40+0700,DPS-MEL,DPS,MEL,2026-12-21,2027-01-04,economy,7216811,IDR,Jetstar,11:30,20:10,0,340,,,google-flights,ok,
2026-09-27 14:09:40+0700,DPS-MEL,DPS,MEL,2026-12-29,2027-01-12,economy,6842811,IDR,Jetstar,11:30,20:10,0,340,,,google-flights,ok,
2026-09-27 14:09:40+0700,DPS-MEL,DPS,MEL,2027-01-06,2027-01-20,economy,13009016,IDR,Scoot,20:00,12:10,1,605,,,google-flights,ok,
2026-09-27 14:09:40+0700,DPS-MEL,DPS,MEL,2027-01-14,2027-01-28,economy,10220835,IDR,Jetstar,14:55,23:35,0,340,,,google-flights,ok,
2026-09-27 14:09:40+0700,DPS-MEL,DPS,MEL,2027-01-22,2027-02-05,economy,9427811,IDR,Jetstar,14:55,23:35,0,340,,,google-flights,ok,
2026-09-27 14:09:40+0700,DPS-MEL,DPS,MEL,2027-01-30,2027-02-13,economy,7702811,IDR,Jetstar,20:20,04:55,0,335,,,google-flights,ok,
2026-09-27 14:09:40+0700,SUB-TPE,SUB,TPE,2026-10-03,2026-10-17,economy,9307897,IDR,Scoot,10:35,11:45,1,430,,,google-flights,ok,
2026-09-27 14:09:40+0700,SUB-TPE,SUB,TPE,2026-10-11,2026-10-25,economy,10125230,IDR,Scoot,10:35,05:45,1,430,,,google-flights,ok,
2026-09-27 14:09:40+0700,SUB-TPE,SUB,TPE,2026-10-19,2026-11-02,economy,6479798,IDR,Scoot,10:35,05:45,1,430,,,google-flights,ok,
2026-09-27 14:09:40+0700,SUB-TPE,SUB,TPE,2026-10-27,2026-11-10,economy,4695769,IDR,Scoot,19:30,17:00,1,425,,,google-flights,ok,
2026-09-27 14:09:40+0700,SUB-TPE,SUB,TPE,2026-11-04,2026-11-18,economy,6685478,IDR,Scoot,09:50,05:35,1,425,,,google-flights,ok,
2026-09-27 14:09:40+0700,SUB-TPE,SUB,TPE,2026-11-12,2026-11-26,economy,,IDR,,,,,,,,,error,TypeError: 'NoneType' object is not subscriptable
2026-09-27 14:09:40+0700,SUB-TPE,SUB,TPE,2026-11-20,2026-12-04,economy,8479791,IDR,Scoot,09:50,05:35,1,425,,,google-flights,ok,
2026-09-27 14:09:40+0700,SUB-TPE,SUB,TPE,2026-11-28,2026-12-12,economy,7024850,IDR,Scoot,19:30,05:35,1,425,,,google-flights,ok,
2026-09-27 14:09:40+0700,SUB-TPE,SUB,TPE,2026-12-06,2026-12-20,economy,13035601,IDR,Scoot,19:30,05:35,1,425,,,google-flights,ok,
2026-09-27 14:09:40+0700,SUB-TPE,SUB,TPE,2026-12-14,2026-12-28,economy,11390162,IDR,Scoot,09:50,05:35,1,425,,,google-flights,ok,
2026-09-27 14:09:40+0700,SUB-TPE,SUB,TPE,2026-12-22,2027-01-05,economy,12161461,IDR,Scoot,19:30,05:35,1,425,,,google-flights,ok,
2026-09-27 14:09:40+0700,SUB-TPE,SUB,TPE,2026-12-30,2027-01-13,economy,7842183,IDR,Scoot,19:30,17:00,1,425,,,google-flights,ok,
2026-09-27 14:09:40+0700,SUB-TPE,SUB,TPE,2027-01-07,2027-01-21,economy,6058154,IDR,Scoot,09:50,11:00,1,435,,,google-flights,ok,
2026-09-27 14:09:40+0700,SUB-TPE,SUB,TPE,2027-01-15,2027-01-29,economy,5852474,IDR,Scoot,19:30,05:35,1,425,,,google-flights,ok,
2026-09-27 14:09:40+0700,SUB-TPE,SUB,TPE,2027-01-23,2027-02-06,economy,8762845,IDR,Scoot,19:30,05:35,1,425,,,google-flights,ok,
2026-09-27 14:09:40+0700,SUB-TPE,SUB,TPE,2027-01-31,2027-02-14,economy,5035141,IDR,Scoot,19:30,11:00,1,435,,,google-flights,ok,
2026-09-27 14:09:40+0700,SUB-TPE,SUB,TPE,2027-02-08,2027-02-22,economy,10780975,IDR,Scoot,09:50,05:35,1,425,,,google-flights,ok,
2026-09-27 14:09:40+0700,SUB-TPE,SUB,TPE,2027-02-16,2027-03-02,economy,4695769,IDR,Scoot,19:30,11:00,1,435,,,google-flights,ok,
2026-09-27 14:09:40+0700,SUB-TPE,SUB,TPE,2027-02-24,2027-03-10,economy,7024850,IDR,Scoot,09:50,17:00,1,425,,,google-flights,ok,
2026-09-27 14:09:40+0700,SUB-TPE,SUB,TPE,2027-03-04,2027-03-18,economy,9878414,IDR,Scoot,09:50,05:35,1,425,,,google-flights,ok,
2026-09-27 14:09:40+0700,SUB-TPE,SUB,TPE,2027-03-12,2027-03-26,economy,9878414,IDR,Scoot,09:50,17:00,1,425,,,google-flights,ok,
2026-09-27 14:09:40+0700,SUB-TPE,SUB,TPE,2027-03-20,2027-04-03,economy,7705543,IDR,Scoot,19:30,05:35,1,425,,,google-flights,ok,
2026-09-27 14:09:40+0700,SUB-TPE,SUB,TPE,2027-03-28,2027-04-11,economy,6440611,IDR,Scoot,19:50,17:10,1,430,,,google-flights,ok,
2026-09-27 14:09:40+0700,SUB-TPE,SUB,TPE,2027-04-05,2027-04-19,economy,7928353,IDR,Scoot,10:35,14:15,1,430,,,google-flights,ok,
2026-09-27 14:09:40+0700,SUB-TPE,SUB,TPE,2027-04-13,2027-04-27,economy,4987619,IDR,Scoot,19:50,05:45,1,430,,,google-flights,ok,
2026-09-27 14:09:40+0700,SUB-TPE,SUB,TPE,2027-04-21,2027-05-05,economy,4781939,IDR,Scoot,19:50,11:45,1,430,,,google-flights,ok,
2026-09-27 14:09:40+0700,SUB-TPE,SUB,TPE,2027-04-29,2027-05-13,economy,7111020,IDR,Scoot,08:35,05:45,1,430,,,google-flights,ok,
2026-09-27 14:09:40+0700,SUB-TPE,SUB,TPE,2027-05-07,2027-05-21,economy,4781939,IDR,Scoot,19:50,11:45,1,430,,,google-flights,ok,
2026-09-27 14:09:40+0700,SUB-TPE,SUB,TPE,2027-05-15,2027-05-29,economy,5666363,IDR,Scoot,19:50,17:10,1,430,,,google-flights,ok,
2026-09-27 14:09:40+0700,SUB-TPE,SUB,TPE,2027-05-23,2027-06-06,economy,5666363,IDR,Scoot,19:50,05:45,1,430,,,google-flights,ok,
2026-09-27 14:09:40+0700,SUB-TPE,SUB,TPE,2027-05-31,2027-06-14,economy,6483696,IDR,Scoot,10:35,17:10,1,430,,,google-flights,ok,
2026-09-27 14:09:40+0700,SUB-TPE,SUB,TPE,2027-06-08,2027-06-22,economy,4987619,IDR,Scoot,19:50,05:45,1,430,,,google-flights,ok,
2026-09-27 14:09:40+0700,SUB-TPE,SUB,TPE,2027-06-16,2027-06-30,economy,5121311,IDR,Scoot,19:50,17:10,1,430,,,google-flights,ok,
2026-09-27 14:09:40+0700,SUB-TPE,SUB,TPE,2027-06-24,2027-07-08,economy,6483696,IDR,Scoot,08:35,05:45,1,430,,,google-flights,ok,
2026-09-27 14:09:40+0700,SUB-KUL,SUB,KUL,2026-09-29,2026-10-06,economy,3946786,IDR,Indonesia AirAsia,07:05,10:45,0,160,,,google-flights,ok,
2026-09-27 14:09:40+0700,SUB-KUL,SUB,KUL,2026-10-07,2026-10-14,economy,4373022,IDR,Batik Air,10:05,13:45,0,160,,,google-flights,ok,
2026-09-27 14:09:40+0700,SUB-KUL,SUB,KUL,2026-10-15,2026-10-22,economy,2216251,IDR,Indonesia AirAsia,07:05,10:45,0,160,,,google-flights,ok,
2026-09-27 14:09:40+0700,SUB-KUL,SUB,KUL,2026-10-23,2026-10-30,economy,2070002,IDR,Indonesia AirAsia,05:05,08:40,0,155,,,google-flights,ok,
2026-09-27 14:09:40+0700,SUB-KUL,SUB,KUL,2026-10-31,2026-11-07,economy,2303478,IDR,Indonesia AirAsia,05:00,08:35,0,155,,,google-flights,ok,
2026-09-27 14:09:40+0700,SUB-KUL,SUB,KUL,2026-11-08,2026-11-15,economy,2070002,IDR,Indonesia AirAsia,05:00,08:35,0,155,,,google-flights,ok,
2026-09-27 14:09:40+0700,SUB-KUL,SUB,KUL,2026-11-16,2026-11-23,economy,3209056,IDR,Malaysia Airlines,10:00,13:40,0,160,,,google-flights,ok,
2026-09-27 14:09:40+0700,SUB-KUL,SUB,KUL,2026-11-24,2026-12-01,economy,2471704,IDR,Indonesia AirAsia,05:00,08:35,0,155,,,google-flights,ok,
2026-09-27 14:09:40+0700,SUB-KUL,SUB,KUL,2026-12-02,2026-12-09,economy,3573022,IDR,Malaysia Airlines,10:00,13:40,0,160,,,google-flights,ok,
2026-09-27 14:09:40+0700,SUB-KUL,SUB,KUL,2026-12-10,2026-12-17,economy,4582691,IDR,Malaysia Airlines,10:00,13:40,0,160,,,google-flights,ok,
2026-09-27 14:09:40+0700,SUB-KUL,SUB,KUL,2026-12-18,2026-12-25,economy,4371235,IDR,Indonesia AirAsia,05:00,08:35,0,155,,,google-flights,ok,
2026-09-27 14:09:40+0700,SUB-KUL,SUB,KUL,2026-12-26,2027-01-02,economy,5629540,IDR,Lion,09:05,15:15,1,250,,,google-flights,ok,
2026-09-27 14:09:40+0700,SUB-KUL,SUB,KUL,2027-01-03,2027-01-10,economy,3702045,IDR,Indonesia AirAsia,05:00,08:35,0,155,,,google-flights,ok,
2026-09-27 14:09:40+0700,SUB-KUL,SUB,KUL,2027-01-11,2027-01-18,economy,2617953,IDR,Indonesia AirAsia,05:00,08:35,0,155,,,google-flights,ok,
2026-09-27 14:09:40+0700,SUB-KUL,SUB,KUL,2027-01-19,2027-01-26,economy,2617953,IDR,Indonesia AirAsia,05:00,08:35,0,155,,,google-flights,ok,
2026-09-27 14:09:40+0700,SUB-KUL,SUB,KUL,2027-01-27,2027-02-03,economy,3037369,IDR,Indonesia AirAsia,05:00,08:35,0,155,,,google-flights,ok,
2026-09-27 14:09:40+0700,SUB-SIN,SUB,SIN,2026-09-30,2026-10-07,economy,4828160,IDR,Lion/Batik Air,06:30,13:45,1,195,,,google-flights,ok,
2026-09-27 14:09:40+0700,SUB-SIN,SUB,SIN,2026-10-08,2026-10-15,economy,4203054,IDR,Indonesia AirAsia/AirAsia,07:05,13:00,1,225,,,google-flights,ok,
2026-09-27 14:09:40+0700,SUB-SIN,SUB,SIN,2026-10-16,2026-10-23,economy,4112724,IDR,Indonesia AirAsia/AirAsia,05:05,11:35,1,230,,,google-flights,ok,
2026-09-27 14:09:40+0700,SUB-SIN,SUB,SIN,2026-10-24,2026-10-31,economy,3977193,IDR,Scoot,19:50,23:15,0,145,,,google-flights,ok,
2026-09-27 14:09:40+0700,SUB-SIN,SUB,SIN,2026-11-01,2026-11-08,economy,4514261,IDR,Indonesia AirAsia/AirAsia,05:00,11:35,1,230,,,google-flights,ok,
2026-09-27 14:09:40+0700,SUB-SIN,SUB,SIN,2026-11-09,2026-11-16,economy,5365491,IDR,Malaysia Airlines,18:05,09:05,1,235,,,google-flights,ok,
2026-09-27 14:09:40+0700,SUB-SIN,SUB,SIN,2026-11-17,2026-11-24,economy,4220413,IDR,Indonesia AirAsia/AirAsia,13:25,19:40,1,240,,,google-flights,ok,
2026-09-27 14:09:40+0700,SUB-SIN,SUB,SIN,2026-11-25,2026-12-02,economy,4353613,IDR,Indonesia AirAsia/AirAsia,11:20,18:00,1,235,,,google-flights,ok,
2026-09-27 14:09:40+0700,SUB-SIN,SUB,SIN,2026-12-03,2026-12-10,economy,5227491,IDR,Malaysia Airlines,15:50,00:30,1,230,,,google-flights,ok,
2026-09-27 14:09:40+0700,SUB-SIN,SUB,SIN,2026-12-11,2026-12-18,economy,5733491,IDR,Malaysia Airlines,15:50,00:30,1,230,,,google-flights,ok,
2026-09-27 14:09:40+0700,SUB-SIN,SUB,SIN,2026-12-19,2026-12-26,economy,6156491,IDR,Malaysia Airlines,10:00,18:35,1,235,,,google-flights,ok,
2026-09-27 14:09:40+0700,SUB-SIN,SUB,SIN,2026-12-27,2027-01-03,economy,,IDR,,,,,,,,,error,IndexError: list index out of range
2026-09-27 14:09:40+0700,SUB-SIN,SUB,SIN,2027-01-04,2027-01-11,economy,5549491,IDR,Malaysia Airlines,10:00,16:40,1,235,,,google-flights,ok,
2026-09-27 14:09:40+0700,SUB-SIN,SUB,SIN,2027-01-12,2027-01-19,economy,4567416,IDR,"Pelita Air Service, Pt",18:25,10:45,1,205,,,google-flights,ok,
2026-09-27 14:09:40+0700,SUB-SIN,SUB,SIN,2027-01-20,2027-01-27,economy,4604756,IDR,Indonesia AirAsia/AirAsia,05:00,11:35,1,230,,,google-flights,ok,
2026-09-27 14:09:40+0700,SUB-SIN,SUB,SIN,2027-01-28,2027-02-04,economy,,IDR,,,,,,,,,error,IndexError: list index out of range
2026-09-27 17:09:10+0700,DPS-MEL,DPS,MEL,2026-10-03,2026-10-17,economy,,IDR,,,,,,,,,error,IndexError: list index out of range
2026-09-27 17:09:10+0700,DPS-MEL,DPS,MEL,2026-10-11,2026-10-25,economy,,IDR,,,,,,,,,error,FlightsNotFound: no flights found; received error
2026-09-27 17:09:10+0700,DPS-MEL,DPS,MEL,2026-10-19,2026-11-02,economy,,IDR,,,,,,,,,error,IndexError: list index out of range
2026-09-27 17:09:10+0700,DPS-MEL,DPS,MEL,2026-10-27,2026-11-10,economy,,IDR,,,,,,,,,error,FlightsNotFound: no flights found; received error
2026-09-27 17:09:10+0700,DPS-MEL,DPS,MEL,2026-11-04,2026-11-18,economy,11359682,IDR,Virgin Australia,21:25,09:25,1,435,,,google-flights,ok,
2026-09-27 17:09:10+0700,DPS-MEL,DPS,MEL,2026-11-12,2026-11-26,economy,7900622,IDR,Scoot,20:00,21:20,1,605,,,google-flights,ok,
2026-09-27 17:09:10+0700,DPS-MEL,DPS,MEL,2026-11-20,2026-12-04,economy,9104811,IDR,Jetstar,14:55,23:35,0,340,,,google-flights,ok,
2026-09-27 17:09:10+0700,DPS-MEL,DPS,MEL,2026-11-28,2026-12-12,economy,10432811,IDR,Jetstar,20:20,04:55,0,335,,,google-flights,ok,
2026-09-27 17:09:10+0700,DPS-MEL,DPS,MEL,2026-12-06,2026-12-20,economy,11990782,IDR,Virgin Australia,23:20,16:50,2,530,,,google-flights,ok,
2026-09-27 17:09:10+0700,DPS-MEL,DPS,MEL,2026-12-14,2026-12-28,economy,11279511,IDR,Virgin Australia,22:00,06:40,0,340,,,google-flights,ok,
2026-09-27 17:09:10+0700,DPS-MEL,DPS,MEL,2026-12-22,2027-01-05,economy,,IDR,,,,,,,,,error,FlightsNotFound: no flights found; received error
2026-09-27 17:09:10+0700,DPS-MEL,DPS,MEL,2026-12-30,2027-01-13,economy,,IDR,,,,,,,,,error,FlightsNotFound: no flights found; received error
2026-09-27 17:09:10+0700,DPS-MEL,DPS,MEL,2027-01-07,2027-01-21,economy,,IDR,,,,,,,,,error,FlightsNotFound: no flights found; received error
2026-09-27 17:09:10+0700,DPS-MEL,DPS,MEL,2027-01-15,2027-01-29,economy,,IDR,,,,,,,,,error,FlightsNotFound: no flights found; received error
2026-09-27 17:09:10+0700,DPS-MEL,DPS,MEL,2027-01-23,2027-02-06,economy,,IDR,,,,,,,,,error,FlightsNotFound: no flights found; received error
2026-09-27 17:09:10+0700,DPS-MEL,DPS,MEL,2027-01-31,2027-02-14,economy,7558410,IDR,Virgin Australia,15:50,00:30,0,340,,,google-flights,ok,
2026-09-27 17:09:10+0700,SUB-TPE,SUB,TPE,2026-10-04,2026-10-18,economy,7024850,IDR,Scoot,19:50,14:15,1,430,,,google-flights,ok,
2026-09-27 17:09:10+0700,SUB-TPE,SUB,TPE,2026-10-12,2026-10-26,economy,,IDR,,,,,,,,,error,FlightsNotFound: no flights found; received error
2026-09-27 17:09:10+0700,SUB-TPE,SUB,TPE,2026-10-20,2026-11-03,economy,,IDR,,,,,,,,,error,FlightsNotFound: no flights found; received error
2026-09-27 17:09:10+0700,SUB-TPE,SUB,TPE,2026-10-28,2026-11-11,economy,,IDR,,,,,,,,,error,FlightsNotFound: no flights found; received error
2026-09-27 17:09:10+0700,SUB-TPE,SUB,TPE,2026-11-05,2026-11-19,economy,,IDR,,,,,,,,,error,FlightsNotFound: no flights found; received error
2026-09-27 17:09:10+0700,SUB-TPE,SUB,TPE,2026-11-13,2026-11-27,economy,,IDR,,,,,,,,,error,FlightsNotFound: no flights found; received error
2026-09-27 17:09:10+0700,SUB-TPE,SUB,TPE,2026-11-21,2026-12-05,economy,7214859,IDR,Scoot,09:50,05:35,1,425,,,google-flights,ok,
2026-09-27 17:09:10+0700,SUB-TPE,SUB,TPE,2026-11-29,2026-12-13,economy,9107115,IDR,Scoot,19:30,05:35,1,425,,,google-flights,ok,
2026-09-27 17:09:10+0700,SUB-TPE,SUB,TPE,2026-12-07,2026-12-21,economy,12161461,IDR,Scoot,09:50,05:35,1,425,,,google-flights,ok,
2026-09-27 17:09:10+0700,SUB-TPE,SUB,TPE,2026-12-15,2026-12-29,economy,10516022,IDR,Scoot,19:30,05:35,1,425,,,google-flights,ok,
2026-09-27 17:09:10+0700,SUB-TPE,SUB,TPE,2026-12-23,2027-01-06,economy,12565004,IDR,Scoot,19:30,17:00,1,425,,,google-flights,ok,
2026-09-27 17:09:10+0700,SUB-TPE,SUB,TPE,2026-12-31,2027-01-14,economy,7214859,IDR,Scoot,09:50,05:35,1,425,,,google-flights,ok,
2026-09-27 17:09:10+0700,SUB-TPE,SUB,TPE,2027-01-08,2027-01-22,economy,5852474,IDR,Scoot,19:30,11:00,1,435,,,google-flights,ok,
2026-09-27 17:09:10+0700,SUB-TPE,SUB,TPE,2027-01-16,2027-01-30,economy,6479798,IDR,Scoot,19:30,05:35,1,425,,,google-flights,ok,
2026-09-27 17:09:10+0700,SUB-TPE,SUB,TPE,2027-01-24,2027-02-07,economy,7117406,IDR,Scoot,19:30,11:00,1,435,,,google-flights,ok,
2026-09-27 17:09:10+0700,SUB-TPE,SUB,TPE,2027-02-01,2027-02-15,economy,,IDR,,,,,,,,,error,FlightsNotFound: no flights found; received error
2026-09-27 17:09:10+0700,SUB-TPE,SUB,TPE,2027-02-09,2027-02-23,economy,,IDR,,,,,,,,,error,FlightsNotFound: no flights found; received error
2026-09-27 17:09:10+0700,SUB-TPE,SUB,TPE,2027-02-17,2027-03-03,economy,5240821,IDR,Scoot,09:50,17:00,1,425,,,google-flights,ok,
2026-09-27 17:09:10+0700,SUB-TPE,SUB,TPE,2027-02-25,2027-03-11,economy,7323086,IDR,Scoot,09:50,11:00,1,435,,,google-flights,ok,
2026-09-27 17:09:10+0700,SUB-TPE,SUB,TPE,2027-03-05,2027-03-19,economy,9878414,IDR,Scoot,19:30,13:10,1,425,,,google-flights,ok,
2026-09-27 17:09:10+0700,SUB-TPE,SUB,TPE,2027-03-13,2027-03-27,economy,,IDR,,,,,,,,,error,FlightsNotFound: no flights found; received error
2026-09-27 17:09:10+0700,SUB-TPE,SUB,TPE,2027-03-21,2027-04-04,economy,6440611,IDR,Scoot,19:30,13:15,1,430,,,google-flights,ok,
2026-09-27 17:09:10+0700,SUB-TPE,SUB,TPE,2027-03-29,2027-04-12,economy,7257944,IDR,Scoot,10:35,11:45,1,430,,,google-flights,ok,
2026-09-27 17:09:10+0700,SUB-TPE,SUB,TPE,2027-04-06,2027-04-20,economy,6144324,IDR,Scoot,19:50,17:10,1,430,,,google-flights,ok,
2026-09-27 17:09:10+0700,SUB-TPE,SUB,TPE,2027-04-14,2027-04-28,economy,5121311,IDR,Scoot,19:50,11:45,1,430,,,google-flights,ok,
2026-09-27 17:09:10+0700,SUB-TPE,SUB,TPE,2027-04-22,2027-05-06,economy,,IDR,,,,,,,,,error,FlightsNotFound: no flights found; received error
2026-09-27 17:09:10+0700,SUB-TPE,SUB,TPE,2027-04-30,2027-05-14,economy,6483696,IDR,Scoot,19:50,17:10,1,430,,,google-flights,ok,
2026-09-27 17:09:10+0700,SUB-TPE,SUB,TPE,2027-05-08,2027-05-22,economy,,IDR,,,,,,,,,error,FlightsNotFound: no flights found; received error
2026-09-27 17:09:10+0700,SUB-TPE,SUB,TPE,2027-05-16,2027-05-30,economy,5326991,IDR,Scoot,19:50,05:45,1,430,,,google-flights,ok,
2026-09-27 17:09:10+0700,SUB-TPE,SUB,TPE,2027-05-24,2027-06-07,economy,6483696,IDR,Scoot,10:35,11:45,1,430,,,google-flights,ok,
2026-09-27 17:09:10+0700,SUB-TPE,SUB,TPE,2027-06-01,2027-06-15,economy,4781939,IDR,Scoot,19:50,05:45,1,430,,,google-flights,ok,
2026-09-27 17:09:10+0700,SUB-TPE,SUB,TPE,2027-06-09,2027-06-23,economy,5326991,IDR,Scoot,19:50,05:45,1,430,,,google-flights,ok,
2026-09-27 17:09:10+0700,SUB-TPE,SUB,TPE,2027-06-17,2027-07-01,economy,7301029,IDR,Scoot,08:35,05:45,1,430,,,google-flights,ok,
2026-09-27 17:09:10+0700,SUB-TPE,SUB,TPE,2027-06-25,2027-07-09,economy,5121311,IDR,Scoot,19:50,05:45,1,430,,,google-flights,ok,
2026-09-27 17:09:10+0700,SUB-KUL,SUB,KUL,2026-09-30,2026-10-07,economy,3800537,IDR,Indonesia AirAsia,11:20,15:00,0,160,,,google-flights,ok,
2026-09-27 17:09:10+0700,SUB-KUL,SUB,KUL,2026-10-08,2026-10-15,economy,,IDR,,,,,,,,,error,FlightsNotFound: no flights found; received error
2026-09-27 17:09:10+0700,SUB-KUL,SUB,KUL,2026-10-16,2026-10-23,economy,2216251,IDR,Indonesia AirAsia,17:45,21:25,0,160,,,google-flights,ok,
2026-09-27 17:09:10+0700,SUB-KUL,SUB,KUL,2026-10-24,2026-10-31,economy,2070002,IDR,Indonesia AirAsia,05:05,08:40,0,155,,,google-flights,ok,
2026-09-27 17:09:10+0700,SUB-KUL,SUB,KUL,2026-11-01,2026-11-08,economy,2085390,IDR,Indonesia AirAsia,13:25,17:05,0,160,,,google-flights,ok,
2026-09-27 17:09:10+0700,SUB-KUL,SUB,KUL,2026-11-09,2026-11-16,economy,,IDR,,,,,,,,,error,FlightsNotFound: no flights found; received error
2026-09-27 17:09:10+0700,SUB-KUL,SUB,KUL,2026-11-17,2026-11-24,economy,,IDR,,,,,,,,,error,FlightsNotFound: no flights found; received error
2026-09-27 17:09:10+0700,SUB-KUL,SUB,KUL,2026-11-25,2026-12-02,economy,3435022,IDR,Malaysia Airlines,10:00,13:40,0,160,,,google-flights,ok,
2026-09-27 17:09:10+0700,SUB-KUL,SUB,KUL,2026-12-03,2026-12-10,economy,,IDR,,,,,,,,,error,FlightsNotFound: no flights found; received error
2026-09-27 17:09:10+0700,SUB-KUL,SUB,KUL,2026-12-11,2026-12-18,economy,4582691,IDR,Malaysia Airlines,15:50,19:30,0,160,,,google-flights,ok,
2026-09-27 17:09:10+0700,SUB-KUL,SUB,KUL,2026-12-19,2026-12-26,economy,,IDR,,,,,,,,,error,FlightsNotFound: no flights found; received error
2026-09-27 17:09:10+0700,SUB-KUL,SUB,KUL,2026-12-27,2027-01-03,economy,4371235,IDR,Indonesia AirAsia,05:00,08:35,0,155,,,google-flights,ok,
2026-09-27 17:09:10+0700,SUB-KUL,SUB,KUL,2027-01-04,2027-01-11,economy,3702045,IDR,Indonesia AirAsia,05:00,08:35,0,155,,,google-flights,ok,
2026-09-27 17:09:10+0700,SUB-KUL,SUB,KUL,2027-01-12,2027-01-19,economy,,IDR,,,,,,,,,error,FlightsNotFound: no flights found; received error
2026-09-27 17:09:10+0700,SUB-KUL,SUB,KUL,2027-01-20,2027-01-27,economy,2617953,IDR,Indonesia AirAsia,05:00,08:35,0,155,,,google-flights,ok,
2026-09-27 17:09:10+0700,SUB-KUL,SUB,KUL,2027-01-28,2027-02-04,economy,,IDR,,,,,,,,,error,FlightsNotFound: no flights found; received error
2026-09-27 17:09:10+0700,SUB-SIN,SUB,SIN,2026-10-01,2026-10-08,economy,5076560,IDR,Batik Air,05:05,13:45,1,195,,,google-flights,ok,
2026-09-27 17:09:10+0700,SUB-SIN,SUB,SIN,2026-10-09,2026-10-16,economy,4347417,IDR,Scoot,19:50,23:15,0,145,,,google-flights,ok,
2026-09-27 17:09:10+0700,SUB-SIN,SUB,SIN,2026-10-17,2026-10-24,economy,4249633,IDR,Indonesia AirAsia/AirAsia,05:05,11:35,1,230,,,google-flights,ok,
2026-09-27 17:09:10+0700,SUB-SIN,SUB,SIN,2026-10-25,2026-11-01,economy,,IDR,,,,,,,,,error,FlightsNotFound: no flights found; received error
2026-09-27 17:09:10+0700,SUB-SIN,SUB,SIN,2026-11-02,2026-11-09,economy,4377165,IDR,Indonesia AirAsia/AirAsia,13:25,20:55,1,240,,,google-flights,ok,
2026-09-27 17:09:10+0700,SUB-SIN,SUB,SIN,2026-11-10,2026-11-17,economy,4304486,IDR,Indonesia AirAsia/AirAsia,05:00,11:35,1,230,,,google-flights,ok,
2026-09-27 17:09:10+0700,SUB-SIN,SUB,SIN,2026-11-18,2026-11-25,economy,3714798,IDR,Indonesia AirAsia/AirAsia,13:25,19:40,1,240,,,google-flights,ok,
2026-09-27 17:09:10+0700,SUB-SIN,SUB,SIN,2026-11-26,2026-12-03,economy,4442884,IDR,Indonesia AirAsia/AirAsia,05:00,11:35,1,230,,,google-flights,ok,
2026-09-27 17:09:10+0700,SUB-SIN,SUB,SIN,2026-12-04,2026-12-11,economy,,IDR,,,,,,,,,error,FlightsNotFound: no flights found; received error
2026-09-27 17:09:10+0700,SUB-SIN,SUB,SIN,2026-12-12,2026-12-19,economy,,IDR,,,,,,,,,error,FlightsNotFound: no flights found; received error
2026-09-27 17:09:10+0700,SUB-SIN,SUB,SIN,2026-12-20,2026-12-27,economy,6156491,IDR,Malaysia Airlines,10:00,16:40,1,235,,,google-flights,ok,
2026-09-27 17:09:10+0700,SUB-SIN,SUB,SIN,2026-12-28,2027-01-04,economy,,IDR,,,,,,,,,error,FlightsNotFound: no flights found; received error
2026-09-27 17:09:10+0700,SUB-SIN,SUB,SIN,2027-01-05,2027-01-12,economy,,IDR,,,,,,,,,error,FlightsNotFound: no flights found; received error
2026-09-27 17:09:10+0700,SUB-SIN,SUB,SIN,2027-01-13,2027-01-20,economy,4606197,IDR,Indonesia AirAsia/AirAsia,05:00,11:35,1,230,,,google-flights,ok,
2026-09-27 17:09:10+0700,SUB-SIN,SUB,SIN,2027-01-21,2027-01-28,economy,,IDR,,,,,,,,,error,FlightsNotFound: no flights found; received error
2026-09-27 17:09:10+0700,SUB-SIN,SUB,SIN,2027-01-29,2027-02-05,economy,,IDR,,,,,,,,,error,IndexError: list index out of range
2026-09-27 20:08:41+0700,DPS-MEL,DPS,MEL,2026-10-04,2026-10-18,economy,,IDR,,,,,,,,,error,FlightsNotFound: no flights found; received error
2026-09-27 20:08:41+0700,DPS-MEL,DPS,MEL,2026-10-12,2026-10-26,economy,,IDR,,,,,,,,,error,FlightsNotFound: no flights found; received error
2026-09-27 20:08:41+0700,DPS-MEL,DPS,MEL,2026-10-20,2026-11-03,economy,,IDR,,,,,,,,,error,FlightsNotFound: no flights found; received error
2026-09-27 20:08:41+0700,DPS-MEL,DPS,MEL,2026-10-28,2026-11-11,economy,,IDR,,,,,,,,,error,FlightsNotFound: no flights found; received error
2026-09-27 20:08:41+0700,DPS-MEL,DPS,MEL,2026-11-05,2026-11-19,economy,,IDR,,,,,,,,,error,FlightsNotFound: no flights found; received error
2026-09-27 20:08:41+0700,DPS-MEL,DPS,MEL,2026-11-13,2026-11-27,economy,,IDR,,,,,,,,,error,FlightsNotFound: no flights found; received error
2026-09-27 20:08:41+0700,DPS-MEL,DPS,MEL,2026-11-21,2026-12-05,economy,,IDR,,,,,,,,,error,FlightsNotFound: no flights found; received error
2026-09-27 20:08:41+0700,DPS-MEL,DPS,MEL,2026-11-29,2026-12-13,economy,,IDR,,,,,,,,,error,FlightsNotFound: no flights found; received error
2026-09-27 20:08:41+0700,DPS-MEL,DPS,MEL,2026-12-07,2026-12-21,economy,,IDR,,,,,,,,,error,FlightsNotFound: no flights found; received error
2026-09-27 20:08:41+0700,DPS-MEL,DPS,MEL,2026-12-15,2026-12-29,economy,,IDR,,,,,,,,,error,FlightsNotFound: no flights found; received error
2026-09-27 20:08:41+0700,DPS-MEL,DPS,MEL,2026-12-23,2027-01-06,economy,,IDR,,,,,,,,,error,FlightsNotFound: no flights found; received error
2026-09-27 20:08:41+0700,DPS-MEL,DPS,MEL,2026-12-31,2027-01-14,economy,,IDR,,,,,,,,,error,FlightsNotFound: no flights found; received error
2026-09-27 20:08:41+0700,DPS-MEL,DPS,MEL,2027-01-08,2027-01-22,economy,,IDR,,,,,,,,,error,FlightsNotFound: no flights found; received error
2026-09-27 20:08:41+0700,DPS-MEL,DPS,MEL,2027-01-16,2027-01-30,economy,,IDR,,,,,,,,,error,FlightsNotFound: no flights found; received error
2026-09-27 20:08:41+0700,DPS-MEL,DPS,MEL,2027-01-24,2027-02-07,economy,,IDR,,,,,,,,,error,FlightsNotFound: no flights found; received error
2026-09-27 20:08:41+0700,DPS-MEL,DPS,MEL,2027-02-01,2027-02-15,economy,,IDR,,,,,,,,,error,FlightsNotFound: no flights found; received error
2026-09-27 20:08:41+0700,SUB-TPE,SUB,TPE,2026-10-05,2026-10-19,economy,,IDR,,,,,,,,,error,FlightsNotFound: no flights found; received error
2026-09-27 20:08:41+0700,SUB-TPE,SUB,TPE,2026-10-13,2026-10-27,economy,,IDR,,,,,,,,,error,FlightsNotFound: no flights found; received error
2026-09-27 20:08:41+0700,SUB-TPE,SUB,TPE,2026-10-21,2026-11-04,economy,4901449,IDR,Scoot,19:50,05:45,1,430,,,google-flights,ok,
2026-09-27 20:08:41+0700,SUB-TPE,SUB,TPE,2026-10-29,2026-11-12,economy,,IDR,,,,,,,,,error,FlightsNotFound: no flights found; received error
2026-09-27 20:08:41+0700,SUB-TPE,SUB,TPE,2026-11-06,2026-11-20,economy,7842183,IDR,Scoot,19:30,05:35,1,425,,,google-flights,ok,
2026-09-27 20:08:41+0700,SUB-TPE,SUB,TPE,2026-11-14,2026-11-28,economy,,IDR,,,,,,,,,error,FlightsNotFound: no flights found; received error
2026-09-27 20:08:41+0700,SUB-TPE,SUB,TPE,2026-11-22,2026-12-06,economy,,IDR,,,,,,,,,error,FlightsNotFound: no flights found; received error
2026-09-27 20:08:41+0700,SUB-TPE,SUB,TPE,2026-11-30,2026-12-14,economy,,IDR,,,,,,,,,error,FlightsNotFound: no flights found; received error
2026-09-27 20:08:41+0700,SUB-TPE,SUB,TPE,2026-12-08,2026-12-22,economy,,IDR,,,,,,,,,error,FlightsNotFound: no flights found; received error
2026-09-27 20:08:41+0700,SUB-TPE,SUB,TPE,2026-12-16,2026-12-30,economy,,IDR,,,,,,,,,error,FlightsNotFound: no flights found; received error
2026-09-27 20:08:41+0700,SUB-TPE,SUB,TPE,2026-12-24,2027-01-07,economy,,IDR,,,,,,,,,error,FlightsNotFound: no flights found; received error
2026-09-27 20:08:41+0700,SUB-TPE,SUB,TPE,2027-01-01,2027-01-15,economy,,IDR,,,,,,,,,error,FlightsNotFound: no flights found; received error
2026-09-27 20:08:41+0700,SUB-TPE,SUB,TPE,2027-01-09,2027-01-23,economy,,IDR,,,,,,,,,error,FlightsNotFound: no flights found; received error
2026-09-27 20:08:41+0700,SUB-TPE,SUB,TPE,2027-01-17,2027-01-31,economy,,IDR,,,,,,,,,error,FlightsNotFound: no flights found; received error
2026-09-27 20:08:41+0700,SUB-TPE,SUB,TPE,2027-01-25,2027-02-08,economy,,IDR,,,,,,,,,error,FlightsNotFound: no flights found; received error
2026-09-27 20:08:41+0700,SUB-TPE,SUB,TPE,2027-02-02,2027-02-16,economy,4695769,IDR,Scoot,19:30,11:00,1,435,,,google-flights,ok,
2026-09-27 20:08:41+0700,SUB-TPE,SUB,TPE,2027-02-10,2027-02-24,economy,,IDR,,,,,,,,,error,FlightsNotFound: no flights found; received error
2026-09-27 20:08:41+0700,SUB-TPE,SUB,TPE,2027-02-18,2027-03-04,economy,,IDR,,,,,,,,,error,FlightsNotFound: no flights found; received error
2026-09-27 20:08:41+0700,SUB-TPE,SUB,TPE,2027-02-26,2027-03-12,economy,,IDR,,,,,,,,,error,FlightsNotFound: no flights found; received error
2026-09-27 20:08:41+0700,SUB-TPE,SUB,TPE,2027-03-06,2027-03-20,economy,9878414,IDR,Scoot,19:30,05:35,1,425,,,google-flights,ok,
2026-09-27 20:08:41+0700,SUB-TPE,SUB,TPE,2027-03-14,2027-03-28,economy,11287321,IDR,Scoot,19:30,05:35,1,425,,,google-flights,ok,
2026-09-27 20:08:41+0700,SUB-TPE,SUB,TPE,2027-03-22,2027-04-05,economy,7257944,IDR,Scoot,09:50,11:00,1,435,,,google-flights,ok,
2026-09-27 20:08:41+0700,SUB-TPE,SUB,TPE,2027-03-30,2027-04-13,economy,5283906,IDR,Scoot,19:50,05:45,1,430,,,google-flights,ok,
2026-09-27 20:08:41+0700,SUB-TPE,SUB,TPE,2027-04-07,2027-04-21,economy,5938644,IDR,Scoot,19:50,14:15,1,430,,,google-flights,ok,
2026-09-27 20:08:41+0700,SUB-TPE,SUB,TPE,2027-04-15,2027-04-29,economy,7111020,IDR,Scoot,08:35,05:45,1,430,,,google-flights,ok,
2026-09-27 20:08:41+0700,SUB-TPE,SUB,TPE,2027-04-23,2027-05-07,economy,4781939,IDR,Scoot,19:50,05:45,1,430,,,google-flights,ok,
2026-09-27 20:08:41+0700,SUB-TPE,SUB,TPE,2027-05-01,2027-05-15,economy,4987619,IDR,Scoot,19:50,17:10,1,430,,,google-flights,ok,
2026-09-27 20:08:41+0700,SUB-TPE,SUB,TPE,2027-05-09,2027-05-23,economy,,IDR,,,,,,,,,error,FlightsNotFound: no flights found; received error
2026-09-27 20:08:41+0700,SUB-TPE,SUB,TPE,2027-05-17,2027-05-31,economy,6483696,IDR,Scoot,10:35,11:45,1,430,,,google-flights,ok,
2026-09-27 20:08:41+0700,SUB-TPE,SUB,TPE,2027-05-25,2027-06-08,economy,4781939,IDR,Scoot,19:50,17:10,1,430,,,google-flights,ok,
2026-09-27 20:08:41+0700,SUB-TPE,SUB,TPE,2027-06-02,2027-06-16,economy,,IDR,,,,,,,,,error,FlightsNotFound: no flights found; received error
2026-09-27 20:08:41+0700,SUB-TPE,SUB,TPE,2027-06-10,2027-06-24,economy,,IDR,,,,,,,,,error,FlightsNotFound: no flights found; received error
2026-09-27 20:08:41+0700,SUB-TPE,SUB,TPE,2027-06-18,2027-07-02,economy,5121311,IDR,Scoot,19:50,05:45,1,430,,,google-flights,ok,
2026-09-27 20:08:41+0700,SUB-TPE,SUB,TPE,2027-06-26,2027-07-10,economy,5121311,IDR,Scoot,19:50,17:10,1,430,,,google-flights,ok,
2026-09-27 20:08:41+0700,SUB-KUL,SUB,KUL,2026-10-01,2026-10-08,economy,,IDR,,,,,,,,,error,FlightsNotFound: no flights found; received error
2026-09-27 20:08:41+0700,SUB-KUL,SUB,KUL,2026-10-09,2026-10-16,economy,2471704,IDR,Indonesia AirAsia,11:20,15:00,0,160,,,google-flights,ok,
2026-09-27 20:08:41+0700,SUB-KUL,SUB,KUL,2026-10-17,2026-10-24,economy,2216251,IDR,Indonesia AirAsia,17:45,21:25,0,160,,,google-flights,ok,
2026-09-27 20:08:41+0700,SUB-KUL,SUB,KUL,2026-10-25,2026-11-01,economy,2471704,IDR,Indonesia AirAsia,11:20,14:55,0,155,,,google-flights,ok,
2026-09-27 20:08:41+0700,SUB-KUL,SUB,KUL,2026-11-02,2026-11-09,economy,2318866,IDR,Indonesia AirAsia,05:00,08:35,0,155,,,google-flights,ok,
2026-09-27 20:08:41+0700,SUB-KUL,SUB,KUL,2026-11-10,2026-11-17,economy,,IDR,,,,,,,,,error,FlightsNotFound: no flights found; received error
2026-09-27 20:08:41+0700,SUB-KUL,SUB,KUL,2026-11-18,2026-11-25,economy,3209056,IDR,Malaysia Airlines,10:00,13:40,0,160,,,google-flights,ok,
2026-09-27 20:08:41+0700,SUB-KUL,SUB,KUL,2026-11-26,2026-12-03,economy,,IDR,,,,,,,,,error,FlightsNotFound: no flights found; received error
2026-09-27 20:08:41+0700,SUB-KUL,SUB,KUL,2026-12-04,2026-12-11,economy,,IDR,,,,,,,,,error,FlightsNotFound: no flights found; received error
2026-09-27 20:08:41+0700,SUB-KUL,SUB,KUL,2026-12-12,2026-12-19,economy,4582691,IDR,Malaysia Airlines,15:50,19:30,0,160,,,google-flights,ok,
2026-09-27 20:08:41+0700,SUB-KUL,SUB,KUL,2026-12-20,2026-12-27,economy,4371235,IDR,Indonesia AirAsia,05:00,08:35,0,155,,,google-flights,ok,
2026-09-27 20:08:41+0700,SUB-KUL,SUB,KUL,2026-12-28,2027-01-04,economy,4371235,IDR,Indonesia AirAsia,05:00,08:35,0,155,,,google-flights,ok,
2026-09-27 20:08:41+0700,SUB-KUL,SUB,KUL,2027-01-05,2027-01-12,economy,,IDR,,,,,,,,,error,FlightsNotFound: no flights found; received error
2026-09-27 20:08:41+0700,SUB-KUL,SUB,KUL,2027-01-13,2027-01-20,economy,,IDR,,,,,,,,,error,FlightsNotFound: no flights found; received error
2026-09-27 20:08:41+0700,SUB-KUL,SUB,KUL,2027-01-21,2027-01-28,economy,2617953,IDR,Indonesia AirAsia,05:00,08:35,0,155,,,google-flights,ok,
2026-09-27 20:08:41+0700,SUB-KUL,SUB,KUL,2027-01-29,2027-02-05,economy,4197582,IDR,Malaysia Airlines,10:00,13:40,0,160,,,google-flights,ok,
2026-09-27 20:08:41+0700,SUB-SIN,SUB,SIN,2026-10-02,2026-10-09,economy,4974160,IDR,Lion/Batik Air,06:30,13:45,1,195,,,google-flights,ok,
2026-09-27 20:08:41+0700,SUB-SIN,SUB,SIN,2026-10-10,2026-10-17,economy,4361274,IDR,Indonesia AirAsia/AirAsia,05:05,11:35,1,230,,,google-flights,ok,
2026-09-27 20:08:41+0700,SUB-SIN,SUB,SIN,2026-10-18,2026-10-25,economy,,IDR,,,,,,,,,error,FlightsNotFound: no flights found; received error
2026-09-27 20:08:41+0700,SUB-SIN,SUB,SIN,2026-10-26,2026-11-02,economy,4597872,IDR,Indonesia AirAsia/AirAsia,13:25,19:40,1,240,,,google-flights,ok,
2026-09-27 20:08:41+0700,SUB-SIN,SUB,SIN,2026-11-03,2026-11-10,economy,,IDR,,,,,,,,,error,FlightsNotFound: no flights found; received error
2026-09-27 20:08:41+0700,SUB-SIN,SUB,SIN,2026-11-11,2026-11-18,economy,4203054,IDR,Indonesia AirAsia/AirAsia,05:00,11:35,1,230,,,google-flights,ok,
2026-09-27 20:08:41+0700,SUB-SIN,SUB,SIN,2026-11-19,2026-11-26,economy,4131142,IDR,Indonesia AirAsia/AirAsia,13:25,19:40,1,240,,,google-flights,ok,
2026-09-27 20:08:41+0700,SUB-SIN,SUB,SIN,2026-11-27,2026-12-04,economy,,IDR,,,,,,,,,error,FlightsNotFound: no flights found; received error
2026-09-27 20:08:41+0700,SUB-SIN,SUB,SIN,2026-12-05,2026-12-12,economy,5365491,IDR,Malaysia Airlines,10:00,16:40,1,235,,,google-flights,ok,
2026-09-27 20:08:41+0700,SUB-SIN,SUB,SIN,2026-12-13,2026-12-20,economy,5549491,IDR,Malaysia Airlines,18:05,09:05,1,235,,,google-flights,ok,
2026-09-27 20:08:41+0700,SUB-SIN,SUB,SIN,2026-12-21,2026-12-28,economy,5825766,IDR,Malaysia Airlines,18:05,00:30,1,230,,,google-flights,ok,
2026-09-27 20:08:41+0700,SUB-SIN,SUB,SIN,2026-12-29,2027-01-05,economy,,IDR,,,,,,,,,error,FlightsNotFound: no flights found; received error
2026-09-27 20:08:41+0700,SUB-SIN,SUB,SIN,2027-01-06,2027-01-13,economy,5549491,IDR,Malaysia Airlines,10:00,16:40,1,235,,,google-flights,ok,
2026-09-27 20:08:41+0700,SUB-SIN,SUB,SIN,2027-01-14,2027-01-21,economy,4628491,IDR,Malaysia Airlines,10:00,16:40,1,235,,,google-flights,ok,
2026-09-27 20:08:41+0700,SUB-SIN,SUB,SIN,2027-01-22,2027-01-29,economy,,IDR,,,,,,,,,error,FlightsNotFound: no flights found; received error
2026-09-27 20:08:41+0700,SUB-SIN,SUB,SIN,2027-01-30,2027-02-06,economy,,IDR,,,,,,,,,error,FlightsNotFound: no flights found; received error
2026-09-27 23:09:32+0700,DPS-MEL,DPS,MEL,2026-10-05,2026-10-19,economy,,IDR,,,,,,,,,error,IndexError: list index out of range
2026-09-27 23:09:32+0700,DPS-MEL,DPS,MEL,2026-10-13,2026-10-27,economy,,IDR,,,,,,,,,error,FlightsNotFound: no flights found; received error
2026-09-27 23:09:32+0700,DPS-MEL,DPS,MEL,2026-10-21,2026-11-04,economy,,IDR,,,,,,,,,error,FlightsNotFound: no flights found; received error
2026-09-27 23:09:32+0700,DPS-MEL,DPS,MEL,2026-10-29,2026-11-12,economy,,IDR,,,,,,,,,error,FlightsNotFound: no flights found; received error
2026-09-27 23:09:32+0700,DPS-MEL,DPS,MEL,2026-11-06,2026-11-20,economy,11350811,IDR,Jetstar,11:30,20:10,0,340,,,google-flights,ok,
2026-09-27 23:09:32+0700,DPS-MEL,DPS,MEL,2026-11-14,2026-11-28,economy,9713811,IDR,Jetstar,14:55,23:35,0,340,,,google-flights,ok,
2026-09-27 23:09:32+0700,DPS-MEL,DPS,MEL,2026-11-22,2026-12-06,economy,9631782,IDR,Virgin Australia,15:50,00:30,0,340,,,google-flights,ok,
2026-09-27 23:09:32+0700,DPS-MEL,DPS,MEL,2026-11-30,2026-12-14,economy,10405610,IDR,Jetstar,14:55,23:35,0,340,,,google-flights,ok,
2026-09-27 23:09:32+0700,DPS-MEL,DPS,MEL,2026-12-08,2026-12-22,economy,12796811,IDR,Jetstar,23:20,07:55,0,335,,,google-flights,ok,
2026-09-27 23:09:32+0700,DPS-MEL,DPS,MEL,2026-12-16,2026-12-30,economy,10581811,IDR,Jetstar,11:30,20:10,0,340,,,google-flights,ok,
2026-09-27 23:09:32+0700,DPS-MEL,DPS,MEL,2026-12-24,2027-01-07,economy,8338476,IDR,Virgin Australia,22:00,06:40,0,340,,,google-flights,ok,
2026-09-27 23:09:32+0700,DPS-MEL,DPS,MEL,2027-01-01,2027-01-15,economy,11279935,IDR,Jetstar,14:55,23:35,0,340,,,google-flights,ok,
2026-09-27 23:09:32+0700,DPS-MEL,DPS,MEL,2027-01-09,2027-01-23,economy,12163811,IDR,Jetstar,14:55,23:35,0,340,,,google-flights,ok,
2026-09-27 23:09:32+0700,DPS-MEL,DPS,MEL,2027-01-17,2027-01-31,economy,10924811,IDR,Jetstar,14:55,23:35,0,340,,,google-flights,ok,
2026-09-27 23:09:32+0700,DPS-MEL,DPS,MEL,2027-01-25,2027-02-08,economy,10176174,IDR,Jetstar,11:30,20:10,0,340,,,google-flights,ok,
2026-09-27 23:09:32+0700,SUB-TPE,SUB,TPE,2026-09-28,2026-10-12,economy,12863240,IDR,Scoot,10:35,17:10,1,430,,,google-flights,ok,
2026-09-27 23:09:32+0700,SUB-TPE,SUB,TPE,2026-10-06,2026-10-20,economy,5035141,IDR,Scoot,19:50,05:45,1,430,,,google-flights,ok,
2026-09-27 23:09:32+0700,SUB-TPE,SUB,TPE,2026-10-14,2026-10-28,economy,5240821,IDR,Scoot,19:50,05:45,1,430,,,google-flights,ok,
2026-09-27 23:09:32+0700,SUB-TPE,SUB,TPE,2026-10-22,2026-11-05,economy,5035141,IDR,Scoot,10:35,17:10,1,430,,,google-flights,ok,
2026-09-27 23:09:32+0700,SUB-TPE,SUB,TPE,2026-10-30,2026-11-13,economy,4901449,IDR,Scoot,19:30,11:00,1,435,,,google-flights,ok,
2026-09-27 23:09:32+0700,SUB-TPE,SUB,TPE,2026-11-07,2026-11-21,economy,6397526,IDR,Scoot,09:50,05:35,1,425,,,google-flights,ok,
2026-09-27 23:09:32+0700,SUB-TPE,SUB,TPE,2026-11-15,2026-11-29,economy,7024850,IDR,Scoot,09:50,05:35,1,425,,,google-flights,ok,
2026-09-27 23:09:32+0700,SUB-TPE,SUB,TPE,2026-11-23,2026-12-07,economy,7842183,IDR,Scoot,09:50,05:35,1,425,,,google-flights,ok,
2026-09-27 23:09:32+0700,SUB-TPE,SUB,TPE,2026-12-01,2026-12-15,economy,10752554,IDR,Scoot,09:50,05:35,1,425,,,google-flights,ok,
2026-09-27 23:09:32+0700,SUB-TPE,SUB,TPE,2026-12-09,2026-12-23,economy,10516022,IDR,Scoot,19:30,05:35,1,425,,,google-flights,ok,
2026-09-27 23:09:32+0700,SUB-TPE,SUB,TPE,2026-12-17,2026-12-31,economy,13973911,IDR,Scoot,09:50,05:35,1,425,,,google-flights,ok,
2026-09-27 23:09:32+0700,SUB-TPE,SUB,TPE,2026-12-25,2027-01-08,economy,13490564,IDR,Scoot,19:30,05:35,1,425,,,google-flights,ok,
2026-09-27 23:09:32+0700,SUB-TPE,SUB,TPE,2027-01-02,2027-01-16,economy,5035141,IDR,Scoot,19:30,11:00,1,435,,,google-flights,ok,
2026-09-27 23:09:32+0700,SUB-TPE,SUB,TPE,2027-01-10,2027-01-24,economy,5852474,IDR,Scoot,19:30,05:35,1,425,,,google-flights,ok,
2026-09-27 23:09:32+0700,SUB-TPE,SUB,TPE,2027-01-18,2027-02-01,economy,6058154,IDR,Scoot,09:50,11:00,1,435,,,google-flights,ok,
2026-09-27 23:09:32+0700,SUB-TPE,SUB,TPE,2027-01-26,2027-02-09,economy,6479798,IDR,Scoot,19:30,11:00,1,435,,,google-flights,ok,
2026-09-27 23:09:32+0700,SUB-TPE,SUB,TPE,2027-02-03,2027-02-17,economy,5035141,IDR,Scoot,19:30,05:35,1,425,,,google-flights,ok,
2026-09-27 23:09:32+0700,SUB-TPE,SUB,TPE,2027-02-11,2027-02-25,economy,11937680,IDR,Scoot,09:50,05:35,1,425,,,google-flights,ok,
2026-09-27 23:09:32+0700,SUB-TPE,SUB,TPE,2027-02-19,2027-03-05,economy,5035141,IDR,Scoot,19:30,11:00,1,435,,,google-flights,ok,
2026-09-27 23:09:32+0700,SUB-TPE,SUB,TPE,2027-02-27,2027-03-13,economy,10516022,IDR,Scoot,19:30,05:35,1,425,,,google-flights,ok,
2026-09-27 23:09:32+0700,SUB-TPE,SUB,TPE,2027-03-07,2027-03-21,economy,10752554,IDR,Scoot,19:30,11:00,1,435,,,google-flights,ok,
2026-09-27 23:09:32+0700,SUB-TPE,SUB,TPE,2027-03-15,2027-03-29,economy,10516022,IDR,Scoot,09:50,05:35,1,425,,,google-flights,ok,
2026-09-27 23:09:32+0700,SUB-TPE,SUB,TPE,2027-03-23,2027-04-06,economy,4738854,IDR,Scoot,19:30,11:00,1,435,,,google-flights,ok,
2026-09-27 23:09:32+0700,SUB-TPE,SUB,TPE,2027-03-31,2027-04-14,economy,6144324,IDR,Scoot,19:50,17:10,1,430,,,google-flights,ok,
2026-09-27 23:09:32+0700,SUB-TPE,SUB,TPE,2027-04-08,2027-04-22,economy,6483696,IDR,Scoot,08:35,14:15,1,430,,,google-flights,ok,
2026-09-27 23:09:32+0700,SUB-TPE,SUB,TPE,2027-04-16,2027-04-30,economy,7203576,IDR,Scoot,19:50,11:45,1,430,,,google-flights,ok,
2026-09-27 23:09:32+0700,SUB-TPE,SUB,TPE,2027-04-24,2027-05-08,economy,5326991,IDR,Scoot,19:50,17:10,1,430,,,google-flights,ok,
2026-09-27 23:09:32+0700,SUB-TPE,SUB,TPE,2027-05-02,2027-05-16,economy,5326991,IDR,Scoot,19:50,05:45,1,430,,,google-flights,ok,
2026-09-27 23:09:32+0700,SUB-TPE,SUB,TPE,2027-05-10,2027-05-24,economy,7111020,IDR,Scoot,10:35,17:10,1,430,,,google-flights,ok,
2026-09-27 23:09:32+0700,SUB-TPE,SUB,TPE,2027-05-18,2027-06-01,economy,4576259,IDR,Scoot,19:50,17:10,1,430,,,google-flights,ok,
2026-09-27 23:09:32+0700,SUB-TPE,SUB,TPE,2027-05-26,2027-06-09,economy,5121311,IDR,Scoot,19:50,11:45,1,430,,,google-flights,ok,
2026-09-27 23:09:32+0700,SUB-TPE,SUB,TPE,2027-06-03,2027-06-17,economy,5666363,IDR,Scoot,08:35,05:45,1,430,,,google-flights,ok,
2026-09-27 23:09:32+0700,SUB-TPE,SUB,TPE,2027-06-11,2027-06-25,economy,5121311,IDR,Scoot,19:50,17:10,1,430,,,google-flights,ok,
2026-09-27 23:09:32+0700,SUB-TPE,SUB,TPE,2027-06-19,2027-07-03,economy,5326991,IDR,Scoot,19:50,17:10,1,430,,,google-flights,ok,
2026-09-27 23:09:32+0700,SUB-TPE,SUB,TPE,2027-06-27,2027-07-11,economy,5121311,IDR,Scoot,19:50,17:10,1,430,,,google-flights,ok,
2026-09-27 23:09:32+0700,SUB-KUL,SUB,KUL,2026-10-02,2026-10-09,economy,3192569,IDR,Indonesia AirAsia,05:05,08:40,0,155,,,google-flights,ok,
2026-09-27 23:09:32+0700,SUB-KUL,SUB,KUL,2026-10-10,2026-10-17,economy,3870880,IDR,Batik Air,05:05,13:10,1,220,,,google-flights,ok,
2026-09-27 23:09:32+0700,SUB-KUL,SUB,KUL,2026-10-18,2026-10-25,economy,2714784,IDR,Indonesia AirAsia,17:45,21:25,0,160,,,google-flights,ok,
2026-09-27 23:09:32+0700,SUB-KUL,SUB,KUL,2026-10-26,2026-11-02,economy,3100058,IDR,Indonesia AirAsia,11:20,14:55,0,155,,,google-flights,ok,
2026-09-27 23:09:32+0700,SUB-KUL,SUB,KUL,2026-11-03,2026-11-10,economy,2720423,IDR,Indonesia AirAsia,11:20,14:55,0,155,,,google-flights,ok,
2026-09-27 23:09:32+0700,SUB-KUL,SUB,KUL,2026-11-11,2026-11-18,economy,3029950,IDR,Indonesia AirAsia,11:20,14:55,0,155,,,google-flights,ok,
2026-09-27 23:09:32+0700,SUB-KUL,SUB,KUL,2026-11-19,2026-11-26,economy,2216251,IDR,Indonesia AirAsia,05:00,08:35,0,155,,,google-flights,ok,
2026-09-27 23:09:32+0700,SUB-KUL,SUB,KUL,2026-11-27,2026-12-04,economy,3262057,IDR,Indonesia AirAsia,05:00,08:35,0,155,,,google-flights,ok,
2026-09-27 23:09:32+0700,SUB-KUL,SUB,KUL,2026-12-05,2026-12-12,economy,3058112,IDR,Indonesia AirAsia,05:00,08:35,0,155,,,google-flights,ok,
2026-09-27 23:09:32+0700,SUB-KUL,SUB,KUL,2026-12-13,2026-12-20,economy,3058112,IDR,Indonesia AirAsia,05:00,08:35,0,155,,,google-flights,ok,
2026-09-27 23:09:32+0700,SUB-KUL,SUB,KUL,2026-12-21,2026-12-28,economy,4371235,IDR,Indonesia AirAsia,05:00,08:35,0,155,,,google-flights,ok,
2026-09-27 23:09:32+0700,SUB-KUL,SUB,KUL,2026-12-29,2027-01-05,economy,3937044,IDR,Indonesia AirAsia,05:00,08:35,0,155,,,google-flights,ok,
2026-09-27 23:09:32+0700,SUB-KUL,SUB,KUL,2027-01-06,2027-01-13,economy,3271392,IDR,Indonesia AirAsia,05:00,08:35,0,155,,,google-flights,ok,
2026-09-27 23:09:32+0700,SUB-KUL,SUB,KUL,2027-01-14,2027-01-21,economy,2869143,IDR,Indonesia AirAsia,05:00,08:35,0,155,,,google-flights,ok,
2026-09-27 23:09:32+0700,SUB-KUL,SUB,KUL,2027-01-22,2027-01-29,economy,2869143,IDR,Indonesia AirAsia,05:00,08:35,0,155,,,google-flights,ok,
2026-09-27 23:09:32+0700,SUB-KUL,SUB,KUL,2027-01-30,2027-02-06,economy,3288559,IDR,Indonesia AirAsia,05:00,08:35,0,155,,,google-flights,ok,
2026-09-27 23:09:32+0700,SUB-SIN,SUB,SIN,2026-10-03,2026-10-10,economy,4848032,IDR,Lion/Batik Air,07:40,15:15,1,195,,,google-flights,ok,
2026-09-27 23:09:32+0700,SUB-SIN,SUB,SIN,2026-10-11,2026-10-18,economy,4237515,IDR,Lion/Batik Air,06:30,15:15,1,195,,,google-flights,ok,
2026-09-27 23:09:32+0700,SUB-SIN,SUB,SIN,2026-10-19,2026-10-26,economy,4510645,IDR,Indonesia AirAsia/AirAsia,07:05,13:00,1,225,,,google-flights,ok,
2026-09-27 23:09:32+0700,SUB-SIN,SUB,SIN,2026-10-27,2026-11-03,economy,4059255,IDR,Indonesia AirAsia/AirAsia,13:25,19:40,1,240,,,google-flights,ok,
2026-09-27 23:09:32+0700,SUB-SIN,SUB,SIN,2026-11-04,2026-11-11,economy,4059255,IDR,Indonesia AirAsia/AirAsia,05:00,11:35,1,230,,,google-flights,ok,
2026-09-27 23:09:32+0700,SUB-SIN,SUB,SIN,2026-11-12,2026-11-19,economy,3924212,IDR,Indonesia AirAsia/AirAsia,11:20,18:00,1,235,,,google-flights,ok,
2026-09-27 23:09:32+0700,SUB-SIN,SUB,SIN,2026-11-20,2026-11-27,economy,4567416,IDR,"Pelita Air Service, Pt",18:25,10:45,1,205,,,google-flights,ok,
2026-09-27 23:09:32+0700,SUB-SIN,SUB,SIN,2026-11-28,2026-12-05,economy,4587089,IDR,Indonesia AirAsia/AirAsia,05:00,11:35,1,230,,,google-flights,ok,
2026-09-27 23:09:32+0700,SUB-SIN,SUB,SIN,2026-12-06,2026-12-13,economy,5227491,IDR,Malaysia Airlines,18:05,00:30,1,230,,,google-flights,ok,
2026-09-27 23:09:32+0700,SUB-SIN,SUB,SIN,2026-12-14,2026-12-21,economy,5549491,IDR,Malaysia Airlines,18:05,09:05,1,235,,,google-flights,ok,
2026-09-27 23:09:32+0700,SUB-SIN,SUB,SIN,2026-12-22,2026-12-29,economy,5871491,IDR,Malaysia Airlines,10:00,16:40,1,235,,,google-flights,ok,
2026-09-27 23:09:32+0700,SUB-SIN,SUB,SIN,2026-12-30,2027-01-06,economy,5871491,IDR,Malaysia Airlines,15:50,00:30,1,230,,,google-flights,ok,
2026-09-27 23:09:32+0700,SUB-SIN,SUB,SIN,2027-01-07,2027-01-14,economy,5549491,IDR,Malaysia Airlines,10:00,16:40,1,235,,,google-flights,ok,
2026-09-27 23:09:32+0700,SUB-SIN,SUB,SIN,2027-01-15,2027-01-22,economy,4567416,IDR,"Pelita Air Service, Pt",18:25,10:45,1,205,,,google-flights,ok,
2026-09-27 23:09:32+0700,SUB-SIN,SUB,SIN,2027-01-23,2027-01-30,economy,,IDR,,,,,,,,,error,IndexError: list index out of range
2026-09-27 23:09:32+0700,SUB-SIN,SUB,SIN,2027-01-31,2027-02-07,economy,,IDR,,,,,,,,,error,IndexError: list index out of range
2026-09-28 02:07:39+0700,DPS-MEL,DPS,MEL,2026-09-29,2026-10-13,economy,,IDR,,,,,,,,,error,IndexError: list index out of range
2026-09-28 02:07:39+0700,DPS-MEL,DPS,MEL,2026-10-07,2026-10-21,economy,,IDR,,,,,,,,,error,IndexError: list index out of range
2026-09-28 02:07:39+0700,DPS-MEL,DPS,MEL,2026-10-15,2026-10-29,economy,,IDR,,,,,,,,,error,IndexError: list index out of range
2026-09-28 02:07:39+0700,DPS-MEL,DPS,MEL,2026-10-23,2026-11-06,economy,,IDR,,,,,,,,,error,IndexError: list index out of range
2026-09-28 02:07:39+0700,DPS-MEL,DPS,MEL,2026-10-31,2026-11-14,economy,11183758,IDR,Jetstar,14:55,23:35,0,340,,,google-flights,ok,
2026-09-28 02:07:39+0700,DPS-MEL,DPS,MEL,2026-11-08,2026-11-22,economy,10145481,IDR,Scoot,20:00,21:20,1,605,,,google-flights,ok,
2026-09-28 02:07:39+0700,DPS-MEL,DPS,MEL,2026-11-16,2026-11-30,economy,8810276,IDR,Virgin Australia,23:20,22:00,1,490,,,google-flights,ok,
2026-09-28 02:07:39+0700,DPS-MEL,DPS,MEL,2026-11-24,2026-12-08,economy,9197808,IDR,Jetstar,14:55,23:35,0,340,,,google-flights,ok,
2026-09-28 02:07:39+0700,DPS-MEL,DPS,MEL,2026-12-02,2026-12-16,economy,10581811,IDR,Jetstar,14:55,23:35,0,340,,,google-flights,ok,
2026-09-28 02:07:39+0700,DPS-MEL,DPS,MEL,2026-12-10,2026-12-24,economy,13055282,IDR,Virgin Australia,22:30,11:35,1,465,,,google-flights,ok,
2026-09-28 02:07:39+0700,DPS-MEL,DPS,MEL,2026-12-18,2027-01-01,economy,8488521,IDR,Jetstar,14:55,23:35,0,340,,,google-flights,ok,
2026-09-28 02:07:39+0700,DPS-MEL,DPS,MEL,2026-12-26,2027-01-09,economy,6842811,IDR,Jetstar,14:55,23:35,0,340,,,google-flights,ok,
2026-09-28 02:07:39+0700,DPS-MEL,DPS,MEL,2027-01-03,2027-01-17,economy,13138191,IDR,Garuda Indonesia,20:40,11:50,1,510,,,google-flights,ok,
2026-09-28 02:07:39+0700,DPS-MEL,DPS,MEL,2027-01-11,2027-01-25,economy,11652271,IDR,Virgin Australia,22:00,06:40,0,340,,,google-flights,ok,
2026-09-28 02:07:39+0700,DPS-MEL,DPS,MEL,2027-01-19,2027-02-02,economy,8934811,IDR,Jetstar,11:30,20:10,0,340,,,google-flights,ok,
2026-09-28 02:07:39+0700,DPS-MEL,DPS,MEL,2027-01-27,2027-02-10,economy,7823271,IDR,Virgin Australia,22:00,06:40,0,340,,,google-flights,ok,
2026-09-28 02:07:39+0700,SUB-TPE,SUB,TPE,2026-10-01,2026-10-15,economy,8968525,IDR,Scoot,10:35,17:10,1,430,,,google-flights,ok,
2026-09-28 02:07:39+0700,SUB-TPE,SUB,TPE,2026-10-09,2026-10-23,economy,6058154,IDR,Scoot,19:50,17:10,1,430,,,google-flights,ok,
2026-09-28 02:07:39+0700,SUB-TPE,SUB,TPE,2026-10-17,2026-10-31,economy,4695769,IDR,Scoot,19:50,05:45,1,430,,,google-flights,ok,
2026-09-28 02:07:39+0700,SUB-TPE,SUB,TPE,2026-10-25,2026-11-08,economy,7214859,IDR,Scoot,09:50,05:35,1,425,,,google-flights,ok,
2026-09-28 02:07:39+0700,SUB-TPE,SUB,TPE,2026-11-02,2026-11-16,economy,6685478,IDR,Scoot,09:50,05:35,1,425,,,google-flights,ok,
2026-09-28 02:07:39+0700,SUB-TPE,SUB,TPE,2026-11-10,2026-11-24,economy,5240821,IDR,Scoot,19:30,05:35,1,425,,,google-flights,ok,
2026-09-28 02:07:39+0700,SUB-TPE,SUB,TPE,2026-11-18,2026-12-02,economy,7024850,IDR,Scoot,09:50,05:35,1,425,,,google-flights,ok,
2026-09-28 02:07:39+0700,SUB-TPE,SUB,TPE,2026-11-26,2026-12-10,economy,8469507,IDR,Scoot,09:50,05:35,1,425,,,google-flights,ok,
2026-09-28 02:07:39+0700,SUB-TPE,SUB,TPE,2026-12-04,2026-12-18,economy,11390162,IDR,Scoot,19:30,05:35,1,425,,,google-flights,ok,
2026-09-28 02:07:39+0700,SUB-TPE,SUB,TPE,2026-12-12,2026-12-26,economy,10516022,IDR,Scoot,19:30,05:35,1,425,,,google-flights,ok,
2026-09-28 02:07:39+0700,SUB-TPE,SUB,TPE,2026-12-20,2027-01-03,economy,16660501,IDR,Scoot,19:30,05:35,1,425,,,google-flights,ok,
2026-09-28 02:07:39+0700,SUB-TPE,SUB,TPE,2026-12-28,2027-01-11,economy,10125230,IDR,Scoot,09:50,05:35,1,425,,,google-flights,ok,
2026-09-28 02:07:39+0700,SUB-TPE,SUB,TPE,2027-01-05,2027-01-19,economy,5035141,IDR,Scoot,19:30,11:00,1,435,,,google-flights,ok,
2026-09-28 02:07:39+0700,SUB-TPE,SUB,TPE,2027-01-13,2027-01-27,economy,5852474,IDR,Scoot,19:30,05:35,1,425,,,google-flights,ok,
2026-09-28 02:07:39+0700,SUB-TPE,SUB,TPE,2027-01-21,2027-02-04,economy,8968525,IDR,Scoot,09:50,11:00,1,435,,,google-flights,ok,
2026-09-28 02:07:39+0700,SUB-TPE,SUB,TPE,2027-01-29,2027-02-12,economy,4695769,IDR,Scoot,19:30,05:35,1,425,,,google-flights,ok,
2026-09-28 02:07:39+0700,SUB-TPE,SUB,TPE,2027-02-06,2027-02-20,economy,8479791,IDR,Scoot,19:30,05:35,1,425,,,google-flights,ok,
2026-09-28 02:07:39+0700,SUB-TPE,SUB,TPE,2027-02-14,2027-02-28,economy,5035141,IDR,Scoot,19:30,11:00,1,435,,,google-flights,ok,
2026-09-28 02:07:39+0700,SUB-TPE,SUB,TPE,2027-02-22,2027-03-08,economy,5580193,IDR,Scoot,09:50,13:15,1,430,,,google-flights,ok,
2026-09-28 02:07:39+0700,SUB-TPE,SUB,TPE,2027-03-02,2027-03-16,economy,9878414,IDR,Scoot,19:30,05:35,1,425,,,google-flights,ok,
2026-09-28 02:07:39+0700,SUB-TPE,SUB,TPE,2027-03-10,2027-03-24,economy,7888705,IDR,Scoot,19:30,05:35,1,425,,,google-flights,ok,
2026-09-28 02:07:39+0700,SUB-TPE,SUB,TPE,2027-03-18,2027-04-01,economy,7705543,IDR,Scoot,09:50,11:00,1,435,,,google-flights,ok,
2026-09-28 02:07:39+0700,SUB-TPE,SUB,TPE,2027-03-26,2027-04-09,economy,5895559,IDR,Scoot,19:30,17:00,1,425,,,google-flights,ok,
2026-09-28 02:07:39+0700,SUB-TPE,SUB,TPE,2027-04-03,2027-04-17,economy,6483696,IDR,Scoot,19:50,17:10,1,430,,,google-flights,ok,
2026-09-28 02:07:39+0700,SUB-TPE,SUB,TPE,2027-04-11,2027-04-25,economy,5666363,IDR,Scoot,19:50,05:45,1,430,,,google-flights,ok,
2026-09-28 02:07:39+0700,SUB-TPE,SUB,TPE,2027-04-19,2027-05-03,economy,5666363,IDR,Scoot,10:35,14:15,1,430,,,google-flights,ok,
2026-09-28 02:07:39+0700,SUB-TPE,SUB,TPE,2027-04-27,2027-05-11,economy,4545407,IDR,Scoot,19:50,05:45,1,430,,,google-flights,ok,
2026-09-28 02:07:39+0700,SUB-TPE,SUB,TPE,2027-05-05,2027-05-19,economy,5121311,IDR,Scoot,19:50,11:45,1,430,,,google-flights,ok,
2026-09-28 02:07:39+0700,SUB-TPE,SUB,TPE,2027-05-13,2027-05-27,economy,7111020,IDR,Scoot,08:35,05:45,1,430,,,google-flights,ok,
2026-09-28 02:07:39+0700,SUB-TPE,SUB,TPE,2027-05-21,2027-06-04,economy,5121311,IDR,Scoot,19:50,11:45,1,430,,,google-flights,ok,
2026-09-28 02:07:39+0700,SUB-TPE,SUB,TPE,2027-05-29,2027-06-12,economy,5121311,IDR,Scoot,19:50,17:10,1,430,,,google-flights,ok,
2026-09-28 02:07:39+0700,SUB-TPE,SUB,TPE,2027-06-06,2027-06-20,economy,5666363,IDR,Scoot,19:50,05:45,1,430,,,google-flights,ok,
2026-09-28 02:07:39+0700,SUB-TPE,SUB,TPE,2027-06-14,2027-06-28,economy,6144324,IDR,Scoot,10:35,17:10,1,430,,,google-flights,ok,
2026-09-28 02:07:39+0700,SUB-TPE,SUB,TPE,2027-06-22,2027-07-06,economy,4987619,IDR,Scoot,19:50,05:45,1,430,,,google-flights,ok,
2026-09-28 02:07:39+0700,SUB-TPE,SUB,TPE,2027-06-30,2027-07-14,economy,4781939,IDR,Scoot,19:50,05:45,1,430,,,google-flights,ok,
2026-09-28 02:07:39+0700,SUB-KUL,SUB,KUL,2026-10-06,2026-10-13,economy,3605491,IDR,Indonesia AirAsia,17:45,21:25,0,160,,,google-flights,ok,
2026-09-28 02:07:39+0700,SUB-KUL,SUB,KUL,2026-10-14,2026-10-21,economy,2607243,IDR,Indonesia AirAsia,07:05,10:45,0,160,,,google-flights,ok,
2026-09-28 02:07:39+0700,SUB-KUL,SUB,KUL,2026-10-22,2026-10-29,economy,2219534,IDR,Indonesia AirAsia,07:05,10:45,0,160,,,google-flights,ok,
2026-09-28 02:07:39+0700,SUB-KUL,SUB,KUL,2026-10-30,2026-11-06,economy,2895090,IDR,Indonesia AirAsia,11:20,14:55,0,155,,,google-flights,ok,
2026-09-28 02:07:39+0700,SUB-KUL,SUB,KUL,2026-11-07,2026-11-14,economy,3278222,IDR,Malaysia Airlines,10:00,13:40,0,160,,,google-flights,ok,
2026-09-28 02:07:39+0700,SUB-KUL,SUB,KUL,2026-11-15,2026-11-22,economy,2327075,IDR,Indonesia AirAsia,17:40,21:15,0,155,,,google-flights,ok,
2026-09-28 02:07:39+0700,SUB-KUL,SUB,KUL,2026-11-23,2026-11-30,economy,3318939,IDR,Malaysia Airlines,18:05,21:45,0,160,,,google-flights,ok,
2026-09-28 02:07:39+0700,SUB-KUL,SUB,KUL,2026-12-01,2026-12-08,economy,2627325,IDR,Indonesia AirAsia,05:00,08:35,0,155,,,google-flights,ok,
2026-09-28 02:07:39+0700,SUB-KUL,SUB,KUL,2026-12-09,2026-12-16,economy,3058112,IDR,Indonesia AirAsia,05:00,08:35,0,155,,,google-flights,ok,
2026-09-28 02:07:39+0700,SUB-KUL,SUB,KUL,2026-12-17,2026-12-24,economy,3288559,IDR,Indonesia AirAsia,13:25,17:05,0,160,,,google-flights,ok,
2026-09-28 02:07:39+0700,SUB-KUL,SUB,KUL,2026-12-25,2027-01-01,economy,4188234,IDR,Indonesia AirAsia,05:00,08:35,0,155,,,google-flights,ok,
2026-09-28 02:07:39+0700,SUB-KUL,SUB,KUL,2027-01-02,2027-01-09,economy,3808234,IDR,Indonesia AirAsia,05:00,08:35,0,155,,,google-flights,ok,
2026-09-28 02:07:39+0700,SUB-KUL,SUB,KUL,2027-01-10,2027-01-17,economy,3577787,IDR,Indonesia AirAsia,05:00,08:35,0,155,,,google-flights,ok,
2026-09-28 02:07:39+0700,SUB-KUL,SUB,KUL,2027-01-18,2027-01-25,economy,3999714,IDR,Malaysia Airlines,10:00,13:40,0,160,,,google-flights,ok,
2026-09-28 02:07:39+0700,SUB-KUL,SUB,KUL,2027-01-26,2027-02-02,economy,3288559,IDR,Indonesia AirAsia,05:00,08:35,0,155,,,google-flights,ok,
2026-09-28 02:07:39+0700,SUB-SIN,SUB,SIN,2026-09-30,2026-10-07,economy,5128160,IDR,Lion/Batik Air,06:30,13:45,1,195,,,google-flights,ok,
2026-09-28 02:07:39+0700,SUB-SIN,SUB,SIN,2026-10-08,2026-10-15,economy,4205504,IDR,Indonesia AirAsia/AirAsia,05:05,11:35,1,230,,,google-flights,ok,
2026-09-28 02:07:39+0700,SUB-SIN,SUB,SIN,2026-10-16,2026-10-23,economy,4113153,IDR,Indonesia AirAsia/AirAsia,05:05,11:35,1,230,,,google-flights,ok,
2026-09-28 02:07:39+0700,SUB-SIN,SUB,SIN,2026-10-24,2026-10-31,economy,3977193,IDR,Scoot,19:50,23:15,0,145,,,google-flights,ok,
2026-09-28 02:07:39+0700,SUB-SIN,SUB,SIN,2026-11-01,2026-11-08,economy,4514261,IDR,Indonesia AirAsia/AirAsia,05:00,11:35,1,230,,,google-flights,ok,
2026-09-28 02:07:39+0700,SUB-SIN,SUB,SIN,2026-11-09,2026-11-16,economy,5365491,IDR,Malaysia Airlines,18:05,09:05,1,235,,,google-flights,ok,
2026-09-28 02:07:39+0700,SUB-SIN,SUB,SIN,2026-11-17,2026-11-24,economy,4221422,IDR,Indonesia AirAsia/AirAsia,11:20,18:00,1,235,,,google-flights,ok,
2026-09-28 02:07:39+0700,SUB-SIN,SUB,SIN,2026-11-25,2026-12-02,economy,4355657,IDR,Indonesia AirAsia/AirAsia,11:20,18:00,1,235,,,google-flights,ok,
2026-09-28 02:07:39+0700,SUB-SIN,SUB,SIN,2026-12-03,2026-12-10,economy,5227491,IDR,Malaysia Airlines,15:50,00:30,1,230,,,google-flights,ok,
2026-09-28 02:07:39+0700,SUB-SIN,SUB,SIN,2026-12-11,2026-12-18,economy,6597637,IDR,Indonesia AirAsia/AirAsia,13:25,19:40,1,240,,,google-flights,ok,
2026-09-28 02:07:39+0700,SUB-SIN,SUB,SIN,2026-12-19,2026-12-26,economy,6156491,IDR,Malaysia Airlines,10:00,18:35,1,235,,,google-flights,ok,
2026-09-28 02:07:39+0700,SUB-SIN,SUB,SIN,2026-12-27,2027-01-03,economy,,IDR,,,,,,,,,error,IndexError: list index out of range
2026-09-28 02:07:39+0700,SUB-SIN,SUB,SIN,2027-01-04,2027-01-11,economy,5549491,IDR,Malaysia Airlines,10:00,16:40,1,235,,,google-flights,ok,
2026-09-28 02:07:39+0700,SUB-SIN,SUB,SIN,2027-01-12,2027-01-19,economy,4567416,IDR,"Pelita Air Service, Pt",18:25,10:45,1,205,,,google-flights,ok,
2026-09-28 02:07:39+0700,SUB-SIN,SUB,SIN,2027-01-20,2027-01-27,economy,4606197,IDR,Indonesia AirAsia/AirAsia,05:00,11:35,1,230,,,google-flights,ok,
2026-09-28 02:07:39+0700,SUB-SIN,SUB,SIN,2027-01-28,2027-02-04,economy,,IDR,,,,,,,,,error,IndexError: list index out of range
2026-09-28 05:08:46+0700,DPS-MEL,DPS,MEL,2026-09-30,2026-10-14,economy,,IDR,,,,,,,,,error,IndexError: list index out of range
2026-09-28 05:08:46+0700,DPS-MEL,DPS,MEL,2026-10-08,2026-10-22,economy,,IDR,,,,,,,,,error,IndexError: list index out of range
2026-09-28 05:08:46+0700,DPS-MEL,DPS,MEL,2026-10-16,2026-10-30,economy,,IDR,,,,,,,,,error,IndexError: list index out of range
2026-09-28 05:08:46+0700,DPS-MEL,DPS,MEL,2026-10-24,2026-11-07,economy,,IDR,,,,,,,,,error,IndexError: list index out of range
2026-09-28 05:08:46+0700,DPS-MEL,DPS,MEL,2026-11-01,2026-11-15,economy,12444751,IDR,Jetstar,11:30,20:10,0,340,,,google-flights,ok,
2026-09-28 05:08:46+0700,DPS-MEL,DPS,MEL,2026-11-09,2026-11-23,economy,11289282,IDR,Virgin Australia,22:30,11:35,1,465,,,google-flights,ok,
2026-09-28 05:08:46+0700,DPS-MEL,DPS,MEL,2026-11-17,2026-12-01,economy,9728811,IDR,Jetstar,14:55,23:35,0,340,,,google-flights,ok,
2026-09-28 05:08:46+0700,DPS-MEL,DPS,MEL,2026-11-25,2026-12-09,economy,9045442,IDR,Jetstar,14:55,23:35,0,340,,,google-flights,ok,
2026-09-28 05:08:46+0700,DPS-MEL,DPS,MEL,2026-12-03,2026-12-17,economy,12284282,IDR,Virgin Australia,22:30,11:05,1,465,,,google-flights,ok,
2026-09-28 05:08:46+0700,DPS-MEL,DPS,MEL,2026-12-11,2026-12-25,economy,12048811,IDR,Jetstar,11:30,20:10,0,340,,,google-flights,ok,
2026-09-28 05:08:46+0700,DPS-MEL,DPS,MEL,2026-12-19,2027-01-02,economy,7965811,IDR,Jetstar,11:30,20:10,0,340,,,google-flights,ok,
2026-09-28 05:08:46+0700,DPS-MEL,DPS,MEL,2026-12-27,2027-01-10,economy,7606811,IDR,Jetstar,14:55,23:35,0,340,,,google-flights,ok,
2026-09-28 05:08:46+0700,DPS-MEL,DPS,MEL,2027-01-04,2027-01-18,economy,12163811,IDR,Jetstar,14:55,23:35,0,340,,,google-flights,ok,
2026-09-28 05:08:46+0700,DPS-MEL,DPS,MEL,2027-01-12,2027-01-26,economy,10199811,IDR,Jetstar,20:20,04:55,0,335,,,google-flights,ok,
2026-09-28 05:08:46+0700,DPS-MEL,DPS,MEL,2027-01-20,2027-02-03,economy,9326186,IDR,Virgin Australia,15:50,00:30,0,340,,,google-flights,ok,
2026-09-28 05:08:46+0700,DPS-MEL,DPS,MEL,2027-01-28,2027-02-11,economy,7547186,IDR,Virgin Australia,15:50,00:30,0,340,,,google-flights,ok,
2026-09-28 05:08:46+0700,SUB-TPE,SUB,TPE,2026-10-02,2026-10-16,economy,6397526,IDR,Scoot,19:50,11:45,1,430,,,google-flights,ok,
2026-09-28 05:08:46+0700,SUB-TPE,SUB,TPE,2026-10-10,2026-10-24,economy,7214859,IDR,Scoot,19:50,05:45,1,430,,,google-flights,ok,
2026-09-28 05:08:46+0700,SUB-TPE,SUB,TPE,2026-10-18,2026-11-01,economy,4490089,IDR,Scoot,19:50,05:45,1,430,,,google-flights,ok,
2026-09-28 05:08:46+0700,SUB-TPE,SUB,TPE,2026-10-26,2026-11-09,economy,10752554,IDR,Scoot,09:50,05:35,1,425,,,google-flights,ok,
2026-09-28 05:08:46+0700,SUB-TPE,SUB,TPE,2026-11-03,2026-11-17,economy,5035141,IDR,Scoot,19:30,05:35,1,425,,,google-flights,ok,
2026-09-28 05:08:46+0700,SUB-TPE,SUB,TPE,2026-11-11,2026-11-25,economy,4695769,IDR,Scoot,19:30,05:35,1,425,,,google-flights,ok,
2026-09-28 05:08:46+0700,SUB-TPE,SUB,TPE,2026-11-19,2026-12-03,economy,7214859,IDR,Scoot,09:50,17:00,1,425,,,google-flights,ok,
2026-09-28 05:08:46+0700,SUB-TPE,SUB,TPE,2026-11-27,2026-12-11,economy,9107115,IDR,Scoot,09:50,05:35,1,425,,,google-flights,ok,
2026-09-28 05:08:46+0700,SUB-TPE,SUB,TPE,2026-12-05,2026-12-19,economy,11287321,IDR,Scoot,19:30,05:35,1,425,,,google-flights,ok,
2026-09-28 05:08:46+0700,SUB-TPE,SUB,TPE,2026-12-13,2026-12-27,economy,13035601,IDR,Scoot,19:30,05:35,1,425,,,google-flights,ok,
2026-09-28 05:08:46+0700,SUB-TPE,SUB,TPE,2026-12-21,2027-01-04,economy,15773611,IDR,Scoot,09:50,05:35,1,425,,,google-flights,ok,
2026-09-28 05:08:46+0700,SUB-TPE,SUB,TPE,2026-12-29,2027-01-12,economy,7662458,IDR,Scoot,19:30,05:35,1,425,,,google-flights,ok,
2026-09-28 05:08:46+0700,SUB-TPE,SUB,TPE,2027-01-06,2027-01-20,economy,4695769,IDR,Scoot,19:30,05:35,1,425,,,google-flights,ok,
2026-09-28 05:08:46+0700,SUB-TPE,SUB,TPE,2027-01-14,2027-01-28,economy,6058154,IDR,Scoot,09:50,11:00,1,435,,,google-flights,ok,
2026-09-28 05:08:46+0700,SUB-TPE,SUB,TPE,2027-01-22,2027-02-05,economy,8762845,IDR,Scoot,19:30,05:35,1,425,,,google-flights,ok,
2026-09-28 05:08:46+0700,SUB-TPE,SUB,TPE,2027-01-30,2027-02-13,economy,4490089,IDR,Scoot,19:30,05:35,1,425,,,google-flights,ok,
2026-09-28 05:08:46+0700,SUB-TPE,SUB,TPE,2027-02-07,2027-02-21,economy,7662458,IDR,Scoot,19:30,05:35,1,425,,,google-flights,ok,
2026-09-28 05:08:46+0700,SUB-TPE,SUB,TPE,2027-02-15,2027-03-01,economy,4901449,IDR,Scoot,09:50,13:15,1,430,,,google-flights,ok,
2026-09-28 05:08:46+0700,SUB-TPE,SUB,TPE,2027-02-23,2027-03-09,economy,5035141,IDR,Scoot,19:30,11:00,1,435,,,google-flights,ok,
2026-09-28 05:08:46+0700,SUB-TPE,SUB,TPE,2027-03-03,2027-03-17,economy,9251090,IDR,Scoot,19:30,05:35,1,425,,,google-flights,ok,
2026-09-28 05:08:46+0700,SUB-TPE,SUB,TPE,2027-03-11,2027-03-25,economy,9878414,IDR,Scoot,09:50,05:35,1,425,,,google-flights,ok,
2026-09-28 05:08:46+0700,SUB-TPE,SUB,TPE,2027-03-19,2027-04-02,economy,8137470,IDR,Scoot,19:30,17:00,1,425,,,google-flights,ok,
2026-09-28 05:08:46+0700,SUB-TPE,SUB,TPE,2027-03-27,2027-04-10,economy,6440611,IDR,Scoot,19:30,17:10,1,430,,,google-flights,ok,
2026-09-28 05:08:46+0700,SUB-TPE,SUB,TPE,2027-04-04,2027-04-18,economy,7928353,IDR,Scoot,19:50,05:45,1,430,,,google-flights,ok,
2026-09-28 05:08:46+0700,SUB-TPE,SUB,TPE,2027-04-12,2027-04-26,economy,6483696,IDR,Scoot,10:35,05:45,1,430,,,google-flights,ok,
2026-09-28 05:08:46+0700,SUB-TPE,SUB,TPE,2027-04-20,2027-05-04,economy,4545407,IDR,Scoot,19:50,17:10,1,430,,,google-flights,ok,
2026-09-28 05:08:46+0700,SUB-TPE,SUB,TPE,2027-04-28,2027-05-12,economy,4576259,IDR,Scoot,19:50,11:45,1,430,,,google-flights,ok,
2026-09-28 05:08:46+0700,SUB-TPE,SUB,TPE,2027-05-06,2027-05-20,economy,7111020,IDR,Scoot,08:35,05:45,1,430,,,google-flights,ok,
2026-09-28 05:08:46+0700,SUB-TPE,SUB,TPE,2027-05-14,2027-05-28,economy,5666363,IDR,Scoot,19:50,17:10,1,430,,,google-flights,ok,
2026-09-28 05:08:46+0700,SUB-TPE,SUB,TPE,2027-05-22,2027-06-05,economy,6144324,IDR,Scoot,19:50,17:10,1,430,,,google-flights,ok,
2026-09-28 05:08:46+0700,SUB-TPE,SUB,TPE,2027-05-30,2027-06-13,economy,5666363,IDR,Scoot,19:50,05:45,1,430,,,google-flights,ok,
2026-09-28 05:08:46+0700,SUB-TPE,SUB,TPE,2027-06-07,2027-06-21,economy,7301029,IDR,Scoot,10:35,05:45,1,430,,,google-flights,ok,
2026-09-28 05:08:46+0700,SUB-TPE,SUB,TPE,2027-06-15,2027-06-29,economy,4987619,IDR,Scoot,19:50,05:45,1,430,,,google-flights,ok,
2026-09-28 05:08:46+0700,SUB-TPE,SUB,TPE,2027-06-23,2027-07-07,economy,5121311,IDR,Scoot,19:50,17:10,1,430,,,google-flights,ok,
2026-09-28 05:08:46+0700,SUB-KUL,SUB,KUL,2026-09-29,2026-10-06,economy,4222793,IDR,Citilink Indonesia,07:35,19:10,1,230,,,google-flights,ok,
2026-09-28 05:08:46+0700,SUB-KUL,SUB,KUL,2026-10-07,2026-10-14,economy,4391691,IDR,Batik Air,10:05,13:45,0,160,,,google-flights,ok,
2026-09-28 05:08:46+0700,SUB-KUL,SUB,KUL,2026-10-15,2026-10-22,economy,2399840,IDR,Indonesia AirAsia,07:05,10:45,0,160,,,google-flights,ok,
2026-09-28 05:08:46+0700,SUB-KUL,SUB,KUL,2026-10-23,2026-10-30,economy,2219534,IDR,Indonesia AirAsia,05:05,08:40,0,155,,,google-flights,ok,
2026-09-28 05:08:46+0700,SUB-KUL,SUB,KUL,2026-10-31,2026-11-07,economy,2507381,IDR,Indonesia AirAsia,05:00,08:35,0,155,,,google-flights,ok,
2026-09-28 05:08:46+0700,SUB-KUL,SUB,KUL,2026-11-08,2026-11-15,economy,2219534,IDR,Indonesia AirAsia,05:00,08:35,0,155,,,google-flights,ok,
2026-09-28 05:08:46+0700,SUB-KUL,SUB,KUL,2026-11-16,2026-11-23,economy,3259315,IDR,Malaysia Airlines,10:00,13:40,0,160,,,google-flights,ok,
2026-09-28 05:08:46+0700,SUB-KUL,SUB,KUL,2026-11-24,2026-12-01,economy,2764739,IDR,Indonesia AirAsia,05:00,08:35,0,155,,,google-flights,ok,
2026-09-28 05:08:46+0700,SUB-KUL,SUB,KUL,2026-12-02,2026-12-09,economy,2627325,IDR,Indonesia AirAsia,05:00,08:35,0,155,,,google-flights,ok,
2026-09-28 05:08:46+0700,SUB-KUL,SUB,KUL,2026-12-10,2026-12-17,economy,3288559,IDR,Indonesia AirAsia,11:20,14:55,0,155,,,google-flights,ok,
2026-09-28 05:08:46+0700,SUB-KUL,SUB,KUL,2026-12-18,2026-12-25,economy,4991691,IDR,Batik Air,10:05,13:45,0,160,,,google-flights,ok,
2026-09-28 05:08:46+0700,SUB-KUL,SUB,KUL,2026-12-26,2027-01-02,economy,5629540,IDR,Lion,09:05,15:15,1,250,,,google-flights,ok,
2026-09-28 05:08:46+0700,SUB-KUL,SUB,KUL,2027-01-03,2027-01-10,economy,3808234,IDR,Indonesia AirAsia,05:00,08:35,0,155,,,google-flights,ok,
2026-09-28 05:08:46+0700,SUB-KUL,SUB,KUL,2027-01-11,2027-01-18,economy,3058112,IDR,Indonesia AirAsia,05:00,08:35,0,155,,,google-flights,ok,
2026-09-28 05:08:46+0700,SUB-KUL,SUB,KUL,2027-01-19,2027-01-26,economy,3058112,IDR,Indonesia AirAsia,05:00,08:35,0,155,,,google-flights,ok,
2026-09-28 05:08:46+0700,SUB-KUL,SUB,KUL,2027-01-27,2027-02-03,economy,3288559,IDR,Indonesia AirAsia,05:00,08:35,0,155,,,google-flights,ok,
2026-09-28 05:08:46+0700,SUB-SIN,SUB,SIN,2026-10-01,2026-10-08,economy,5076560,IDR,Batik Air,05:05,13:45,1,195,,,google-flights,ok,
2026-09-28 05:08:46+0700,SUB-SIN,SUB,SIN,2026-10-09,2026-10-16,economy,4800969,IDR,Indonesia AirAsia/AirAsia,05:05,11:35,1,230,,,google-flights,ok,
2026-09-28 05:08:46+0700,SUB-SIN,SUB,SIN,2026-10-17,2026-10-24,economy,4255578,IDR,Citilink Indonesia,18:45,09:10,1,205,,,google-flights,ok,
2026-09-28 05:08:46+0700,SUB-SIN,SUB,SIN,2026-10-25,2026-11-01,economy,4451623,IDR,Indonesia AirAsia/AirAsia,05:00,11:35,1,230,,,google-flights,ok,
2026-09-28 05:08:46+0700,SUB-SIN,SUB,SIN,2026-11-02,2026-11-09,economy,4415580,IDR,Indonesia AirAsia/AirAsia,13:25,20:55,1,240,,,google-flights,ok,
2026-09-28 05:08:46+0700,SUB-SIN,SUB,SIN,2026-11-10,2026-11-17,economy,4695977,IDR,Indonesia AirAsia/AirAsia,05:00,11:35,1,230,,,google-flights,ok,
2026-09-28 05:08:46+0700,SUB-SIN,SUB,SIN,2026-11-18,2026-11-25,economy,3715044,IDR,Indonesia AirAsia/AirAsia,13:25,19:40,1,240,,,google-flights,ok,
2026-09-28 05:08:46+0700,SUB-SIN,SUB,SIN,2026-11-26,2026-12-03,economy,4675570,IDR,Indonesia AirAsia/AirAsia,05:00,11:35,1,230,,,google-flights,ok,
2026-09-28 05:08:46+0700,SUB-SIN,SUB,SIN,2026-12-04,2026-12-11,economy,6126465,IDR,Indonesia AirAsia/AirAsia,05:00,11:35,1,230,,,google-flights,ok,
2026-09-28 05:08:46+0700,SUB-SIN,SUB,SIN,2026-12-12,2026-12-19,economy,6056491,IDR,Malaysia Airlines,10:00,16:40,1,235,,,google-flights,ok,
2026-09-28 05:08:46+0700,SUB-SIN,SUB,SIN,2026-12-20,2026-12-27,economy,6156491,IDR,Malaysia Airlines,10:00,16:40,1,235,,,google-flights,ok,
2026-09-28 05:08:46+0700,SUB-SIN,SUB,SIN,2026-12-28,2027-01-04,economy,,IDR,,,,,,,,,error,IndexError: list index out of range
2026-09-28 05:08:46+0700,SUB-SIN,SUB,SIN,2027-01-05,2027-01-12,economy,5549491,IDR,Malaysia Airlines,10:00,16:40,1,235,,,google-flights,ok,
2026-09-28 05:08:46+0700,SUB-SIN,SUB,SIN,2027-01-13,2027-01-20,economy,4607206,IDR,Indonesia AirAsia/AirAsia,05:00,11:35,1,230,,,google-flights,ok,
2026-09-28 05:08:46+0700,SUB-SIN,SUB,SIN,2027-01-21,2027-01-28,economy,4926519,IDR,Indonesia AirAsia/AirAsia,05:00,11:35,1,230,,,google-flights,ok,
2026-09-28 05:08:46+0700,SUB-SIN,SUB,SIN,2027-01-29,2027-02-05,economy,,IDR,,,,,,,,,error,IndexError: list index out of range
2026-09-28 08:09:16+0700,DPS-MEL,DPS,MEL,2026-10-01,2026-10-15,economy,,IDR,,,,,,,,,error,IndexError: list index out of range
2026-09-28 08:09:16+0700,DPS-MEL,DPS,MEL,2026-10-09,2026-10-23,economy,,IDR,,,,,,,,,error,IndexError: list index out of range
2026-09-28 08:09:16+0700,DPS-MEL,DPS,MEL,2026-10-17,2026-10-31,economy,,IDR,,,,,,,,,error,IndexError: list index out of range
2026-09-28 08:09:16+0700,DPS-MEL,DPS,MEL,2026-10-25,2026-11-08,economy,11929196,IDR,Scoot,11:10,21:20,1,605,,,google-flights,ok,
2026-09-28 08:09:16+0700,DPS-MEL,DPS,MEL,2026-11-02,2026-11-16,economy,11469682,IDR,Virgin Australia,21:25,09:25,1,435,,,google-flights,ok,
2026-09-28 08:09:16+0700,DPS-MEL,DPS,MEL,2026-11-10,2026-11-24,economy,9470442,IDR,Jetstar,14:55,23:35,0,340,,,google-flights,ok,
2026-09-28 08:09:16+0700,DPS-MEL,DPS,MEL,2026-11-18,2026-12-02,economy,7515600,IDR,Scoot,16:25,21:20,1,620,,,google-flights,ok,
2026-09-28 08:09:16+0700,DPS-MEL,DPS,MEL,2026-11-26,2026-12-10,economy,9984782,IDR,Virgin Australia,15:50,00:30,0,340,,,google-flights,ok,
2026-09-28 08:09:16+0700,DPS-MEL,DPS,MEL,2026-12-04,2026-12-18,economy,10854082,IDR,Virgin Australia,23:20,16:50,2,530,,,google-flights,ok,
2026-09-28 08:09:16+0700,DPS-MEL,DPS,MEL,2026-12-12,2026-12-26,economy,15967811,IDR,Jetstar,14:55,23:35,0,340,,,google-flights,ok,
2026-09-28 08:09:16+0700,DPS-MEL,DPS,MEL,2026-12-20,2027-01-03,economy,9255254,IDR,Jetstar,20:20,04:55,0,335,,,google-flights,ok,
2026-09-28 08:09:16+0700,DPS-MEL,DPS,MEL,2026-12-28,2027-01-11,economy,8051877,IDR,Jetstar,11:30,20:10,0,340,,,google-flights,ok,
2026-09-28 08:09:16+0700,DPS-MEL,DPS,MEL,2027-01-05,2027-01-19,economy,11792510,IDR,Scoot,20:00,12:10,1,605,,,google-flights,ok,
2026-09-28 08:09:16+0700,DPS-MEL,DPS,MEL,2027-01-13,2027-01-27,economy,10924811,IDR,Jetstar,11:30,20:10,0,340,,,google-flights,ok,
2026-09-28 08:09:16+0700,DPS-MEL,DPS,MEL,2027-01-21,2027-02-04,economy,9338055,IDR,Virgin Australia,15:50,00:30,0,340,,,google-flights,ok,
2026-09-28 08:09:16+0700,DPS-MEL,DPS,MEL,2027-01-29,2027-02-12,economy,7671055,IDR,Virgin Australia,15:50,00:30,0,340,,,google-flights,ok,
2026-09-28 08:09:16+0700,SUB-TPE,SUB,TPE,2026-10-03,2026-10-17,economy,8094385,IDR,Scoot,10:35,11:45,1,430,,,google-flights,ok,
2026-09-28 08:09:16+0700,SUB-TPE,SUB,TPE,2026-10-11,2026-10-25,economy,10125230,IDR,Scoot,10:35,05:45,1,430,,,google-flights,ok,
2026-09-28 08:09:16+0700,SUB-TPE,SUB,TPE,2026-10-19,2026-11-02,economy,5852474,IDR,Scoot,10:35,05:45,1,430,,,google-flights,ok,
2026-09-28 08:09:16+0700,SUB-TPE,SUB,TPE,2026-10-27,2026-11-10,economy,4490089,IDR,Scoot,19:30,17:00,1,425,,,google-flights,ok,
2026-09-28 08:09:16+0700,SUB-TPE,SUB,TPE,2026-11-04,2026-11-18,economy,6685478,IDR,Scoot,09:50,05:35,1,425,,,google-flights,ok,
2026-09-28 08:09:16+0700,SUB-TPE,SUB,TPE,2026-11-12,2026-11-26,economy,,IDR,,,,,,,,,error,TypeError: 'NoneType' object is not subscriptable
2026-09-28 08:09:16+0700,SUB-TPE,SUB,TPE,2026-11-20,2026-12-04,economy,8479791,IDR,Scoot,09:50,05:35,1,425,,,google-flights,ok,
2026-09-28 08:09:16+0700,SUB-TPE,SUB,TPE,2026-11-28,2026-12-12,economy,7024850,IDR,Scoot,19:30,05:35,1,425,,,google-flights,ok,
2026-09-28 08:09:16+0700,SUB-TPE,SUB,TPE,2026-12-06,2026-12-20,economy,13035601,IDR,Scoot,19:30,05:35,1,425,,,google-flights,ok,
2026-09-28 08:09:16+0700,SUB-TPE,SUB,TPE,2026-12-14,2026-12-28,economy,11390162,IDR,Scoot,09:50,05:35,1,425,,,google-flights,ok,
2026-09-28 08:09:16+0700,SUB-TPE,SUB,TPE,2026-12-22,2027-01-05,economy,12161461,IDR,Scoot,19:30,05:35,1,425,,,google-flights,ok,
2026-09-28 08:09:16+0700,SUB-TPE,SUB,TPE,2026-12-30,2027-01-13,economy,8479791,IDR,Scoot,19:30,05:35,1,425,,,google-flights,ok,
2026-09-28 08:09:16+0700,SUB-TPE,SUB,TPE,2027-01-07,2027-01-21,economy,6058154,IDR,Scoot,09:50,11:00,1,435,,,google-flights,ok,
2026-09-28 08:09:16+0700,SUB-TPE,SUB,TPE,2027-01-15,2027-01-29,economy,5852474,IDR,Scoot,19:30,05:35,1,425,,,google-flights,ok,
2026-09-28 08:09:16+0700,SUB-TPE,SUB,TPE,2027-01-23,2027-02-06,economy,8762845,IDR,Scoot,19:30,05:35,1,425,,,google-flights,ok,
2026-09-28 08:09:16+0700,SUB-TPE,SUB,TPE,2027-01-31,2027-02-14,economy,5035141,IDR,Scoot,19:30,11:00,1,435,,,google-flights,ok,
2026-09-28 08:09:16+0700,SUB-TPE,SUB,TPE,2027-02-08,2027-02-22,economy,10780975,IDR,Scoot,09:50,05:35,1,425,,,google-flights,ok,
2026-09-28 08:09:16+0700,SUB-TPE,SUB,TPE,2027-02-16,2027-03-02,economy,4695769,IDR,Scoot,19:30,11:00,1,435,,,google-flights,ok,
2026-09-28 08:09:16+0700,SUB-TPE,SUB,TPE,2027-02-24,2027-03-10,economy,7024850,IDR,Scoot,09:50,17:00,1,425,,,google-flights,ok,
2026-09-28 08:09:16+0700,SUB-TPE,SUB,TPE,2027-03-04,2027-03-18,economy,9878414,IDR,Scoot,09:50,05:35,1,425,,,google-flights,ok,
2026-09-28 08:09:16+0700,SUB-TPE,SUB,TPE,2027-03-12,2027-03-26,economy,9878414,IDR,Scoot,09:50,17:00,1,425,,,google-flights,ok,
2026-09-28 08:09:16+0700,SUB-TPE,SUB,TPE,2027-03-20,2027-04-03,economy,7705543,IDR,Scoot,19:30,05:35,1,425,,,google-flights,ok,
2026-09-28 08:09:16+0700,SUB-TPE,SUB,TPE,2027-03-28,2027-04-11,economy,6440611,IDR,Scoot,19:50,17:10,1,430,,,google-flights,ok,
2026-09-28 08:09:16+0700,SUB-TPE,SUB,TPE,2027-04-05,2027-04-19,economy,7928353,IDR,Scoot,10:35,14:15,1,430,,,google-flights,ok,
2026-09-28 08:09:16+0700,SUB-TPE,SUB,TPE,2027-04-13,2027-04-27,economy,4987619,IDR,Scoot,19:50,05:45,1,430,,,google-flights,ok,
2026-09-28 08:09:16+0700,SUB-TPE,SUB,TPE,2027-04-21,2027-05-05,economy,4781939,IDR,Scoot,19:50,11:45,1,430,,,google-flights,ok,
2026-09-28 08:09:16+0700,SUB-TPE,SUB,TPE,2027-04-29,2027-05-13,economy,7111020,IDR,Scoot,08:35,05:45,1,430,,,google-flights,ok,
2026-09-28 08:09:16+0700,SUB-TPE,SUB,TPE,2027-05-07,2027-05-21,economy,4781939,IDR,Scoot,19:50,11:45,1,430,,,google-flights,ok,
2026-09-28 08:09:16+0700,SUB-TPE,SUB,TPE,2027-05-15,2027-05-29,economy,5666363,IDR,Scoot,19:50,17:10,1,430,,,google-flights,ok,
2026-09-28 08:09:16+0700,SUB-TPE,SUB,TPE,2027-05-23,2027-06-06,economy,5666363,IDR,Scoot,19:50,05:45,1,430,,,google-flights,ok,
2026-09-28 08:09:16+0700,SUB-TPE,SUB,TPE,2027-05-31,2027-06-14,economy,6483696,IDR,Scoot,10:35,17:10,1,430,,,google-flights,ok,
2026-09-28 08:09:16+0700,SUB-TPE,SUB,TPE,2027-06-08,2027-06-22,economy,4987619,IDR,Scoot,19:50,05:45,1,430,,,google-flights,ok,
2026-09-28 08:09:16+0700,SUB-TPE,SUB,TPE,2027-06-16,2027-06-30,economy,5121311,IDR,Scoot,19:50,17:10,1,430,,,google-flights,ok,
2026-09-28 08:09:16+0700,SUB-TPE,SUB,TPE,2027-06-24,2027-07-08,economy,6483696,IDR,Scoot,08:35,05:45,1,430,,,google-flights,ok,
2026-09-28 08:09:16+0700,SUB-KUL,SUB,KUL,2026-09-30,2026-10-07,economy,3582336,IDR,Citilink Indonesia,09:00,19:10,1,230,,,google-flights,ok,
2026-09-28 08:09:16+0700,SUB-KUL,SUB,KUL,2026-10-08,2026-10-15,economy,3029950,IDR,Indonesia AirAsia,17:45,21:25,0,160,,,google-flights,ok,
2026-09-28 08:09:16+0700,SUB-KUL,SUB,KUL,2026-10-16,2026-10-23,economy,2219534,IDR,Indonesia AirAsia,05:05,08:40,0,155,,,google-flights,ok,
2026-09-28 08:09:16+0700,SUB-KUL,SUB,KUL,2026-10-24,2026-10-31,economy,2219534,IDR,Indonesia AirAsia,05:05,08:40,0,155,,,google-flights,ok,
2026-09-28 08:09:16+0700,SUB-KUL,SUB,KUL,2026-11-01,2026-11-08,economy,2149999,IDR,Indonesia AirAsia,13:25,17:05,0,160,,,google-flights,ok,
2026-09-28 08:09:16+0700,SUB-KUL,SUB,KUL,2026-11-09,2026-11-16,economy,2399840,IDR,Indonesia AirAsia,13:25,17:05,0,160,,,google-flights,ok,
2026-09-28 08:09:16+0700,SUB-KUL,SUB,KUL,2026-11-17,2026-11-24,economy,3281733,IDR,Malaysia Airlines,10:00,13:40,0,160,,,google-flights,ok,
2026-09-28 08:09:16+0700,SUB-KUL,SUB,KUL,2026-11-25,2026-12-02,economy,3465634,IDR,Malaysia Airlines,10:00,13:40,0,160,,,google-flights,ok,
2026-09-28 08:09:16+0700,SUB-KUL,SUB,KUL,2026-12-03,2026-12-10,economy,2827665,IDR,Indonesia AirAsia,05:00,08:35,0,155,,,google-flights,ok,
2026-09-28 08:09:16+0700,SUB-KUL,SUB,KUL,2026-12-11,2026-12-18,economy,4582691,IDR,Malaysia Airlines,15:50,19:30,0,160,,,google-flights,ok,
2026-09-28 08:09:16+0700,SUB-KUL,SUB,KUL,2026-12-19,2026-12-26,economy,4036066,IDR,Indonesia AirAsia,05:00,08:35,0,155,,,google-flights,ok,
2026-09-28 08:09:16+0700,SUB-KUL,SUB,KUL,2026-12-27,2027-01-03,economy,4188234,IDR,Indonesia AirAsia,05:00,08:35,0,155,,,google-flights,ok,
2026-09-28 08:09:16+0700,SUB-KUL,SUB,KUL,2027-01-04,2027-01-11,economy,3808234,IDR,Indonesia AirAsia,05:00,08:35,0,155,,,google-flights,ok,
2026-09-28 08:09:16+0700,SUB-KUL,SUB,KUL,2027-01-12,2027-01-19,economy,3058112,IDR,Indonesia AirAsia,05:00,08:35,0,155,,,google-flights,ok,
2026-09-28 08:09:16+0700,SUB-KUL,SUB,KUL,2027-01-20,2027-01-27,economy,3058112,IDR,Indonesia AirAsia,05:00,08:35,0,155,,,google-flights,ok,
2026-09-28 08:09:16+0700,SUB-KUL,SUB,KUL,2027-01-28,2027-02-04,economy,3288559,IDR,Indonesia AirAsia,05:00,08:35,0,155,,,google-flights,ok,
2026-09-28 08:09:16+0700,SUB-SIN,SUB,SIN,2026-10-02,2026-10-09,economy,4243730,IDR,Lion/Batik Air,07:40,15:15,1,195,,,google-flights,ok,
2026-09-28 08:09:16+0700,SUB-SIN,SUB,SIN,2026-10-10,2026-10-17,economy,4876160,IDR,Lion/Batik Air,07:40,15:15,1,195,,,google-flights,ok,
2026-09-28 08:09:16+0700,SUB-SIN,SUB,SIN,2026-10-18,2026-10-25,economy,4599271,IDR,Indonesia AirAsia/AirAsia,05:05,11:35,1,230,,,google-flights,ok,
2026-09-28 08:09:16+0700,SUB-SIN,SUB,SIN,2026-10-26,2026-11-02,economy,5054319,IDR,Indonesia AirAsia/AirAsia,13:25,19:40,1,240,,,google-flights,ok,
2026-09-28 08:09:16+0700,SUB-SIN,SUB,SIN,2026-11-03,2026-11-10,economy,4282730,IDR,Indonesia AirAsia/AirAsia,05:00,11:35,1,230,,,google-flights,ok,
2026-09-28 08:09:16+0700,SUB-SIN,SUB,SIN,2026-11-11,2026-11-18,economy,4282730,IDR,Indonesia AirAsia/AirAsia,13:25,19:40,1,240,,,google-flights,ok,
2026-09-28 08:09:16+0700,SUB-SIN,SUB,SIN,2026-11-19,2026-11-26,economy,4535977,IDR,Indonesia AirAsia/AirAsia,13:25,19:40,1,240,,,google-flights,ok,
2026-09-28 08:09:16+0700,SUB-SIN,SUB,SIN,2026-11-27,2026-12-04,economy,4567416,IDR,"Pelita Air Service, Pt",18:25,10:45,1,205,,,google-flights,ok,
2026-09-28 08:09:16+0700,SUB-SIN,SUB,SIN,2026-12-05,2026-12-12,economy,5365491,IDR,Malaysia Airlines,10:00,16:40,1,235,,,google-flights,ok,
2026-09-28 08:09:16+0700,SUB-SIN,SUB,SIN,2026-12-13,2026-12-20,economy,5549491,IDR,Malaysia Airlines,18:05,09:05,1,235,,,google-flights,ok,
2026-09-28 08:09:16+0700,SUB-SIN,SUB,SIN,2026-12-21,2026-12-28,economy,5825380,IDR,Malaysia Airlines,18:05,00:30,1,230,,,google-flights,ok,
2026-09-28 08:09:16+0700,SUB-SIN,SUB,SIN,2026-12-29,2027-01-05,economy,5871491,IDR,Malaysia Airlines,18:05,00:30,1,230,,,google-flights,ok,
2026-09-28 08:09:16+0700,SUB-SIN,SUB,SIN,2027-01-06,2027-01-13,economy,5549491,IDR,Malaysia Airlines,10:00,16:40,1,235,,,google-flights,ok,
2026-09-28 08:09:16+0700,SUB-SIN,SUB,SIN,2027-01-14,2027-01-21,economy,5227491,IDR,Malaysia Airlines,10:00,16:40,1,235,,,google-flights,ok,
2026-09-28 08:09:16+0700,SUB-SIN,SUB,SIN,2027-01-22,2027-01-29,economy,4567416,IDR,"Pelita Air Service, Pt",18:25,10:45,1,205,,,google-flights,ok,
2026-09-28 08:09:16+0700,SUB-SIN,SUB,SIN,2027-01-30,2027-02-06,economy,,IDR,,,,,,,,,error,IndexError: list index out of range
2026-09-28 11:10:06+0700,DPS-MEL,DPS,MEL,2026-10-02,2026-10-16,economy,,IDR,,,,,,,,,error,IndexError: list index out of range
2026-09-28 11:10:06+0700,DPS-MEL,DPS,MEL,2026-10-10,2026-10-24,economy,,IDR,,,,,,,,,error,IndexError: list index out of range
2026-09-28 11:10:06+0700,DPS-MEL,DPS,MEL,2026-10-18,2026-11-01,economy,,IDR,,,,,,,,,error,IndexError: list index out of range
2026-09-28 11:10:06+0700,DPS-MEL,DPS,MEL,2026-10-26,2026-11-09,economy,9772962,IDR,Jetstar,14:55,07:25,1,630,,,google-flights,ok,
2026-09-28 11:10:06+0700,DPS-MEL,DPS,MEL,2026-11-03,2026-11-17,economy,11839183,IDR,Jetstar,23:20,07:55,0,335,,,google-flights,ok,
2026-09-28 11:10:06+0700,DPS-MEL,DPS,MEL,2026-11-11,2026-11-25,economy,9059912,IDR,Jetstar,14:55,23:35,0,340,,,google-flights,ok,
2026-09-28 11:10:06+0700,DPS-MEL,DPS,MEL,2026-11-19,2026-12-03,economy,9353811,IDR,Jetstar,11:30,20:10,0,340,,,google-flights,ok,
2026-09-28 11:10:06+0700,DPS-MEL,DPS,MEL,2026-11-27,2026-12-11,economy,9694811,IDR,Jetstar,14:55,23:35,0,340,,,google-flights,ok,
2026-09-28 11:10:06+0700,DPS-MEL,DPS,MEL,2026-12-05,2026-12-19,economy,14769811,IDR,Jetstar,14:55,23:35,0,340,,,google-flights,ok,
2026-09-28 11:10:06+0700,DPS-MEL,DPS,MEL,2026-12-13,2026-12-27,economy,14464811,IDR,Jetstar,14:55,23:35,0,340,,,google-flights,ok,
2026-09-28 11:10:06+0700,DPS-MEL,DPS,MEL,2026-12-21,2027-01-04,economy,7216811,IDR,Jetstar,11:30,20:10,0,340,,,google-flights,ok,
2026-09-28 11:10:06+0700,DPS-MEL,DPS,MEL,2026-12-29,2027-01-12,economy,6857811,IDR,Jetstar,11:30,20:10,0,340,,,google-flights,ok,
2026-09-28 11:10:06+0700,DPS-MEL,DPS,MEL,2027-01-06,2027-01-20,economy,13009016,IDR,Scoot,20:00,12:10,1,605,,,google-flights,ok,
2026-09-28 11:10:06+0700,DPS-MEL,DPS,MEL,2027-01-14,2027-01-28,economy,10134826,IDR,Jetstar,14:55,23:35,0,340,,,google-flights,ok,
2026-09-28 11:10:06+0700,DPS-MEL,DPS,MEL,2027-01-22,2027-02-05,economy,9442811,IDR,Jetstar,14:55,23:35,0,340,,,google-flights,ok,
2026-09-28 11:10:06+0700,DPS-MEL,DPS,MEL,2027-01-30,2027-02-13,economy,7717811,IDR,Jetstar,20:20,04:55,0,335,,,google-flights,ok,
2026-09-28 11:10:06+0700,SUB-TPE,SUB,TPE,2026-10-04,2026-10-18,economy,7024850,IDR,Scoot,19:50,14:15,1,430,,,google-flights,ok,
2026-09-28 11:10:06+0700,SUB-TPE,SUB,TPE,2026-10-12,2026-10-26,economy,8479791,IDR,Scoot,10:35,17:10,1,430,,,google-flights,ok,
2026-09-28 11:10:06+0700,SUB-TPE,SUB,TPE,2026-10-20,2026-11-03,economy,5852474,IDR,Scoot,10:35,17:10,1,430,,,google-flights,ok,
2026-09-28 11:10:06+0700,SUB-TPE,SUB,TPE,2026-10-28,2026-11-11,economy,6685478,IDR,Scoot,19:30,11:00,1,435,,,google-flights,ok,
2026-09-28 11:10:06+0700,SUB-TPE,SUB,TPE,2026-11-05,2026-11-19,economy,6058154,IDR,Scoot,09:50,05:35,1,425,,,google-flights,ok,
2026-09-28 11:10:06+0700,SUB-TPE,SUB,TPE,2026-11-13,2026-11-27,economy,7024850,IDR,Scoot,09:50,05:35,1,425,,,google-flights,ok,
2026-09-28 11:10:06+0700,SUB-TPE,SUB,TPE,2026-11-21,2026-12-05,economy,7214859,IDR,Scoot,09:50,05:35,1,425,,,google-flights,ok,
2026-09-28 11:10:06+0700,SUB-TPE,SUB,TPE,2026-11-29,2026-12-13,economy,9107115,IDR,Scoot,19:30,05:35,1,425,,,google-flights,ok,
2026-09-28 11:10:06+0700,SUB-TPE,SUB,TPE,2026-12-07,2026-12-21,economy,12161461,IDR,Scoot,09:50,05:35,1,425,,,google-flights,ok,
2026-09-28 11:10:06+0700,SUB-TPE,SUB,TPE,2026-12-15,2026-12-29,economy,10516022,IDR,Scoot,19:30,05:35,1,425,,,google-flights,ok,
2026-09-28 11:10:06+0700,SUB-TPE,SUB,TPE,2026-12-23,2027-01-06,economy,12565004,IDR,Scoot,19:30,17:00,1,425,,,google-flights,ok,
2026-09-28 11:10:06+0700,SUB-TPE,SUB,TPE,2026-12-31,2027-01-14,economy,7214859,IDR,Scoot,09:50,05:35,1,425,,,google-flights,ok,
2026-09-28 11:10:06+0700,SUB-TPE,SUB,TPE,2027-01-08,2027-01-22,economy,5852474,IDR,Scoot,19:30,11:00,1,435,,,google-flights,ok,
2026-09-28 11:10:06+0700,SUB-TPE,SUB,TPE,2027-01-16,2027-01-30,economy,6479798,IDR,Scoot,19:30,05:35,1,425,,,google-flights,ok,
2026-09-28 11:10:06+0700,SUB-TPE,SUB,TPE,2027-01-24,2027-02-07,economy,7117406,IDR,Scoot,19:30,11:00,1,435,,,google-flights,ok,
2026-09-28 11:10:06+0700,SUB-TPE,SUB,TPE,2027-02-01,2027-02-15,economy,4901449,IDR,Scoot,09:50,11:00,1,435,,,google-flights,ok,
2026-09-28 11:10:06+0700,SUB-TPE,SUB,TPE,2027-02-09,2027-02-23,economy,10780975,IDR,Scoot,19:30,05:35,1,425,,,google-flights,ok,
2026-09-28 11:10:06+0700,SUB-TPE,SUB,TPE,2027-02-17,2027-03-03,economy,5240821,IDR,Scoot,09:50,17:00,1,425,,,google-flights,ok,
2026-09-28 11:10:06+0700,SUB-TPE,SUB,TPE,2027-02-25,2027-03-11,economy,7323086,IDR,Scoot,09:50,11:00,1,435,,,google-flights,ok,
2026-09-28 11:10:06+0700,SUB-TPE,SUB,TPE,2027-03-05,2027-03-19,economy,9878414,IDR,Scoot,19:30,13:10,1,425,,,google-flights,ok,
2026-09-28 11:10:06+0700,SUB-TPE,SUB,TPE,2027-03-13,2027-03-27,economy,9251090,IDR,Scoot,09:50,05:35,1,425,,,google-flights,ok,
2026-09-28 11:10:06+0700,SUB-TPE,SUB,TPE,2027-03-21,2027-04-04,economy,6440611,IDR,Scoot,19:30,13:15,1,430,,,google-flights,ok,
2026-09-28 11:10:06+0700,SUB-TPE,SUB,TPE,2027-03-29,2027-04-12,economy,7257944,IDR,Scoot,10:35,11:45,1,430,,,google-flights,ok,
2026-09-28 11:10:06+0700,SUB-TPE,SUB,TPE,2027-04-06,2027-04-20,economy,6144324,IDR,Scoot,19:50,17:10,1,430,,,google-flights,ok,
2026-09-28 11:10:06+0700,SUB-TPE,SUB,TPE,2027-04-14,2027-04-28,economy,5121311,IDR,Scoot,19:50,11:45,1,430,,,google-flights,ok,
2026-09-28 11:10:06+0700,SUB-TPE,SUB,TPE,2027-04-22,2027-05-06,economy,5666363,IDR,Scoot,08:35,14:15,1,430,,,google-flights,ok,
2026-09-28 11:10:06+0700,SUB-TPE,SUB,TPE,2027-04-30,2027-05-14,economy,6144324,IDR,Scoot,19:50,17:10,1,430,,,google-flights,ok,
2026-09-28 11:10:06+0700,SUB-TPE,SUB,TPE,2027-05-08,2027-05-22,economy,5326991,IDR,Scoot,19:50,17:10,1,430,,,google-flights,ok,
2026-09-28 11:10:06+0700,SUB-TPE,SUB,TPE,2027-05-16,2027-05-30,economy,5326991,IDR,Scoot,19:50,05:45,1,430,,,google-flights,ok,
2026-09-28 11:10:06+0700,SUB-TPE,SUB,TPE,2027-05-24,2027-06-07,economy,6483696,IDR,Scoot,10:35,11:45,1,430,,,google-flights,ok,
2026-09-28 11:10:06+0700,SUB-TPE,SUB,TPE,2027-06-01,2027-06-15,economy,4781939,IDR,Scoot,19:50,05:45,1,430,,,google-flights,ok,
2026-09-28 11:10:06+0700,SUB-TPE,SUB,TPE,2027-06-09,2027-06-23,economy,5326991,IDR,Scoot,19:50,05:45,1,430,,,google-flights,ok,
2026-09-28 11:10:06+0700,SUB-TPE,SUB,TPE,2027-06-17,2027-07-01,economy,6483696,IDR,Scoot,08:35,05:45,1,430,,,google-flights,ok,
2026-09-28 11:10:06+0700,SUB-TPE,SUB,TPE,2027-06-25,2027-07-09,economy,5121311,IDR,Scoot,19:50,05:45,1,430,,,google-flights,ok,
2026-09-28 11:10:06+0700,SUB-KUL,SUB,KUL,2026-10-01,2026-10-08,economy,3797492,IDR,Indonesia AirAsia,07:05,10:45,0,160,,,google-flights,ok,
2026-09-28 11:10:06+0700,SUB-KUL,SUB,KUL,2026-10-09,2026-10-16,economy,2507381,IDR,Indonesia AirAsia,05:05,08:40,0,155,,,google-flights,ok,
2026-09-28 11:10:06+0700,SUB-KUL,SUB,KUL,2026-10-17,2026-10-24,economy,2399840,IDR,Indonesia AirAsia,17:45,21:25,0,160,,,google-flights,ok,
2026-09-28 11:10:06+0700,SUB-KUL,SUB,KUL,2026-10-25,2026-11-01,economy,3137491,IDR,Indonesia AirAsia,17:40,21:15,0,155,,,google-flights,ok,
2026-09-28 11:10:06+0700,SUB-KUL,SUB,KUL,2026-11-02,2026-11-09,economy,2437846,IDR,Indonesia AirAsia,05:00,08:35,0,155,,,google-flights,ok,
2026-09-28 11:10:06+0700,SUB-KUL,SUB,KUL,2026-11-10,2026-11-17,economy,2607243,IDR,Indonesia AirAsia,17:40,21:15,0,155,,,google-flights,ok,
2026-09-28 11:10:06+0700,SUB-KUL,SUB,KUL,2026-11-18,2026-11-25,economy,2219534,IDR,Indonesia AirAsia,05:00,08:35,0,155,,,google-flights,ok,
2026-09-28 11:10:06+0700,SUB-KUL,SUB,KUL,2026-11-26,2026-12-03,economy,3461681,IDR,Malaysia Airlines,10:00,13:40,0,160,,,google-flights,ok,
2026-09-28 11:10:06+0700,SUB-KUL,SUB,KUL,2026-12-04,2026-12-11,economy,3791691,IDR,Batik Air,10:05,13:45,0,160,,,google-flights,ok,
2026-09-28 11:10:06+0700,SUB-KUL,SUB,KUL,2026-12-12,2026-12-19,economy,3288559,IDR,Indonesia AirAsia,05:00,08:35,0,155,,,google-flights,ok,
2026-09-28 11:10:06+0700,SUB-KUL,SUB,KUL,2026-12-20,2026-12-27,economy,4188234,IDR,Indonesia AirAsia,05:00,08:35,0,155,,,google-flights,ok,
2026-09-28 11:10:06+0700,SUB-KUL,SUB,KUL,2026-12-28,2027-01-04,economy,4188234,IDR,Indonesia AirAsia,05:00,08:35,0,155,,,google-flights,ok,
2026-09-28 11:10:06+0700,SUB-KUL,SUB,KUL,2027-01-05,2027-01-12,economy,3808234,IDR,Indonesia AirAsia,05:00,08:35,0,155,,,google-flights,ok,
2026-09-28 11:10:06+0700,SUB-KUL,SUB,KUL,2027-01-13,2027-01-20,economy,3058112,IDR,Indonesia AirAsia,05:00,08:35,0,155,,,google-flights,ok,
2026-09-28 11:10:06+0700,SUB-KUL,SUB,KUL,2027-01-21,2027-01-28,economy,3058112,IDR,Indonesia AirAsia,05:00,08:35,0,155,,,google-flights,ok,
2026-09-28 11:10:06+0700,SUB-KUL,SUB,KUL,2027-01-29,2027-02-05,economy,3288559,IDR,Indonesia AirAsia,05:00,08:35,0,155,,,google-flights,ok,
2026-09-28 11:10:06+0700,SUB-SIN,SUB,SIN,2026-10-03,2026-10-10,economy,5065560,IDR,Batik Air,05:05,15:15,1,195,,,google-flights,ok,
2026-09-28 11:10:06+0700,SUB-SIN,SUB,SIN,2026-10-11,2026-10-18,economy,4242885,IDR,Lion/Batik Air,06:30,15:15,1,195,,,google-flights,ok,
2026-09-28 11:10:06+0700,SUB-SIN,SUB,SIN,2026-10-19,2026-10-26,economy,4924160,IDR,Lion/Batik Air,06:30,13:45,1,195,,,google-flights,ok,
2026-09-28 11:10:06+0700,SUB-SIN,SUB,SIN,2026-10-27,2026-11-03,economy,4282730,IDR,Indonesia AirAsia/AirAsia,05:00,11:35,1,230,,,google-flights,ok,
2026-09-28 11:10:06+0700,SUB-SIN,SUB,SIN,2026-11-04,2026-11-11,economy,4258975,IDR,Indonesia AirAsia/AirAsia,05:00,11:35,1,230,,,google-flights,ok,
2026-09-28 11:10:06+0700,SUB-SIN,SUB,SIN,2026-11-12,2026-11-19,economy,3930148,IDR,Indonesia AirAsia/AirAsia,11:20,18:00,1,235,,,google-flights,ok,
2026-09-28 11:10:06+0700,SUB-SIN,SUB,SIN,2026-11-20,2026-11-27,economy,5395371,IDR,Indonesia AirAsia/AirAsia,11:20,18:00,1,235,,,google-flights,ok,
2026-09-28 11:10:06+0700,SUB-SIN,SUB,SIN,2026-11-28,2026-12-05,economy,5028673,IDR,Indonesia AirAsia/AirAsia,05:00,11:35,1,230,,,google-flights,ok,
2026-09-28 11:10:06+0700,SUB-SIN,SUB,SIN,2026-12-06,2026-12-13,economy,5227491,IDR,Malaysia Airlines,18:05,00:30,1,230,,,google-flights,ok,
2026-09-28 11:10:06+0700,SUB-SIN,SUB,SIN,2026-12-14,2026-12-21,economy,5549491,IDR,Malaysia Airlines,18:05,09:05,1,235,,,google-flights,ok,
2026-09-28 11:10:06+0700,SUB-SIN,SUB,SIN,2026-12-22,2026-12-29,economy,5871491,IDR,Malaysia Airlines,10:00,16:40,1,235,,,google-flights,ok,
2026-09-28 11:10:06+0700,SUB-SIN,SUB,SIN,2026-12-30,2027-01-06,economy,5871491,IDR,Malaysia Airlines,15:50,00:30,1,230,,,google-flights,ok,
2026-09-28 11:10:06+0700,SUB-SIN,SUB,SIN,2027-01-07,2027-01-14,economy,5549491,IDR,Malaysia Airlines,10:00,16:40,1,235,,,google-flights,ok,
2026-09-28 11:10:06+0700,SUB-SIN,SUB,SIN,2027-01-15,2027-01-22,economy,4567416,IDR,"Pelita Air Service, Pt",18:25,10:45,1,205,,,google-flights,ok,
2026-09-28 11:10:06+0700,SUB-SIN,SUB,SIN,2027-01-23,2027-01-30,economy,,IDR,,,,,,,,,error,IndexError: list index out of range
2026-09-28 11:10:06+0700,SUB-SIN,SUB,SIN,2027-01-31,2027-02-07,economy,,IDR,,,,,,,,,error,IndexError: list index out of range
2026-09-28 14:11:30+0700,DPS-MEL,DPS,MEL,2026-10-03,2026-10-17,economy,,IDR,,,,,,,,,error,IndexError: list index out of range
2026-09-28 14:11:30+0700,DPS-MEL,DPS,MEL,2026-10-11,2026-10-25,economy,,IDR,,,,,,,,,error,IndexError: list index out of range
2026-09-28 14:11:30+0700,DPS-MEL,DPS,MEL,2026-10-19,2026-11-02,economy,,IDR,,,,,,,,,error,IndexError: list index out of range
2026-09-28 14:11:30+0700,DPS-MEL,DPS,MEL,2026-10-27,2026-11-10,economy,11688523,IDR,Jetstar,11:30,20:10,0,340,,,google-flights,ok,
2026-09-28 14:11:30+0700,DPS-MEL,DPS,MEL,2026-11-04,2026-11-18,economy,11359682,IDR,Virgin Australia,21:25,09:25,1,435,,,google-flights,ok,
2026-09-28 14:11:30+0700,DPS-MEL,DPS,MEL,2026-11-12,2026-11-26,economy,8605906,IDR,Virgin Australia,22:00,06:40,0,340,,,google-flights,ok,
2026-09-28 14:11:30+0700,DPS-MEL,DPS,MEL,2026-11-20,2026-12-04,economy,9077938,IDR,Jetstar,14:55,23:35,0,340,,,google-flights,ok,
2026-09-28 14:11:30+0700,DPS-MEL,DPS,MEL,2026-11-28,2026-12-12,economy,10388708,IDR,Jetstar,20:20,04:55,0,335,,,google-flights,ok,
2026-09-28 14:11:30+0700,DPS-MEL,DPS,MEL,2026-12-06,2026-12-20,economy,14906044,IDR,Virgin Australia,15:50,00:30,0,340,,,google-flights,ok,
2026-09-28 14:11:30+0700,DPS-MEL,DPS,MEL,2026-12-14,2026-12-28,economy,11990782,IDR,Virgin Australia,23:20,16:50,2,530,,,google-flights,ok,
2026-09-28 14:11:30+0700,DPS-MEL,DPS,MEL,2026-12-22,2027-01-05,economy,6807162,IDR,Jetstar,11:30,20:10,0,340,,,google-flights,ok,
2026-09-28 14:11:30+0700,DPS-MEL,DPS,MEL,2026-12-30,2027-01-13,economy,8149173,IDR,Jetstar,14:55,23:35,0,340,,,google-flights,ok,
2026-09-28 14:11:30+0700,DPS-MEL,DPS,MEL,2027-01-07,2027-01-21,economy,13340811,IDR,Jetstar,14:55,23:35,0,340,,,google-flights,ok,
2026-09-28 14:11:30+0700,DPS-MEL,DPS,MEL,2027-01-15,2027-01-29,economy,10167464,IDR,Jetstar,11:30,20:10,0,340,,,google-flights,ok,
2026-09-28 14:11:30+0700,DPS-MEL,DPS,MEL,2027-01-23,2027-02-06,economy,9426504,IDR,Jetstar,20:20,04:55,0,335,,,google-flights,ok,
2026-09-28 14:11:30+0700,DPS-MEL,DPS,MEL,2027-01-31,2027-02-14,economy,7558410,IDR,Virgin Australia,15:50,00:30,0,340,,,google-flights,ok,
2026-09-28 14:11:30+0700,SUB-TPE,SUB,TPE,2026-10-05,2026-10-19,economy,9251090,IDR,Scoot,10:35,11:45,1,430,,,google-flights,ok,
2026-09-28 14:11:30+0700,SUB-TPE,SUB,TPE,2026-10-13,2026-10-27,economy,5035141,IDR,Scoot,19:50,17:10,1,430,,,google-flights,ok,
2026-09-28 14:11:30+0700,SUB-TPE,SUB,TPE,2026-10-21,2026-11-04,economy,,IDR,,,,,,,,,error,FlightsNotFound: no flights found; received error
2026-09-28 14:11:30+0700,SUB-TPE,SUB,TPE,2026-10-29,2026-11-12,economy,5240821,IDR,Scoot,09:50,13:10,1,425,,,google-flights,ok,
2026-09-28 14:11:30+0700,SUB-TPE,SUB,TPE,2026-11-06,2026-11-20,economy,7842183,IDR,Scoot,19:30,05:35,1,425,,,google-flights,ok,
2026-09-28 14:11:30+0700,SUB-TPE,SUB,TPE,2026-11-14,2026-11-28,economy,5035141,IDR,Scoot,19:30,05:35,1,425,,,google-flights,ok,
2026-09-28 14:11:30+0700,SUB-TPE,SUB,TPE,2026-11-22,2026-12-06,economy,8469507,IDR,Scoot,09:50,05:35,1,425,,,google-flights,ok,
2026-09-28 14:11:30+0700,SUB-TPE,SUB,TPE,2026-11-30,2026-12-14,economy,,IDR,,,,,,,,,error,TypeError: 'NoneType' object is not subscriptable
2026-09-28 14:11:30+0700,SUB-TPE,SUB,TPE,2026-12-08,2026-12-22,economy,10752554,IDR,Scoot,09:50,05:35,1,425,,,google-flights,ok,
2026-09-28 14:11:30+0700,SUB-TPE,SUB,TPE,2026-12-16,2026-12-30,economy,10516022,IDR,Scoot,19:30,05:35,1,425,,,google-flights,ok,
2026-09-28 14:11:30+0700,SUB-TPE,SUB,TPE,2026-12-24,2027-01-07,economy,14467544,IDR,Scoot,09:50,05:35,1,425,,,google-flights,ok,
2026-09-28 14:11:30+0700,SUB-TPE,SUB,TPE,2027-01-01,2027-01-15,economy,5035141,IDR,Scoot,19:30,11:00,1,435,,,google-flights,ok,
2026-09-28 14:11:30+0700,SUB-TPE,SUB,TPE,2027-01-09,2027-01-23,economy,5852474,IDR,Scoot,19:30,05:35,1,425,,,google-flights,ok,
2026-09-28 14:11:30+0700,SUB-TPE,SUB,TPE,2027-01-17,2027-01-31,economy,6479798,IDR,Scoot,19:30,05:35,1,425,,,google-flights,ok,
2026-09-28 14:11:30+0700,SUB-TPE,SUB,TPE,2027-01-25,2027-02-08,economy,6685478,IDR,Scoot,09:50,11:00,1,435,,,google-flights,ok,
2026-09-28 14:11:30+0700,SUB-TPE,SUB,TPE,2027-02-02,2027-02-16,economy,4695769,IDR,Scoot,19:30,11:00,1,435,,,google-flights,ok,
2026-09-28 14:11:30+0700,SUB-TPE,SUB,TPE,2027-02-10,2027-02-24,economy,11120347,IDR,Scoot,19:30,05:35,1,425,,,google-flights,ok,
2026-09-28 14:11:30+0700,SUB-TPE,SUB,TPE,2027-02-18,2027-03-04,economy,6058154,IDR,Scoot,09:50,11:00,1,435,,,google-flights,ok,
2026-09-28 14:11:30+0700,SUB-TPE,SUB,TPE,2027-02-26,2027-03-12,economy,8479791,IDR,Scoot,09:50,11:00,1,435,,,google-flights,ok,
2026-09-28 14:11:30+0700,SUB-TPE,SUB,TPE,2027-03-06,2027-03-20,economy,9878414,IDR,Scoot,19:30,05:35,1,425,,,google-flights,ok,
2026-09-28 14:11:30+0700,SUB-TPE,SUB,TPE,2027-03-14,2027-03-28,economy,11287321,IDR,Scoot,19:30,05:35,1,425,,,google-flights,ok,
2026-09-28 14:11:30+0700,SUB-TPE,SUB,TPE,2027-03-22,2027-04-05,economy,7257944,IDR,Scoot,09:50,11:00,1,435,,,google-flights,ok,
2026-09-28 14:11:30+0700,SUB-TPE,SUB,TPE,2027-03-30,2027-04-13,economy,5283906,IDR,Scoot,19:50,05:45,1,430,,,google-flights,ok,
2026-09-28 14:11:30+0700,SUB-TPE,SUB,TPE,2027-04-07,2027-04-21,economy,5938644,IDR,Scoot,19:50,14:15,1,430,,,google-flights,ok,
2026-09-28 14:11:30+0700,SUB-TPE,SUB,TPE,2027-04-15,2027-04-29,economy,7111020,IDR,Scoot,08:35,05:45,1,430,,,google-flights,ok,
2026-09-28 14:11:30+0700,SUB-TPE,SUB,TPE,2027-04-23,2027-05-07,economy,4781939,IDR,Scoot,19:50,05:45,1,430,,,google-flights,ok,
2026-09-28 14:11:30+0700,SUB-TPE,SUB,TPE,2027-05-01,2027-05-15,economy,4987619,IDR,Scoot,19:50,17:10,1,430,,,google-flights,ok,
2026-09-28 14:11:30+0700,SUB-TPE,SUB,TPE,2027-05-09,2027-05-23,economy,6483696,IDR,Scoot,19:50,05:45,1,430,,,google-flights,ok,
2026-09-28 14:11:30+0700,SUB-TPE,SUB,TPE,2027-05-17,2027-05-31,economy,6483696,IDR,Scoot,10:35,11:45,1,430,,,google-flights,ok,
2026-09-28 14:11:30+0700,SUB-TPE,SUB,TPE,2027-05-25,2027-06-08,economy,4576259,IDR,Scoot,19:50,17:10,1,430,,,google-flights,ok,
2026-09-28 14:11:30+0700,SUB-TPE,SUB,TPE,2027-06-02,2027-06-16,economy,5121311,IDR,Scoot,19:50,05:45,1,430,,,google-flights,ok,
2026-09-28 14:11:30+0700,SUB-TPE,SUB,TPE,2027-06-10,2027-06-24,economy,5666363,IDR,Scoot,08:35,05:45,1,430,,,google-flights,ok,
2026-09-28 14:11:30+0700,SUB-TPE,SUB,TPE,2027-06-18,2027-07-02,economy,5121311,IDR,Scoot,19:50,05:45,1,430,,,google-flights,ok,
2026-09-28 14:11:30+0700,SUB-TPE,SUB,TPE,2027-06-26,2027-07-10,economy,5121311,IDR,Scoot,19:50,17:10,1,430,,,google-flights,ok,
2026-09-28 14:11:30+0700,SUB-KUL,SUB,KUL,2026-10-02,2026-10-09,economy,4537880,IDR,Batik Air,05:05,13:10,1,220,,,google-flights,ok,
2026-09-28 14:11:30+0700,SUB-KUL,SUB,KUL,2026-10-10,2026-10-17,economy,3870880,IDR,Batik Air,05:05,13:10,1,220,,,google-flights,ok,
2026-09-28 14:11:30+0700,SUB-KUL,SUB,KUL,2026-10-18,2026-10-25,economy,2327075,IDR,Indonesia AirAsia,07:05,10:45,0,160,,,google-flights,ok,
2026-09-28 14:11:30+0700,SUB-KUL,SUB,KUL,2026-10-26,2026-11-02,economy,3137491,IDR,Indonesia AirAsia,11:20,14:55,0,155,,,google-flights,ok,
2026-09-28 14:11:30+0700,SUB-KUL,SUB,KUL,2026-11-03,2026-11-10,economy,2219534,IDR,Indonesia AirAsia,05:00,08:35,0,155,,,google-flights,ok,
2026-09-28 14:11:30+0700,SUB-KUL,SUB,KUL,2026-11-11,2026-11-18,economy,3029950,IDR,Indonesia AirAsia,11:20,14:55,0,155,,,google-flights,ok,
2026-09-28 14:11:30+0700,SUB-KUL,SUB,KUL,2026-11-19,2026-11-26,economy,2399840,IDR,Indonesia AirAsia,05:00,08:35,0,155,,,google-flights,ok,
2026-09-28 14:11:30+0700,SUB-KUL,SUB,KUL,2026-11-27,2026-12-04,economy,3461502,IDR,Malaysia Airlines,15:50,19:30,0,160,,,google-flights,ok,
2026-09-28 14:11:30+0700,SUB-KUL,SUB,KUL,2026-12-05,2026-12-12,economy,3288559,IDR,Indonesia AirAsia,05:00,08:35,0,155,,,google-flights,ok,
2026-09-28 14:11:30+0700,SUB-KUL,SUB,KUL,2026-12-13,2026-12-20,economy,3791691,IDR,Batik Air,10:05,13:45,0,160,,,google-flights,ok,
2026-09-28 14:11:30+0700,SUB-KUL,SUB,KUL,2026-12-21,2026-12-28,economy,4188234,IDR,Indonesia AirAsia,05:00,08:35,0,155,,,google-flights,ok,
2026-09-28 14:11:30+0700,SUB-KUL,SUB,KUL,2026-12-29,2027-01-05,economy,4188234,IDR,Indonesia AirAsia,05:00,08:35,0,155,,,google-flights,ok,
2026-09-28 14:11:30+0700,SUB-KUL,SUB,KUL,2027-01-06,2027-01-13,economy,3808234,IDR,Indonesia AirAsia,05:00,08:35,0,155,,,google-flights,ok,
2026-09-28 14:11:30+0700,SUB-KUL,SUB,KUL,2027-01-14,2027-01-21,economy,3058112,IDR,Indonesia AirAsia,05:00,08:35,0,155,,,google-flights,ok,
2026-09-28 14:11:30+0700,SUB-KUL,SUB,KUL,2027-01-22,2027-01-29,economy,3058112,IDR,Indonesia AirAsia,05:00,08:35,0,155,,,google-flights,ok,
2026-09-28 14:11:30+0700,SUB-KUL,SUB,KUL,2027-01-30,2027-02-06,economy,3288559,IDR,Indonesia AirAsia,05:00,08:35,0,155,,,google-flights,ok,
2026-09-28 14:11:30+0700,SUB-SIN,SUB,SIN,2026-10-04,2026-10-11,economy,5153615,IDR,Lion/Batik Air,06:30,13:45,1,195,,,google-flights,ok,
2026-09-28 14:11:30+0700,SUB-SIN,SUB,SIN,2026-10-12,2026-10-19,economy,4874013,IDR,Indonesia AirAsia/AirAsia,05:05,11:35,1,230,,,google-flights,ok,
2026-09-28 14:11:30+0700,SUB-SIN,SUB,SIN,2026-10-20,2026-10-27,economy,4390271,IDR,Indonesia AirAsia/AirAsia,05:05,12:15,1,230,,,google-flights,ok,
2026-09-28 14:11:30+0700,SUB-SIN,SUB,SIN,2026-10-28,2026-11-04,economy,4390271,IDR,Indonesia AirAsia/AirAsia,05:00,11:35,1,230,,,google-flights,ok,
2026-09-28 14:11:30+0700,SUB-SIN,SUB,SIN,2026-11-05,2026-11-12,economy,4390271,IDR,Indonesia AirAsia/AirAsia,13:25,19:40,1,240,,,google-flights,ok,
2026-09-28 14:11:30+0700,SUB-SIN,SUB,SIN,2026-11-13,2026-11-20,economy,4108588,IDR,Indonesia AirAsia/AirAsia,13:25,20:55,1,240,,,google-flights,ok,
2026-09-28 14:11:30+0700,SUB-SIN,SUB,SIN,2026-11-21,2026-11-28,economy,5227491,IDR,Malaysia Airlines,10:00,16:40,1,235,,,google-flights,ok,
2026-09-28 14:11:30+0700,SUB-SIN,SUB,SIN,2026-11-29,2026-12-06,economy,5227491,IDR,Malaysia Airlines,18:05,00:30,1,230,,,google-flights,ok,
2026-09-28 14:11:30+0700,SUB-SIN,SUB,SIN,2026-12-07,2026-12-14,economy,4567416,IDR,"Pelita Air Service, Pt",18:25,10:45,1,205,,,google-flights,ok,
2026-09-28 14:11:30+0700,SUB-SIN,SUB,SIN,2026-12-15,2026-12-22,economy,6055491,IDR,Malaysia Airlines,18:05,00:30,1,230,,,google-flights,ok,
2026-09-28 14:11:30+0700,SUB-SIN,SUB,SIN,2026-12-23,2026-12-30,economy,5871491,IDR,Malaysia Airlines,10:00,16:40,1,235,,,google-flights,ok,
2026-09-28 14:11:30+0700,SUB-SIN,SUB,SIN,2026-12-31,2027-01-07,economy,5871491,IDR,Malaysia Airlines,15:50,00:30,1,230,,,google-flights,ok,
2026-09-28 14:11:30+0700,SUB-SIN,SUB,SIN,2027-01-08,2027-01-15,economy,5549491,IDR,Malaysia Airlines,18:05,00:30,1,230,,,google-flights,ok,
2026-09-28 14:11:30+0700,SUB-SIN,SUB,SIN,2027-01-16,2027-01-23,economy,4567416,IDR,"Pelita Air Service, Pt",18:25,10:45,1,205,,,google-flights,ok,
2026-09-28 14:11:30+0700,SUB-SIN,SUB,SIN,2027-01-24,2027-01-31,economy,,IDR,,,,,,,,,error,IndexError: list index out of range
2026-09-28 14:11:30+0700,SUB-SIN,SUB,SIN,2027-02-01,2027-02-08,economy,,IDR,,,,,,,,,error,IndexError: list index out of range
2026-09-28 17:11:05+0700,DPS-MEL,DPS,MEL,2026-10-04,2026-10-18,economy,,IDR,,,,,,,,,error,FlightsNotFound: no flights found; received error
2026-09-28 17:11:05+0700,DPS-MEL,DPS,MEL,2026-10-12,2026-10-26,economy,,IDR,,,,,,,,,error,IndexError: list index out of range
2026-09-28 17:11:05+0700,DPS-MEL,DPS,MEL,2026-10-20,2026-11-03,economy,,IDR,,,,,,,,,error,IndexError: list index out of range
2026-09-28 17:11:05+0700,DPS-MEL,DPS,MEL,2026-10-28,2026-11-11,economy,8670518,IDR,Jetstar,14:55,07:25,1,630,,,google-flights,ok,
2026-09-28 17:11:05+0700,DPS-MEL,DPS,MEL,2026-11-05,2026-11-19,economy,9174282,IDR,Philippine Airlines,01:20,07:30,1,725,,,google-flights,ok,
2026-09-28 17:11:05+0700,DPS-MEL,DPS,MEL,2026-11-13,2026-11-27,economy,9436101,IDR,Jetstar,11:30,20:10,0,340,,,google-flights,ok,
2026-09-28 17:11:05+0700,DPS-MEL,DPS,MEL,2026-11-21,2026-12-05,economy,,IDR,,,,,,,,,error,FlightsNotFound: no flights found; received error
2026-09-28 17:11:05+0700,DPS-MEL,DPS,MEL,2026-11-29,2026-12-13,economy,9700110,IDR,Jetstar,14:55,23:35,0,340,,,google-flights,ok,
2026-09-28 17:11:05+0700,DPS-MEL,DPS,MEL,2026-12-07,2026-12-21,economy,11763782,IDR,Virgin Australia,23:20,16:50,2,530,,,google-flights,ok,
2026-09-28 17:11:05+0700,DPS-MEL,DPS,MEL,2026-12-15,2026-12-29,economy,10445082,IDR,Virgin Australia,21:25,07:50,1,435,,,google-flights,ok,
2026-09-28 17:11:05+0700,DPS-MEL,DPS,MEL,2026-12-23,2027-01-06,economy,8328412,IDR,Jetstar,11:30,20:10,0,340,,,google-flights,ok,
2026-09-28 17:11:05+0700,DPS-MEL,DPS,MEL,2026-12-31,2027-01-14,economy,8451987,IDR,Virgin Australia,22:00,06:40,0,340,,,google-flights,ok,
2026-09-28 17:11:05+0700,DPS-MEL,DPS,MEL,2027-01-08,2027-01-22,economy,12114693,IDR,Jetstar,14:55,23:35,0,340,,,google-flights,ok,
2026-09-28 17:11:05+0700,DPS-MEL,DPS,MEL,2027-01-16,2027-01-30,economy,10888911,IDR,Jetstar,14:55,23:35,0,340,,,google-flights,ok,
2026-09-28 17:11:05+0700,DPS-MEL,DPS,MEL,2027-01-24,2027-02-07,economy,9389824,IDR,Jetstar,14:55,23:35,0,340,,,google-flights,ok,
2026-09-28 17:11:05+0700,DPS-MEL,DPS,MEL,2027-02-01,2027-02-15,economy,6857811,IDR,Jetstar,11:30,20:10,0,340,,,google-flights,ok,
2026-09-28 17:11:05+0700,SUB-TPE,SUB,TPE,2026-10-06,2026-10-20,economy,5035141,IDR,Scoot,19:50,05:45,1,430,,,google-flights,ok,
2026-09-28 17:11:05+0700,SUB-TPE,SUB,TPE,2026-10-14,2026-10-28,economy,5240821,IDR,Scoot,19:50,05:45,1,430,,,google-flights,ok,
2026-09-28 17:11:05+0700,SUB-TPE,SUB,TPE,2026-10-22,2026-11-05,economy,5035141,IDR,Scoot,10:35,17:10,1,430,,,google-flights,ok,
2026-09-28 17:11:05+0700,SUB-TPE,SUB,TPE,2026-10-30,2026-11-13,economy,4901449,IDR,Scoot,19:30,11:00,1,435,,,google-flights,ok,
2026-09-28 17:11:05+0700,SUB-TPE,SUB,TPE,2026-11-07,2026-11-21,economy,6397526,IDR,Scoot,09:50,05:35,1,425,,,google-flights,ok,
2026-09-28 17:11:05+0700,SUB-TPE,SUB,TPE,2026-11-15,2026-11-29,economy,7024850,IDR,Scoot,09:50,05:35,1,425,,,google-flights,ok,
2026-09-28 17:11:05+0700,SUB-TPE,SUB,TPE,2026-11-23,2026-12-07,economy,7842183,IDR,Scoot,09:50,05:35,1,425,,,google-flights,ok,
2026-09-28 17:11:05+0700,SUB-TPE,SUB,TPE,2026-12-01,2026-12-15,economy,10752554,IDR,Scoot,09:50,05:35,1,425,,,google-flights,ok,
2026-09-28 17:11:05+0700,SUB-TPE,SUB,TPE,2026-12-09,2026-12-23,economy,10516022,IDR,Scoot,19:30,05:35,1,425,,,google-flights,ok,
2026-09-28 17:11:05+0700,SUB-TPE,SUB,TPE,2026-12-17,2026-12-31,economy,13973911,IDR,Scoot,09:50,05:35,1,425,,,google-flights,ok,
2026-09-28 17:11:05+0700,SUB-TPE,SUB,TPE,2026-12-25,2027-01-08,economy,13490564,IDR,Scoot,19:30,05:35,1,425,,,google-flights,ok,
2026-09-28 17:11:05+0700,SUB-TPE,SUB,TPE,2027-01-02,2027-01-16,economy,5035141,IDR,Scoot,19:30,11:00,1,435,,,google-flights,ok,
2026-09-28 17:11:05+0700,SUB-TPE,SUB,TPE,2027-01-10,2027-01-24,economy,,IDR,,,,,,,,,error,FlightsNotFound: no flights found; received error
2026-09-28 17:11:05+0700,SUB-TPE,SUB,TPE,2027-01-18,2027-02-01,economy,6058154,IDR,Scoot,09:50,11:00,1,435,,,google-flights,ok,
2026-09-28 17:11:05+0700,SUB-TPE,SUB,TPE,2027-01-26,2027-02-09,economy,6479798,IDR,Scoot,19:30,11:00,1,435,,,google-flights,ok,
2026-09-28 17:11:05+0700,SUB-TPE,SUB,TPE,2027-02-03,2027-02-17,economy,5035141,IDR,Scoot,19:30,05:35,1,425,,,google-flights,ok,
2026-09-28 17:11:05+0700,SUB-TPE,SUB,TPE,2027-02-11,2027-02-25,economy,11937680,IDR,Scoot,09:50,05:35,1,425,,,google-flights,ok,
2026-09-28 17:11:05+0700,SUB-TPE,SUB,TPE,2027-02-19,2027-03-05,economy,5035141,IDR,Scoot,19:30,11:00,1,435,,,google-flights,ok,
2026-09-28 17:11:05+0700,SUB-TPE,SUB,TPE,2027-02-27,2027-03-13,economy,10516022,IDR,Scoot,19:30,05:35,1,425,,,google-flights,ok,
2026-09-28 17:11:05+0700,SUB-TPE,SUB,TPE,2027-03-07,2027-03-21,economy,10752554,IDR,Scoot,19:30,11:00,1,435,,,google-flights,ok,
2026-09-28 17:11:05+0700,SUB-TPE,SUB,TPE,2027-03-15,2027-03-29,economy,10516022,IDR,Scoot,09:50,05:35,1,425,,,google-flights,ok,
2026-09-28 17:11:05+0700,SUB-TPE,SUB,TPE,2027-03-23,2027-04-06,economy,4738854,IDR,Scoot,19:30,11:00,1,435,,,google-flights,ok,
2026-09-28 17:11:05+0700,SUB-TPE,SUB,TPE,2027-03-31,2027-04-14,economy,6144324,IDR,Scoot,19:50,17:10,1,430,,,google-flights,ok,
2026-09-28 17:11:05+0700,SUB-TPE,SUB,TPE,2027-04-08,2027-04-22,economy,6483696,IDR,Scoot,08:35,05:45,1,430,,,google-flights,ok,
2026-09-28 17:11:05+0700,SUB-TPE,SUB,TPE,2027-04-16,2027-04-30,economy,7203576,IDR,Scoot,19:50,11:45,1,430,,,google-flights,ok,
2026-09-28 17:11:05+0700,SUB-TPE,SUB,TPE,2027-04-24,2027-05-08,economy,5326991,IDR,Scoot,19:50,17:10,1,430,,,google-flights,ok,
2026-09-28 17:11:05+0700,SUB-TPE,SUB,TPE,2027-05-02,2027-05-16,economy,,IDR,,,,,,,,,error,FlightsNotFound: no flights found; received error
2026-09-28 17:11:05+0700,SUB-TPE,SUB,TPE,2027-05-10,2027-05-24,economy,7111020,IDR,Scoot,10:35,17:10,1,430,,,google-flights,ok,
2026-09-28 17:11:05+0700,SUB-TPE,SUB,TPE,2027-05-18,2027-06-01,economy,4339727,IDR,Scoot,19:50,17:10,1,430,,,google-flights,ok,
2026-09-28 17:11:05+0700,SUB-TPE,SUB,TPE,2027-05-26,2027-06-09,economy,5121311,IDR,Scoot,19:50,11:45,1,430,,,google-flights,ok,
2026-09-28 17:11:05+0700,SUB-TPE,SUB,TPE,2027-06-03,2027-06-17,economy,5666363,IDR,Scoot,08:35,05:45,1,430,,,google-flights,ok,
2026-09-28 17:11:05+0700,SUB-TPE,SUB,TPE,2027-06-11,2027-06-25,economy,5121311,IDR,Scoot,19:50,17:10,1,430,,,google-flights,ok,
2026-09-28 17:11:05+0700,SUB-TPE,SUB,TPE,2027-06-19,2027-07-03,economy,5326991,IDR,Scoot,19:50,17:10,1,430,,,google-flights,ok,
2026-09-28 17:11:05+0700,SUB-TPE,SUB,TPE,2027-06-27,2027-07-11,economy,5121311,IDR,Scoot,19:50,17:10,1,430,,,google-flights,ok,
2026-09-28 17:11:05+0700,SUB-KUL,SUB,KUL,2026-10-03,2026-10-10,economy,3277492,IDR,Indonesia AirAsia,17:45,21:25,0,160,,,google-flights,ok,
2026-09-28 17:11:05+0700,SUB-KUL,SUB,KUL,2026-10-11,2026-10-18,economy,2724282,IDR,Indonesia AirAsia,11:20,15:00,0,160,,,google-flights,ok,
2026-09-28 17:11:05+0700,SUB-KUL,SUB,KUL,2026-10-19,2026-10-26,economy,2399840,IDR,Indonesia AirAsia,07:05,10:45,0,160,,,google-flights,ok,
2026-09-28 17:11:05+0700,SUB-KUL,SUB,KUL,2026-10-27,2026-11-03,economy,,IDR,,,,,,,,,error,FlightsNotFound: no flights found; received error
2026-09-28 17:11:05+0700,SUB-KUL,SUB,KUL,2026-11-04,2026-11-11,economy,2607243,IDR,Indonesia AirAsia,11:20,14:55,0,155,,,google-flights,ok,
2026-09-28 17:11:05+0700,SUB-KUL,SUB,KUL,2026-11-12,2026-11-19,economy,2219534,IDR,Indonesia AirAsia,17:40,21:15,0,155,,,google-flights,ok,
2026-09-28 17:11:05+0700,SUB-KUL,SUB,KUL,2026-11-20,2026-11-27,economy,3259519,IDR,Malaysia Airlines,15:50,19:30,0,160,,,google-flights,ok,
2026-09-28 17:11:05+0700,SUB-KUL,SUB,KUL,2026-11-28,2026-12-05,economy,2627325,IDR,Indonesia AirAsia,05:00,08:35,0,155,,,google-flights,ok,
2026-09-28 17:11:05+0700,SUB-KUL,SUB,KUL,2026-12-06,2026-12-13,economy,3288559,IDR,Indonesia AirAsia,16:45,20:25,0,160,,,google-flights,ok,
2026-09-28 17:11:05+0700,SUB-KUL,SUB,KUL,2026-12-14,2026-12-21,economy,4582691,IDR,Malaysia Airlines,10:00,13:40,0,160,,,google-flights,ok,
2026-09-28 17:11:05+0700,SUB-KUL,SUB,KUL,2026-12-22,2026-12-29,economy,4188234,IDR,Indonesia AirAsia,05:00,08:35,0,155,,,google-flights,ok,
2026-09-28 17:11:05+0700,SUB-KUL,SUB,KUL,2026-12-30,2027-01-06,economy,3808234,IDR,Indonesia AirAsia,05:00,08:35,0,155,,,google-flights,ok,
2026-09-28 17:11:05+0700,SUB-KUL,SUB,KUL,2027-01-07,2027-01-14,economy,3808234,IDR,Indonesia AirAsia,05:00,08:35,0,155,,,google-flights,ok,
2026-09-28 17:11:05+0700,SUB-KUL,SUB,KUL,2027-01-15,2027-01-22,economy,3058112,IDR,Indonesia AirAsia,05:00,08:35,0,155,,,google-flights,ok,
2026-09-28 17:11:05+0700,SUB-KUL,SUB,KUL,2027-01-23,2027-01-30,economy,3058112,IDR,Indonesia AirAsia,05:00,08:35,0,155,,,google-flights,ok,
2026-09-28 17:11:05+0700,SUB-KUL,SUB,KUL,2027-01-31,2027-02-07,economy,3288559,IDR,Indonesia AirAsia,05:00,08:35,0,155,,,google-flights,ok,
2026-09-28 17:11:05+0700,SUB-SIN,SUB,SIN,2026-10-05,2026-10-12,economy,5774560,IDR,Batik Air,10:10,20:30,1,195,,,google-flights,ok,
2026-09-28 17:11:05+0700,SUB-SIN,SUB,SIN,2026-10-13,2026-10-20,economy,4695977,IDR,Indonesia AirAsia/AirAsia,07:05,13:00,1,225,,,google-flights,ok,
2026-09-28 17:11:05+0700,SUB-SIN,SUB,SIN,2026-10-21,2026-10-28,economy,4515671,IDR,Indonesia AirAsia/AirAsia,07:05,13:00,1,225,,,google-flights,ok,
2026-09-28 17:11:05+0700,SUB-SIN,SUB,SIN,2026-10-29,2026-11-05,economy,4576874,IDR,Indonesia AirAsia/AirAsia,13:25,19:40,1,240,,,google-flights,ok,
2026-09-28 17:11:05+0700,SUB-SIN,SUB,SIN,2026-11-06,2026-11-13,economy,4512421,IDR,Indonesia AirAsia/AirAsia,13:25,19:40,1,240,,,google-flights,ok,
2026-09-28 17:11:05+0700,SUB-SIN,SUB,SIN,2026-11-14,2026-11-21,economy,4349374,IDR,Indonesia AirAsia/AirAsia,13:25,19:40,1,240,,,google-flights,ok,
2026-09-28 17:11:05+0700,SUB-SIN,SUB,SIN,2026-11-22,2026-11-29,economy,5227491,IDR,Malaysia Airlines,18:05,00:30,1,230,,,google-flights,ok,
2026-09-28 17:11:05+0700,SUB-SIN,SUB,SIN,2026-11-30,2026-12-07,economy,4261184,IDR,"Pelita Air Service, Pt",18:25,10:45,1,205,,,google-flights,ok,
2026-09-28 17:11:05+0700,SUB-SIN,SUB,SIN,2026-12-08,2026-12-15,economy,5227491,IDR,Malaysia Airlines,18:05,00:30,1,230,,,google-flights,ok,
2026-09-28 17:11:05+0700,SUB-SIN,SUB,SIN,2026-12-16,2026-12-23,economy,6289553,IDR,Garuda Indonesia,16:00,16:45,1,225,,,google-flights,ok,
2026-09-28 17:11:05+0700,SUB-SIN,SUB,SIN,2026-12-24,2026-12-31,economy,6156491,IDR,Malaysia Airlines,10:00,16:40,1,235,,,google-flights,ok,
2026-09-28 17:11:05+0700,SUB-SIN,SUB,SIN,2027-01-01,2027-01-08,economy,6156491,IDR,Malaysia Airlines,10:00,16:40,1,235,,,google-flights,ok,
2026-09-28 17:11:05+0700,SUB-SIN,SUB,SIN,2027-01-09,2027-01-16,economy,6281080,IDR,Garuda Indonesia,11:10,18:25,1,205,,,google-flights,ok,
2026-09-28 17:11:05+0700,SUB-SIN,SUB,SIN,2027-01-17,2027-01-24,economy,,IDR,,,,,,,,,error,IndexError: list index out of range
2026-09-28 17:11:05+0700,SUB-SIN,SUB,SIN,2027-01-25,2027-02-01,economy,,IDR,,,,,,,,,error,IndexError: list index out of range
2026-09-28 20:10:44+0700,DPS-MEL,DPS,MEL,2026-10-05,2026-10-19,economy,,IDR,,,,,,,,,error,IndexError: list index out of range
2026-09-28 20:10:44+0700,DPS-MEL,DPS,MEL,2026-10-13,2026-10-27,economy,,IDR,,,,,,,,,error,FlightsNotFound: no flights found; received error
2026-09-28 20:10:44+0700,DPS-MEL,DPS,MEL,2026-10-21,2026-11-04,economy,,IDR,,,,,,,,,error,FlightsNotFound: no flights found; received error
2026-09-28 20:10:44+0700,DPS-MEL,DPS,MEL,2026-10-29,2026-11-12,economy,,IDR,,,,,,,,,error,FlightsNotFound: no flights found; received error
2026-09-28 20:10:44+0700,DPS-MEL,DPS,MEL,2026-11-06,2026-11-20,economy,11166582,IDR,Virgin Australia,23:20,18:20,1,490,,,google-flights,ok,
2026-09-28 20:10:44+0700,DPS-MEL,DPS,MEL,2026-11-14,2026-11-28,economy,,IDR,,,,,,,,,error,FlightsNotFound: no flights found; received error
2026-09-28 20:10:44+0700,DPS-MEL,DPS,MEL,2026-11-22,2026-12-06,economy,9631782,IDR,Virgin Australia,15:50,00:30,0,340,,,google-flights,ok,
2026-09-28 20:10:44+0700,DPS-MEL,DPS,MEL,2026-11-30,2026-12-14,economy,10551612,IDR,Jetstar,14:55,23:35,0,340,,,google-flights,ok,
2026-09-28 20:10:44+0700,DPS-MEL,DPS,MEL,2026-12-08,2026-12-22,economy,13541282,IDR,Virgin Australia,22:30,12:05,1,465,,,google-flights,ok,
2026-09-28 20:10:44+0700,DPS-MEL,DPS,MEL,2026-12-16,2026-12-30,economy,10581811,IDR,Jetstar,11:30,20:10,0,340,,,google-flights,ok,
2026-09-28 20:10:44+0700,DPS-MEL,DPS,MEL,2026-12-24,2027-01-07,economy,8342106,IDR,Virgin Australia,22:00,06:40,0,340,,,google-flights,ok,
2026-09-28 20:10:44+0700,DPS-MEL,DPS,MEL,2027-01-01,2027-01-15,economy,11248126,IDR,Jetstar,14:55,23:35,0,340,,,google-flights,ok,
2026-09-28 20:10:44+0700,DPS-MEL,DPS,MEL,2027-01-09,2027-01-23,economy,12163811,IDR,Jetstar,14:55,23:35,0,340,,,google-flights,ok,
2026-09-28 20:10:44+0700,DPS-MEL,DPS,MEL,2027-01-17,2027-01-31,economy,,IDR,,,,,,,,,error,FlightsNotFound: no flights found; received error
2026-09-28 20:10:44+0700,DPS-MEL,DPS,MEL,2027-01-25,2027-02-08,economy,10179388,IDR,Jetstar,11:30,20:10,0,340,,,google-flights,ok,
2026-09-28 20:10:44+0700,SUB-TPE,SUB,TPE,2026-09-29,2026-10-13,economy,12477835,IDR,Scoot,19:50,05:45,1,430,,,google-flights,ok,
2026-09-28 20:10:44+0700,SUB-TPE,SUB,TPE,2026-10-07,2026-10-21,economy,,IDR,,,,,,,,,error,FlightsNotFound: no flights found; received error
2026-09-28 20:10:44+0700,SUB-TPE,SUB,TPE,2026-10-15,2026-10-29,economy,5852474,IDR,Scoot,10:35,17:10,1,430,,,google-flights,ok,
2026-09-28 20:10:44+0700,SUB-TPE,SUB,TPE,2026-10-23,2026-11-06,economy,,IDR,,,,,,,,,error,FlightsNotFound: no flights found; received error
2026-09-28 20:10:44+0700,SUB-TPE,SUB,TPE,2026-10-31,2026-11-14,economy,,IDR,,,,,,,,,error,FlightsNotFound: no flights found; received error
2026-09-28 20:10:44+0700,SUB-TPE,SUB,TPE,2026-11-08,2026-11-22,economy,5580193,IDR,Scoot,19:30,05:35,1,425,,,google-flights,ok,
2026-09-28 20:10:44+0700,SUB-TPE,SUB,TPE,2026-11-16,2026-11-30,economy,9878414,IDR,Scoot,09:50,05:35,1,425,,,google-flights,ok,
2026-09-28 20:10:44+0700,SUB-TPE,SUB,TPE,2026-11-24,2026-12-08,economy,7842183,IDR,Scoot,09:50,05:35,1,425,,,google-flights,ok,
2026-09-28 20:10:44+0700,SUB-TPE,SUB,TPE,2026-12-02,2026-12-16,economy,8479791,IDR,Scoot,19:30,05:35,1,425,,,google-flights,ok,
2026-09-28 20:10:44+0700,SUB-TPE,SUB,TPE,2026-12-10,2026-12-24,economy,12161461,IDR,Scoot,09:50,05:35,1,425,,,google-flights,ok,
2026-09-28 20:10:44+0700,SUB-TPE,SUB,TPE,2026-12-18,2027-01-01,economy,13202612,IDR,Scoot,19:30,05:35,1,425,,,google-flights,ok,
2026-09-28 20:10:44+0700,SUB-TPE,SUB,TPE,2026-12-26,2027-01-09,economy,12863240,IDR,Scoot,19:30,05:35,1,425,,,google-flights,ok,
2026-09-28 20:10:44+0700,SUB-TPE,SUB,TPE,2027-01-03,2027-01-17,economy,5035141,IDR,Scoot,19:30,11:00,1,435,,,google-flights,ok,
2026-09-28 20:10:44+0700,SUB-TPE,SUB,TPE,2027-01-11,2027-01-25,economy,,IDR,,,,,,,,,error,FlightsNotFound: no flights found; received error
2026-09-28 20:10:44+0700,SUB-TPE,SUB,TPE,2027-01-19,2027-02-02,economy,6685478,IDR,Scoot,09:50,05:35,1,425,,,google-flights,ok,
2026-09-28 20:10:44+0700,SUB-TPE,SUB,TPE,2027-01-27,2027-02-10,economy,6479798,IDR,Scoot,19:30,05:35,1,425,,,google-flights,ok,
2026-09-28 20:10:44+0700,SUB-TPE,SUB,TPE,2027-02-04,2027-02-18,economy,,IDR,,,,,,,,,error,FlightsNotFound: no flights found; received error
2026-09-28 20:10:44+0700,SUB-TPE,SUB,TPE,2027-02-12,2027-02-26,economy,12565004,IDR,Scoot,19:30,05:35,1,425,,,google-flights,ok,
2026-09-28 20:10:44+0700,SUB-TPE,SUB,TPE,2027-02-20,2027-03-06,economy,5240821,IDR,Scoot,09:50,13:10,1,425,,,google-flights,ok,
2026-09-28 20:10:44+0700,SUB-TPE,SUB,TPE,2027-02-28,2027-03-14,economy,10516022,IDR,Scoot,19:30,05:35,1,425,,,google-flights,ok,
2026-09-28 20:10:44+0700,SUB-TPE,SUB,TPE,2027-03-08,2027-03-22,economy,,IDR,,,,,,,,,error,FlightsNotFound: no flights found; received error
2026-09-28 20:10:44+0700,SUB-TPE,SUB,TPE,2027-03-16,2027-03-30,economy,5240821,IDR,Scoot,09:50,13:10,1,425,,,google-flights,ok,
2026-09-28 20:10:44+0700,SUB-TPE,SUB,TPE,2027-03-24,2027-04-07,economy,,IDR,,,,,,,,,error,FlightsNotFound: no flights found; received error
2026-09-28 20:10:44+0700,SUB-TPE,SUB,TPE,2027-04-01,2027-04-15,economy,7301029,IDR,Scoot,08:35,14:15,1,430,,,google-flights,ok,
2026-09-28 20:10:44+0700,SUB-TPE,SUB,TPE,2027-04-09,2027-04-23,economy,5938644,IDR,Scoot,19:50,11:45,1,430,,,google-flights,ok,
2026-09-28 20:10:44+0700,SUB-TPE,SUB,TPE,2027-04-17,2027-05-01,economy,5326991,IDR,Scoot,19:50,17:10,1,430,,,google-flights,ok,
2026-09-28 20:10:44+0700,SUB-TPE,SUB,TPE,2027-04-25,2027-05-09,economy,,IDR,,,,,,,,,error,FlightsNotFound: no flights found; received error
2026-09-28 20:10:44+0700,SUB-TPE,SUB,TPE,2027-05-03,2027-05-17,economy,7301029,IDR,Scoot,10:35,11:45,1,430,,,google-flights,ok,
2026-09-28 20:10:44+0700,SUB-TPE,SUB,TPE,2027-05-11,2027-05-25,economy,,IDR,,,,,,,,,error,FlightsNotFound: no flights found; received error
2026-09-28 20:10:44+0700,SUB-TPE,SUB,TPE,2027-05-19,2027-06-02,economy,4781939,IDR,Scoot,19:50,17:10,1,430,,,google-flights,ok,
2026-09-28 20:10:44+0700,SUB-TPE,SUB,TPE,2027-05-27,2027-06-10,economy,,IDR,,,,,,,,,error,FlightsNotFound: no flights found; received error
2026-09-28 20:10:44+0700,SUB-TPE,SUB,TPE,2027-06-04,2027-06-18,economy,5121311,IDR,Scoot,19:50,05:45,1,430,,,google-flights,ok,
2026-09-28 20:10:44+0700,SUB-TPE,SUB,TPE,2027-06-12,2027-06-26,economy,5666363,IDR,Scoot,19:50,17:10,1,430,,,google-flights,ok,
2026-09-28 20:10:44+0700,SUB-TPE,SUB,TPE,2027-06-20,2027-07-04,economy,5326991,IDR,Scoot,19:50,17:10,1,430,,,google-flights,ok,
2026-09-28 20:10:44+0700,SUB-TPE,SUB,TPE,2027-06-28,2027-07-12,economy,,IDR,,,,,,,,,error,FlightsNotFound: no flights found; received error
2026-09-28 20:10:44+0700,SUB-KUL,SUB,KUL,2026-10-04,2026-10-11,economy,4395880,IDR,Batik Air,05:05,13:10,1,220,,,google-flights,ok,
2026-09-28 20:10:44+0700,SUB-KUL,SUB,KUL,2026-10-12,2026-10-19,economy,4463540,IDR,Lion,09:05,15:15,1,250,,,google-flights,ok,
2026-09-28 20:10:44+0700,SUB-KUL,SUB,KUL,2026-10-20,2026-10-27,economy,2724282,IDR,Indonesia AirAsia,17:45,21:25,0,160,,,google-flights,ok,
2026-09-28 20:10:44+0700,SUB-KUL,SUB,KUL,2026-10-28,2026-11-04,economy,2562214,IDR,Indonesia AirAsia,10:20,13:55,0,155,,,google-flights,ok,
2026-09-28 20:10:44+0700,SUB-KUL,SUB,KUL,2026-11-05,2026-11-12,economy,3464914,IDR,Malaysia Airlines,10:00,13:40,0,160,,,google-flights,ok,
2026-09-28 20:10:44+0700,SUB-KUL,SUB,KUL,2026-11-13,2026-11-20,economy,2184003,IDR,Indonesia AirAsia,16:45,20:25,0,160,,,google-flights,ok,
2026-09-28 20:10:44+0700,SUB-KUL,SUB,KUL,2026-11-21,2026-11-28,economy,3192700,IDR,Malaysia Airlines,10:00,13:40,0,160,,,google-flights,ok,
2026-09-28 20:10:44+0700,SUB-KUL,SUB,KUL,2026-11-29,2026-12-06,economy,3288559,IDR,Indonesia AirAsia,16:45,20:25,0,160,,,google-flights,ok,
2026-09-28 20:10:44+0700,SUB-KUL,SUB,KUL,2026-12-07,2026-12-14,economy,3068245,IDR,Indonesia AirAsia,04:00,07:35,0,155,,,google-flights,ok,
2026-09-28 20:10:44+0700,SUB-KUL,SUB,KUL,2026-12-15,2026-12-22,economy,4610204,IDR,Malaysia Airlines,10:00,13:40,0,160,,,google-flights,ok,
2026-09-28 20:10:44+0700,SUB-KUL,SUB,KUL,2026-12-23,2026-12-30,economy,4188234,IDR,Indonesia AirAsia,04:00,07:35,0,155,,,google-flights,ok,
2026-09-28 20:10:44+0700,SUB-KUL,SUB,KUL,2026-12-31,2027-01-07,economy,3808234,IDR,Indonesia AirAsia,04:00,07:35,0,155,,,google-flights,ok,
2026-09-28 20:10:44+0700,SUB-KUL,SUB,KUL,2027-01-08,2027-01-15,economy,3808234,IDR,Indonesia AirAsia,04:00,07:35,0,155,,,google-flights,ok,
2026-09-28 20:10:44+0700,SUB-KUL,SUB,KUL,2027-01-16,2027-01-23,economy,3068245,IDR,Indonesia AirAsia,04:00,07:35,0,155,,,google-flights,ok,
2026-09-28 20:10:44+0700,SUB-KUL,SUB,KUL,2027-01-24,2027-01-31,economy,,IDR,,,,,,,,,error,FlightsNotFound: no flights found; received error
2026-09-28 20:10:44+0700,SUB-KUL,SUB,KUL,2027-02-01,2027-02-08,economy,3288559,IDR,Indonesia AirAsia,04:00,07:35,0,155,,,google-flights,ok,
2026-09-28 20:10:44+0700,SUB-SIN,SUB,SIN,2026-10-06,2026-10-13,economy,,IDR,,,,,,,,,error,FlightsNotFound: no flights found; received error
2026-09-28 20:10:44+0700,SUB-SIN,SUB,SIN,2026-10-14,2026-10-21,economy,,IDR,,,,,,,,,error,FlightsNotFound: no flights found; received error
2026-09-28 20:10:44+0700,SUB-SIN,SUB,SIN,2026-10-22,2026-10-29,economy,4282730,IDR,Indonesia AirAsia/AirAsia,05:05,11:35,1,230,,,google-flights,ok,
2026-09-28 20:10:44+0700,SUB-SIN,SUB,SIN,2026-10-30,2026-11-06,economy,5073773,IDR,Indonesia AirAsia/AirAsia,13:25,19:40,1,240,,,google-flights,ok,
2026-09-28 20:10:44+0700,SUB-SIN,SUB,SIN,2026-11-07,2026-11-14,economy,4480248,IDR,Indonesia AirAsia/AirAsia,10:20,18:00,1,235,,,google-flights,ok,
2026-09-28 20:10:44+0700,SUB-SIN,SUB,SIN,2026-11-15,2026-11-22,economy,,IDR,,,,,,,,,error,FlightsNotFound: no flights found; received error
2026-09-28 20:10:44+0700,SUB-SIN,SUB,SIN,2026-11-23,2026-11-30,economy,4738927,IDR,Indonesia AirAsia/AirAsia,04:00,10:20,1,230,,,google-flights,ok,
2026-09-28 20:10:44+0700,SUB-SIN,SUB,SIN,2026-12-01,2026-12-08,economy,5227491,IDR,Malaysia Airlines,10:00,16:40,1,235,,,google-flights,ok,
2026-09-28 20:10:44+0700,SUB-SIN,SUB,SIN,2026-12-09,2026-12-16,economy,,IDR,,,,,,,,,error,FlightsNotFound: no flights found; received error
2026-09-28 20:10:44+0700,SUB-SIN,SUB,SIN,2026-12-17,2026-12-24,economy,,IDR,,,,,,,,,error,IndexError: list index out of range
2026-09-28 20:10:44+0700,SUB-SIN,SUB,SIN,2026-12-25,2027-01-01,economy,6156491,IDR,Malaysia Airlines,18:05,00:30,1,230,,,google-flights,ok,
2026-09-28 20:10:44+0700,SUB-SIN,SUB,SIN,2027-01-02,2027-01-09,economy,6156491,IDR,Malaysia Airlines,10:00,16:40,1,235,,,google-flights,ok,
2026-09-28 20:10:44+0700,SUB-SIN,SUB,SIN,2027-01-10,2027-01-17,economy,,IDR,,,,,,,,,error,IndexError: list index out of range
2026-09-28 20:10:44+0700,SUB-SIN,SUB,SIN,2027-01-18,2027-01-25,economy,,IDR,,,,,,,,,error,FlightsNotFound: no flights found; received error
2026-09-28 20:10:44+0700,SUB-SIN,SUB,SIN,2027-01-26,2027-02-02,economy,,IDR,,,,,,,,,error,FlightsNotFound: no flights found; received error
2026-09-28 23:11:16+0700,DPS-MEL,DPS,MEL,2026-10-06,2026-10-20,economy,,IDR,,,,,,,,,error,IndexError: list index out of range
2026-09-28 23:11:16+0700,DPS-MEL,DPS,MEL,2026-10-14,2026-10-28,economy,,IDR,,,,,,,,,error,IndexError: list index out of range
2026-09-28 23:11:16+0700,DPS-MEL,DPS,MEL,2026-10-22,2026-11-05,economy,,IDR,,,,,,,,,error,IndexError: list index out of range
2026-09-28 23:11:16+0700,DPS-MEL,DPS,MEL,2026-10-30,2026-11-13,economy,11197760,IDR,Scoot,20:00,21:20,1,605,,,google-flights,ok,
2026-09-28 23:11:16+0700,DPS-MEL,DPS,MEL,2026-11-07,2026-11-21,economy,11750871,IDR,Jetstar,07:00,00:20,1,420,,,google-flights,ok,
2026-09-28 23:11:16+0700,DPS-MEL,DPS,MEL,2026-11-15,2026-11-29,economy,9649783,IDR,Jetstar,11:30,20:10,0,340,,,google-flights,ok,
2026-09-28 23:11:16+0700,DPS-MEL,DPS,MEL,2026-11-23,2026-12-07,economy,10068811,IDR,Jetstar,14:55,23:35,0,340,,,google-flights,ok,
2026-09-28 23:11:16+0700,DPS-MEL,DPS,MEL,2026-12-01,2026-12-15,economy,10432811,IDR,Jetstar,20:20,04:55,0,335,,,google-flights,ok,
2026-09-28 23:11:16+0700,DPS-MEL,DPS,MEL,2026-12-09,2026-12-23,economy,11535782,IDR,Virgin Australia,23:20,16:50,2,530,,,google-flights,ok,
2026-09-28 23:11:16+0700,DPS-MEL,DPS,MEL,2026-12-17,2026-12-31,economy,8525859,IDR,Jetstar,14:55,23:35,0,340,,,google-flights,ok,
2026-09-28 23:11:16+0700,DPS-MEL,DPS,MEL,2026-12-25,2027-01-08,economy,7960681,IDR,Virgin Australia,15:50,00:30,0,340,,,google-flights,ok,
2026-09-28 23:11:16+0700,DPS-MEL,DPS,MEL,2027-01-02,2027-01-16,economy,11806872,IDR,Scoot,20:00,21:20,1,605,,,google-flights,ok,
2026-09-28 23:11:16+0700,DPS-MEL,DPS,MEL,2027-01-10,2027-01-24,economy,13350323,IDR,Jetstar,11:30,20:10,0,340,,,google-flights,ok,
2026-09-28 23:11:16+0700,DPS-MEL,DPS,MEL,2027-01-18,2027-02-01,economy,10199811,IDR,Jetstar,14:55,23:35,0,340,,,google-flights,ok,
2026-09-28 23:11:16+0700,DPS-MEL,DPS,MEL,2027-01-26,2027-02-09,economy,8560417,IDR,Virgin Australia,22:00,06:40,0,340,,,google-flights,ok,
2026-09-28 23:11:16+0700,SUB-TPE,SUB,TPE,2026-09-30,2026-10-14,economy,8762845,IDR,Scoot,10:35,14:15,1,430,,,google-flights,ok,
2026-09-28 23:11:16+0700,SUB-TPE,SUB,TPE,2026-10-08,2026-10-22,economy,7214859,IDR,Scoot,10:35,05:45,1,430,,,google-flights,ok,
2026-09-28 23:11:16+0700,SUB-TPE,SUB,TPE,2026-10-16,2026-10-30,economy,4901449,IDR,Scoot,19:50,17:10,1,430,,,google-flights,ok,
2026-09-28 23:11:16+0700,SUB-TPE,SUB,TPE,2026-10-24,2026-11-07,economy,4695769,IDR,Scoot,19:50,11:00,1,425,,,google-flights,ok,
2026-09-28 23:11:16+0700,SUB-TPE,SUB,TPE,2026-11-01,2026-11-15,economy,5240821,IDR,Scoot,19:30,05:35,1,425,,,google-flights,ok,
2026-09-28 23:11:16+0700,SUB-TPE,SUB,TPE,2026-11-09,2026-11-23,economy,,IDR,,,,,,,,,error,TypeError: 'NoneType' object is not subscriptable
2026-09-28 23:11:16+0700,SUB-TPE,SUB,TPE,2026-11-17,2026-12-01,economy,6397526,IDR,Scoot,19:30,05:35,1,425,,,google-flights,ok,
2026-09-28 23:11:16+0700,SUB-TPE,SUB,TPE,2026-11-25,2026-12-09,economy,5580193,IDR,Scoot,19:30,05:35,1,425,,,google-flights,ok,
2026-09-28 23:11:16+0700,SUB-TPE,SUB,TPE,2026-12-03,2026-12-17,economy,11390162,IDR,Scoot,09:50,05:35,1,425,,,google-flights,ok,
2026-09-28 23:11:16+0700,SUB-TPE,SUB,TPE,2026-12-11,2026-12-25,economy,13202612,IDR,Scoot,19:30,05:35,1,425,,,google-flights,ok,
2026-09-28 23:11:16+0700,SUB-TPE,SUB,TPE,2026-12-19,2027-01-02,economy,16660501,IDR,Scoot,19:30,05:35,1,425,,,google-flights,ok,
2026-09-28 23:11:16+0700,SUB-TPE,SUB,TPE,2026-12-27,2027-01-10,economy,10125230,IDR,Scoot,19:30,11:00,1,435,,,google-flights,ok,
2026-09-28 23:11:16+0700,SUB-TPE,SUB,TPE,2027-01-04,2027-01-18,economy,6058154,IDR,Scoot,09:50,13:15,1,430,,,google-flights,ok,
2026-09-28 23:11:16+0700,SUB-TPE,SUB,TPE,2027-01-12,2027-01-26,economy,5035141,IDR,Scoot,19:30,05:35,1,425,,,google-flights,ok,
2026-09-28 23:11:16+0700,SUB-TPE,SUB,TPE,2027-01-20,2027-02-03,economy,7888705,IDR,Scoot,19:30,05:35,1,425,,,google-flights,ok,
2026-09-28 23:11:16+0700,SUB-TPE,SUB,TPE,2027-01-28,2027-02-11,economy,6058154,IDR,Scoot,09:50,11:00,1,435,,,google-flights,ok,
2026-09-28 23:11:16+0700,SUB-TPE,SUB,TPE,2027-02-05,2027-02-19,economy,8479791,IDR,Scoot,19:30,05:35,1,425,,,google-flights,ok,
2026-09-28 23:11:16+0700,SUB-TPE,SUB,TPE,2027-02-13,2027-02-27,economy,12565004,IDR,Scoot,19:30,05:35,1,425,,,google-flights,ok,
2026-09-28 23:11:16+0700,SUB-TPE,SUB,TPE,2027-02-21,2027-03-07,economy,5035141,IDR,Scoot,19:30,11:00,1,435,,,google-flights,ok,
2026-09-28 23:11:16+0700,SUB-TPE,SUB,TPE,2027-03-01,2027-03-15,economy,9878414,IDR,Scoot,09:50,05:35,1,425,,,google-flights,ok,
2026-09-28 23:11:16+0700,SUB-TPE,SUB,TPE,2027-03-09,2027-03-23,economy,8433757,IDR,Scoot,19:30,11:00,1,435,,,google-flights,ok,
2026-09-28 23:11:16+0700,SUB-TPE,SUB,TPE,2027-03-17,2027-03-31,economy,5852474,IDR,Scoot,19:30,13:10,1,425,,,google-flights,ok,
2026-09-28 23:11:16+0700,SUB-TPE,SUB,TPE,2027-03-25,2027-04-08,economy,7257944,IDR,Scoot,09:50,13:10,1,425,,,google-flights,ok,
2026-09-28 23:11:16+0700,SUB-TPE,SUB,TPE,2027-04-02,2027-04-16,economy,6144324,IDR,Scoot,19:50,17:10,1,430,,,google-flights,ok,
2026-09-28 23:11:16+0700,SUB-TPE,SUB,TPE,2027-04-10,2027-04-24,economy,6144324,IDR,Scoot,19:50,17:10,1,430,,,google-flights,ok,
2026-09-28 23:11:16+0700,SUB-TPE,SUB,TPE,2027-04-18,2027-05-02,economy,5666363,IDR,Scoot,19:50,05:45,1,430,,,google-flights,ok,
2026-09-28 23:11:16+0700,SUB-TPE,SUB,TPE,2027-04-26,2027-05-10,economy,4987619,IDR,Scoot,10:35,17:10,1,430,,,google-flights,ok,
2026-09-28 23:11:16+0700,SUB-TPE,SUB,TPE,2027-05-04,2027-05-18,economy,4576259,IDR,Scoot,19:50,17:10,1,430,,,google-flights,ok,
2026-09-28 23:11:16+0700,SUB-TPE,SUB,TPE,2027-05-12,2027-05-26,economy,4576259,IDR,Scoot,19:50,17:10,1,430,,,google-flights,ok,
2026-09-28 23:11:16+0700,SUB-TPE,SUB,TPE,2027-05-20,2027-06-03,economy,6483696,IDR,Scoot,08:35,05:45,1,430,,,google-flights,ok,
2026-09-28 23:11:16+0700,SUB-TPE,SUB,TPE,2027-05-28,2027-06-11,economy,5121311,IDR,Scoot,19:50,11:45,1,430,,,google-flights,ok,
2026-09-28 23:11:16+0700,SUB-TPE,SUB,TPE,2027-06-05,2027-06-19,economy,5326991,IDR,Scoot,19:50,17:10,1,430,,,google-flights,ok,
2026-09-28 23:11:16+0700,SUB-TPE,SUB,TPE,2027-06-13,2027-06-27,economy,5666363,IDR,Scoot,19:50,05:45,1,430,,,google-flights,ok,
2026-09-28 23:11:16+0700,SUB-TPE,SUB,TPE,2027-06-21,2027-07-05,economy,6144324,IDR,Scoot,10:35,17:10,1,430,,,google-flights,ok,
2026-09-28 23:11:16+0700,SUB-TPE,SUB,TPE,2027-06-29,2027-07-13,economy,4576259,IDR,Scoot,19:50,17:10,1,430,,,google-flights,ok,
2026-09-28 23:11:16+0700,SUB-KUL,SUB,KUL,2026-10-05,2026-10-12,economy,4012880,IDR,Batik Air,05:05,13:10,1,220,,,google-flights,ok,
2026-09-28 23:11:16+0700,SUB-KUL,SUB,KUL,2026-10-13,2026-10-20,economy,,IDR,,,,,,,,,error,IndexError: list index out of range
2026-09-28 23:11:16+0700,SUB-KUL,SUB,KUL,2026-10-21,2026-10-28,economy,,IDR,,,,,,,,,error,IndexError: list index out of range
2026-09-28 23:11:16+0700,SUB-KUL,SUB,KUL,2026-10-29,2026-11-05,economy,2724282,IDR,Indonesia AirAsia,04:00,07:35,0,155,,,google-flights,ok,
2026-09-28 23:11:16+0700,SUB-KUL,SUB,KUL,2026-11-06,2026-11-13,economy,3346103,IDR,Malaysia Airlines,10:00,13:40,0,160,,,google-flights,ok,
2026-09-28 23:11:16+0700,SUB-KUL,SUB,KUL,2026-11-14,2026-11-21,economy,2184003,IDR,Indonesia AirAsia,16:45,20:25,0,160,,,google-flights,ok,
2026-09-28 23:11:16+0700,SUB-KUL,SUB,KUL,2026-11-22,2026-11-29,economy,2396934,IDR,Indonesia AirAsia,10:20,13:55,0,155,,,google-flights,ok,
2026-09-28 23:11:16+0700,SUB-KUL,SUB,KUL,2026-11-30,2026-12-07,economy,4249344,IDR,Malaysia Airlines,18:05,21:45,0,160,,,google-flights,ok,
2026-09-28 23:11:16+0700,SUB-KUL,SUB,KUL,2026-12-08,2026-12-15,economy,3288559,IDR,Indonesia AirAsia,16:45,20:25,0,160,,,google-flights,ok,
2026-09-28 23:11:16+0700,SUB-KUL,SUB,KUL,2026-12-16,2026-12-23,economy,4794089,IDR,Malaysia Airlines,10:00,13:40,0,160,,,google-flights,ok,
2026-09-28 23:11:16+0700,SUB-KUL,SUB,KUL,2026-12-24,2026-12-31,economy,5721089,IDR,Malaysia Airlines,15:50,19:30,0,160,,,google-flights,ok,
2026-09-28 23:11:16+0700,SUB-KUL,SUB,KUL,2027-01-01,2027-01-08,economy,3808234,IDR,Indonesia AirAsia,04:00,07:35,0,155,,,google-flights,ok,
2026-09-28 23:11:16+0700,SUB-KUL,SUB,KUL,2027-01-09,2027-01-16,economy,3587920,IDR,Indonesia AirAsia,04:00,07:35,0,155,,,google-flights,ok,
2026-09-28 23:11:16+0700,SUB-KUL,SUB,KUL,2027-01-17,2027-01-24,economy,4050392,IDR,Malaysia Airlines,15:50,19:30,0,160,,,google-flights,ok,
2026-09-28 23:11:16+0700,SUB-KUL,SUB,KUL,2027-01-25,2027-02-01,economy,3288559,IDR,Indonesia AirAsia,04:00,07:35,0,155,,,google-flights,ok,
2026-09-28 23:11:16+0700,SUB-SIN,SUB,SIN,2026-09-29,2026-10-06,economy,5805745,IDR,Citilink Indonesia,11:25,20:00,1,205,,,google-flights,ok,
2026-09-28 23:11:16+0700,SUB-SIN,SUB,SIN,2026-10-07,2026-10-14,economy,4204362,IDR,Lion/Batik Air,07:40,15:15,1,195,,,google-flights,ok,
2026-09-28 23:11:16+0700,SUB-SIN,SUB,SIN,2026-10-15,2026-10-22,economy,4470642,IDR,Indonesia AirAsia/AirAsia,05:05,11:35,1,230,,,google-flights,ok,
2026-09-28 23:11:16+0700,SUB-SIN,SUB,SIN,2026-10-23,2026-10-30,economy,4466413,IDR,Indonesia AirAsia/AirAsia,05:05,11:35,1,230,,,google-flights,ok,
2026-09-28 23:11:16+0700,SUB-SIN,SUB,SIN,2026-10-31,2026-11-07,economy,4573954,IDR,Indonesia AirAsia/AirAsia,13:25,20:55,1,240,,,google-flights,ok,
2026-09-28 23:11:16+0700,SUB-SIN,SUB,SIN,2026-11-08,2026-11-15,economy,4549110,IDR,Indonesia AirAsia/AirAsia,04:00,10:20,1,230,,,google-flights,ok,
2026-09-28 23:11:16+0700,SUB-SIN,SUB,SIN,2026-11-16,2026-11-23,economy,4487719,IDR,Indonesia AirAsia/AirAsia,04:00,11:35,1,230,,,google-flights,ok,
2026-09-28 23:11:16+0700,SUB-SIN,SUB,SIN,2026-11-24,2026-12-01,economy,4964031,IDR,Indonesia AirAsia/AirAsia,11:20,18:00,1,235,,,google-flights,ok,
2026-09-28 23:11:16+0700,SUB-SIN,SUB,SIN,2026-12-02,2026-12-09,economy,5418105,IDR,Indonesia AirAsia/AirAsia,04:00,10:20,1,230,,,google-flights,ok,
2026-09-28 23:11:16+0700,SUB-SIN,SUB,SIN,2026-12-10,2026-12-17,economy,5585491,IDR,Malaysia Airlines,10:00,16:40,1,235,,,google-flights,ok,
2026-09-28 23:11:16+0700,SUB-SIN,SUB,SIN,2026-12-18,2026-12-25,economy,6289553,IDR,Garuda Indonesia,16:00,16:45,1,225,,,google-flights,ok,
2026-09-28 23:11:16+0700,SUB-SIN,SUB,SIN,2026-12-26,2027-01-02,economy,6820553,IDR,Garuda Indonesia,09:20,16:45,1,225,,,google-flights,ok,
2026-09-28 23:11:16+0700,SUB-SIN,SUB,SIN,2027-01-03,2027-01-10,economy,5985991,IDR,Malaysia Airlines,15:50,09:05,1,235,,,google-flights,ok,
2026-09-28 23:11:16+0700,SUB-SIN,SUB,SIN,2027-01-11,2027-01-18,economy,,IDR,,,,,,,,,error,IndexError: list index out of range
2026-09-28 23:11:16+0700,SUB-SIN,SUB,SIN,2027-01-19,2027-01-26,economy,5361042,IDR,Indonesia AirAsia/AirAsia,05:00,11:35,1,230,,,google-flights,ok,
2026-09-28 23:11:16+0700,SUB-SIN,SUB,SIN,2027-01-27,2027-02-03,economy,,IDR,,,,,,,,,error,IndexError: list index out of range
2026-09-29 02:09:43+0700,DPS-MEL,DPS,MEL,2026-09-30,2026-10-14,economy,,IDR,,,,,,,,,error,IndexError: list index out of range
2026-09-29 02:09:43+0700,DPS-MEL,DPS,MEL,2026-10-08,2026-10-22,economy,,IDR,,,,,,,,,error,IndexError: list index out of range
2026-09-29 02:09:43+0700,DPS-MEL,DPS,MEL,2026-10-16,2026-10-30,economy,,IDR,,,,,,,,,error,IndexError: list index out of range
2026-09-29 02:09:43+0700,DPS-MEL,DPS,MEL,2026-10-24,2026-11-07,economy,,IDR,,,,,,,,,error,IndexError: list index out of range
2026-09-29 02:09:43+0700,DPS-MEL,DPS,MEL,2026-11-01,2026-11-15,economy,11245916,IDR,Jetstar,14:55,23:35,0,340,,,google-flights,ok,
2026-09-29 02:09:43+0700,DPS-MEL,DPS,MEL,2026-11-09,2026-11-23,economy,11289282,IDR,Virgin Australia,22:30,11:05,1,465,,,google-flights,ok,
2026-09-29 02:09:43+0700,DPS-MEL,DPS,MEL,2026-11-17,2026-12-01,economy,10651682,IDR,Virgin Australia,15:00,09:25,1,495,,,google-flights,ok,
2026-09-29 02:09:43+0700,DPS-MEL,DPS,MEL,2026-11-25,2026-12-09,economy,8974849,IDR,Jetstar,14:55,23:35,0,340,,,google-flights,ok,
2026-09-29 02:09:43+0700,DPS-MEL,DPS,MEL,2026-12-03,2026-12-17,economy,12067982,IDR,Virgin Australia,22:30,15:40,2,505,,,google-flights,ok,
2026-09-29 02:09:43+0700,DPS-MEL,DPS,MEL,2026-12-11,2026-12-25,economy,12007577,IDR,Jetstar,11:30,20:10,0,340,,,google-flights,ok,
2026-09-29 02:09:43+0700,DPS-MEL,DPS,MEL,2026-12-19,2027-01-02,economy,7980811,IDR,Jetstar,11:30,20:10,0,340,,,google-flights,ok,
2026-09-29 02:09:43+0700,DPS-MEL,DPS,MEL,2026-12-27,2027-01-10,economy,7550786,IDR,Jetstar,14:55,23:35,0,340,,,google-flights,ok,
2026-09-29 02:09:43+0700,DPS-MEL,DPS,MEL,2027-01-04,2027-01-18,economy,12163811,IDR,Jetstar,14:55,23:35,0,340,,,google-flights,ok,
2026-09-29 02:09:43+0700,DPS-MEL,DPS,MEL,2027-01-12,2027-01-26,economy,10111698,IDR,Virgin Australia,22:00,06:40,0,340,,,google-flights,ok,
2026-09-29 02:09:43+0700,DPS-MEL,DPS,MEL,2027-01-20,2027-02-03,economy,9347698,IDR,Virgin Australia,15:50,00:30,0,340,,,google-flights,ok,
2026-09-29 02:09:43+0700,DPS-MEL,DPS,MEL,2027-01-28,2027-02-11,economy,7568698,IDR,Virgin Australia,15:50,00:30,0,340,,,google-flights,ok,
2026-09-29 02:09:43+0700,SUB-TPE,SUB,TPE,2026-10-03,2026-10-17,economy,7323086,IDR,Scoot,10:35,17:10,1,430,,,google-flights,ok,
2026-09-29 02:09:43+0700,SUB-TPE,SUB,TPE,2026-10-11,2026-10-25,economy,10125230,IDR,Scoot,10:35,05:45,1,430,,,google-flights,ok,
2026-09-29 02:09:43+0700,SUB-TPE,SUB,TPE,2026-10-19,2026-11-02,economy,6479798,IDR,Scoot,10:35,05:45,1,430,,,google-flights,ok,
2026-09-29 02:09:43+0700,SUB-TPE,SUB,TPE,2026-10-27,2026-11-10,economy,4490089,IDR,Scoot,19:30,17:00,1,425,,,google-flights,ok,
2026-09-29 02:09:43+0700,SUB-TPE,SUB,TPE,2026-11-04,2026-11-18,economy,7323086,IDR,Scoot,09:50,05:35,1,425,,,google-flights,ok,
2026-09-29 02:09:43+0700,SUB-TPE,SUB,TPE,2026-11-12,2026-11-26,economy,,IDR,,,,,,,,,error,TypeError: 'NoneType' object is not subscriptable
2026-09-29 02:09:43+0700,SUB-TPE,SUB,TPE,2026-11-20,2026-12-04,economy,8479791,IDR,Scoot,09:50,05:35,1,425,,,google-flights,ok,
2026-09-29 02:09:43+0700,SUB-TPE,SUB,TPE,2026-11-28,2026-12-12,economy,7024850,IDR,Scoot,19:30,05:35,1,425,,,google-flights,ok,
2026-09-29 02:09:43+0700,SUB-TPE,SUB,TPE,2026-12-06,2026-12-20,economy,13035601,IDR,Scoot,19:30,05:35,1,425,,,google-flights,ok,
2026-09-29 02:09:43+0700,SUB-TPE,SUB,TPE,2026-12-14,2026-12-28,economy,11390162,IDR,Scoot,09:50,05:35,1,425,,,google-flights,ok,
2026-09-29 02:09:43+0700,SUB-TPE,SUB,TPE,2026-12-22,2027-01-05,economy,12161461,IDR,Scoot,19:30,05:35,1,425,,,google-flights,ok,
2026-09-29 02:09:43+0700,SUB-TPE,SUB,TPE,2026-12-30,2027-01-13,economy,8479791,IDR,Scoot,19:30,05:35,1,425,,,google-flights,ok,
2026-09-29 02:09:43+0700,SUB-TPE,SUB,TPE,2027-01-07,2027-01-21,economy,6058154,IDR,Scoot,09:50,11:00,1,435,,,google-flights,ok,
2026-09-29 02:09:43+0700,SUB-TPE,SUB,TPE,2027-01-15,2027-01-29,economy,5852474,IDR,Scoot,19:30,05:35,1,425,,,google-flights,ok,
2026-09-29 02:09:43+0700,SUB-TPE,SUB,TPE,2027-01-23,2027-02-06,economy,8762845,IDR,Scoot,19:30,05:35,1,425,,,google-flights,ok,
2026-09-29 02:09:43+0700,SUB-TPE,SUB,TPE,2027-01-31,2027-02-14,economy,5035141,IDR,Scoot,19:30,11:00,1,435,,,google-flights,ok,
2026-09-29 02:09:43+0700,SUB-TPE,SUB,TPE,2027-02-08,2027-02-22,economy,10780975,IDR,Scoot,09:50,05:35,1,425,,,google-flights,ok,
2026-09-29 02:09:43+0700,SUB-TPE,SUB,TPE,2027-02-16,2027-03-02,economy,4695769,IDR,Scoot,19:30,11:00,1,435,,,google-flights,ok,
2026-09-29 02:09:43+0700,SUB-TPE,SUB,TPE,2027-02-24,2027-03-10,economy,7024850,IDR,Scoot,09:50,17:00,1,425,,,google-flights,ok,
2026-09-29 02:09:43+0700,SUB-TPE,SUB,TPE,2027-03-04,2027-03-18,economy,9878414,IDR,Scoot,09:50,05:35,1,425,,,google-flights,ok,
2026-09-29 02:09:43+0700,SUB-TPE,SUB,TPE,2027-03-12,2027-03-26,economy,9878414,IDR,Scoot,09:50,17:00,1,425,,,google-flights,ok,
2026-09-29 02:09:43+0700,SUB-TPE,SUB,TPE,2027-03-20,2027-04-03,economy,7705543,IDR,Scoot,19:30,05:35,1,425,,,google-flights,ok,
2026-09-29 02:09:43+0700,SUB-TPE,SUB,TPE,2027-03-28,2027-04-11,economy,6440611,IDR,Scoot,19:50,17:10,1,430,,,google-flights,ok,
2026-09-29 02:09:43+0700,SUB-TPE,SUB,TPE,2027-04-05,2027-04-19,economy,7928353,IDR,Scoot,10:35,14:15,1,430,,,google-flights,ok,
2026-09-29 02:09:43+0700,SUB-TPE,SUB,TPE,2027-04-13,2027-04-27,economy,4781939,IDR,Scoot,19:50,17:10,1,430,,,google-flights,ok,
2026-09-29 02:09:43+0700,SUB-TPE,SUB,TPE,2027-04-21,2027-05-05,economy,4781939,IDR,Scoot,19:50,11:45,1,430,,,google-flights,ok,
2026-09-29 02:09:43+0700,SUB-TPE,SUB,TPE,2027-04-29,2027-05-13,economy,6771648,IDR,Scoot,08:35,05:45,1,430,,,google-flights,ok,
2026-09-29 02:09:43+0700,SUB-TPE,SUB,TPE,2027-05-07,2027-05-21,economy,4781939,IDR,Scoot,19:50,11:45,1,430,,,google-flights,ok,
2026-09-29 02:09:43+0700,SUB-TPE,SUB,TPE,2027-05-15,2027-05-29,economy,5666363,IDR,Scoot,19:50,17:10,1,430,,,google-flights,ok,
2026-09-29 02:09:43+0700,SUB-TPE,SUB,TPE,2027-05-23,2027-06-06,economy,5666363,IDR,Scoot,19:50,05:45,1,430,,,google-flights,ok,
2026-09-29 02:09:43+0700,SUB-TPE,SUB,TPE,2027-05-31,2027-06-14,economy,7301029,IDR,Scoot,10:35,05:45,1,430,,,google-flights,ok,
2026-09-29 02:09:43+0700,SUB-TPE,SUB,TPE,2027-06-08,2027-06-22,economy,4987619,IDR,Scoot,19:50,05:45,1,430,,,google-flights,ok,
2026-09-29 02:09:43+0700,SUB-TPE,SUB,TPE,2027-06-16,2027-06-30,economy,5326991,IDR,Scoot,19:50,05:45,1,430,,,google-flights,ok,
2026-09-29 02:09:43+0700,SUB-TPE,SUB,TPE,2027-06-24,2027-07-08,economy,6483696,IDR,Scoot,08:35,05:45,1,430,,,google-flights,ok,
2026-09-29 02:09:43+0700,SUB-KUL,SUB,KUL,2026-10-01,2026-10-08,economy,4897380,IDR,Batik Air,05:05,13:10,1,220,,,google-flights,ok,
2026-09-29 02:09:43+0700,SUB-KUL,SUB,KUL,2026-10-09,2026-10-16,economy,2363931,IDR,Indonesia AirAsia,05:05,08:40,0,155,,,google-flights,ok,
2026-09-29 02:09:43+0700,SUB-KUL,SUB,KUL,2026-10-17,2026-10-24,economy,2562214,IDR,Indonesia AirAsia,11:20,15:00,0,160,,,google-flights,ok,
2026-09-29 02:09:43+0700,SUB-KUL,SUB,KUL,2026-10-25,2026-11-01,economy,3452921,IDR,Indonesia AirAsia,10:20,13:55,0,155,,,google-flights,ok,
2026-09-29 02:09:43+0700,SUB-KUL,SUB,KUL,2026-11-02,2026-11-09,economy,3371657,IDR,Malaysia Airlines,10:00,13:40,0,160,,,google-flights,ok,
2026-09-29 02:09:43+0700,SUB-KUL,SUB,KUL,2026-11-10,2026-11-17,economy,2363931,IDR,Indonesia AirAsia,04:00,07:35,0,155,,,google-flights,ok,
2026-09-29 02:09:43+0700,SUB-KUL,SUB,KUL,2026-11-18,2026-11-25,economy,2184003,IDR,Indonesia AirAsia,04:00,07:35,0,155,,,google-flights,ok,
2026-09-29 02:09:43+0700,SUB-KUL,SUB,KUL,2026-11-26,2026-12-03,economy,3645021,IDR,Malaysia Airlines,10:00,13:40,0,160,,,google-flights,ok,
2026-09-29 02:09:43+0700,SUB-KUL,SUB,KUL,2026-12-04,2026-12-11,economy,4783886,IDR,Malaysia Airlines,10:00,13:40,0,160,,,google-flights,ok,
2026-09-29 02:09:43+0700,SUB-KUL,SUB,KUL,2026-12-12,2026-12-19,economy,4788296,IDR,Malaysia Airlines,15:50,19:30,0,160,,,google-flights,ok,
2026-09-29 02:09:43+0700,SUB-KUL,SUB,KUL,2026-12-20,2026-12-27,economy,4993191,IDR,Batik Air,10:05,13:45,0,160,,,google-flights,ok,
2026-09-29 02:09:43+0700,SUB-KUL,SUB,KUL,2026-12-28,2027-01-04,economy,4188234,IDR,Indonesia AirAsia,04:00,07:35,0,155,,,google-flights,ok,
2026-09-29 02:09:43+0700,SUB-KUL,SUB,KUL,2027-01-05,2027-01-12,economy,3808234,IDR,Indonesia AirAsia,04:00,07:35,0,155,,,google-flights,ok,
2026-09-29 02:09:43+0700,SUB-KUL,SUB,KUL,2027-01-13,2027-01-20,economy,3068245,IDR,Indonesia AirAsia,04:00,07:35,0,155,,,google-flights,ok,
2026-09-29 02:09:43+0700,SUB-KUL,SUB,KUL,2027-01-21,2027-01-28,economy,3068245,IDR,Indonesia AirAsia,04:00,07:35,0,155,,,google-flights,ok,
2026-09-29 02:09:43+0700,SUB-KUL,SUB,KUL,2027-01-29,2027-02-05,economy,3288559,IDR,Indonesia AirAsia,04:00,07:35,0,155,,,google-flights,ok,
2026-09-29 02:09:43+0700,SUB-SIN,SUB,SIN,2026-10-04,2026-10-11,economy,5162574,IDR,Lion/Batik Air,06:30,13:45,1,195,,,google-flights,ok,
2026-09-29 02:09:43+0700,SUB-SIN,SUB,SIN,2026-10-12,2026-10-19,economy,4910869,IDR,Indonesia AirAsia/AirAsia,05:05,11:35,1,230,,,google-flights,ok,
2026-09-29 02:09:43+0700,SUB-SIN,SUB,SIN,2026-10-20,2026-10-27,economy,3985145,IDR,Indonesia AirAsia/AirAsia,11:20,18:05,1,240,,,google-flights,ok,
2026-09-29 02:09:43+0700,SUB-SIN,SUB,SIN,2026-10-28,2026-11-04,economy,4354740,IDR,Indonesia AirAsia/AirAsia,04:00,10:20,1,230,,,google-flights,ok,
2026-09-29 02:09:43+0700,SUB-SIN,SUB,SIN,2026-11-05,2026-11-12,economy,4507310,IDR,Indonesia AirAsia/AirAsia,16:45,22:45,1,235,,,google-flights,ok,
2026-09-29 02:09:43+0700,SUB-SIN,SUB,SIN,2026-11-13,2026-11-20,economy,4116165,IDR,Indonesia AirAsia/AirAsia,13:25,20:55,1,240,,,google-flights,ok,
2026-09-29 02:09:43+0700,SUB-SIN,SUB,SIN,2026-11-21,2026-11-28,economy,5389625,IDR,Citilink Indonesia,14:00,20:00,1,205,,,google-flights,ok,
2026-09-29 02:09:43+0700,SUB-SIN,SUB,SIN,2026-11-29,2026-12-06,economy,5591191,IDR,Malaysia Airlines,18:05,00:30,1,230,,,google-flights,ok,
2026-09-29 02:09:43+0700,SUB-SIN,SUB,SIN,2026-12-07,2026-12-14,economy,4567416,IDR,"Pelita Air Service, Pt",18:25,10:45,1,205,,,google-flights,ok,
2026-09-29 02:09:43+0700,SUB-SIN,SUB,SIN,2026-12-15,2026-12-22,economy,6071262,IDR,Garuda Indonesia,16:00,16:45,1,225,,,google-flights,ok,
2026-09-29 02:09:43+0700,SUB-SIN,SUB,SIN,2026-12-23,2026-12-30,economy,6235191,IDR,Malaysia Airlines,10:00,16:40,1,235,,,google-flights,ok,
2026-09-29 02:09:43+0700,SUB-SIN,SUB,SIN,2026-12-31,2027-01-07,economy,6235191,IDR,Malaysia Airlines,15:50,00:30,1,230,,,google-flights,ok,
2026-09-29 02:09:43+0700,SUB-SIN,SUB,SIN,2027-01-08,2027-01-15,economy,6694080,IDR,Garuda Indonesia,11:10,18:25,1,205,,,google-flights,ok,
2026-09-29 02:09:43+0700,SUB-SIN,SUB,SIN,2027-01-16,2027-01-23,economy,5435091,IDR,Indonesia AirAsia/AirAsia,04:00,10:20,1,230,,,google-flights,ok,
2026-09-29 02:09:43+0700,SUB-SIN,SUB,SIN,2027-01-24,2027-01-31,economy,,IDR,,,,,,,,,error,IndexError: list index out of range
2026-09-29 02:09:43+0700,SUB-SIN,SUB,SIN,2027-02-01,2027-02-08,economy,,IDR,,,,,,,,,error,IndexError: list index out of range
2026-09-29 05:09:22+0700,DPS-MEL,DPS,MEL,2026-10-01,2026-10-15,economy,,IDR,,,,,,,,,error,IndexError: list index out of range
2026-09-29 05:09:22+0700,DPS-MEL,DPS,MEL,2026-10-09,2026-10-23,economy,,IDR,,,,,,,,,error,IndexError: list index out of range
2026-09-29 05:09:22+0700,DPS-MEL,DPS,MEL,2026-10-17,2026-10-31,economy,,IDR,,,,,,,,,error,IndexError: list index out of range
2026-09-29 05:09:22+0700,DPS-MEL,DPS,MEL,2026-10-25,2026-11-08,economy,11929196,IDR,Scoot,11:10,21:20,1,605,,,google-flights,ok,
2026-09-29 05:09:22+0700,DPS-MEL,DPS,MEL,2026-11-02,2026-11-16,economy,11472782,IDR,Virgin Australia,21:25,15:40,1,435,,,google-flights,ok,
2026-09-29 05:09:22+0700,DPS-MEL,DPS,MEL,2026-11-10,2026-11-24,economy,9221183,IDR,Jetstar,20:20,04:55,0,335,,,google-flights,ok,
2026-09-29 05:09:22+0700,DPS-MEL,DPS,MEL,2026-11-18,2026-12-02,economy,7525888,IDR,Scoot,11:10,21:20,1,605,,,google-flights,ok,
2026-09-29 05:09:22+0700,DPS-MEL,DPS,MEL,2026-11-26,2026-12-10,economy,9986682,IDR,Virgin Australia,15:50,00:30,0,340,,,google-flights,ok,
2026-09-29 05:09:22+0700,DPS-MEL,DPS,MEL,2026-12-04,2026-12-18,economy,12261061,IDR,Jetstar,23:10,14:45,1,485,,,google-flights,ok,
2026-09-29 05:09:22+0700,DPS-MEL,DPS,MEL,2026-12-12,2026-12-26,economy,14893071,IDR,Jetstar,20:20,04:55,0,335,,,google-flights,ok,
2026-09-29 05:09:22+0700,DPS-MEL,DPS,MEL,2026-12-20,2027-01-03,economy,9240206,IDR,Jetstar,20:20,04:55,0,335,,,google-flights,ok,
2026-09-29 05:09:22+0700,DPS-MEL,DPS,MEL,2026-12-28,2027-01-11,economy,8570811,IDR,Jetstar,11:30,20:10,0,340,,,google-flights,ok,
2026-09-29 05:09:22+0700,DPS-MEL,DPS,MEL,2027-01-05,2027-01-19,economy,11801650,IDR,Scoot,20:00,12:10,1,605,,,google-flights,ok,
2026-09-29 05:09:22+0700,DPS-MEL,DPS,MEL,2027-01-13,2027-01-27,economy,10880600,IDR,Jetstar,11:30,20:10,0,340,,,google-flights,ok,
2026-09-29 05:09:22+0700,DPS-MEL,DPS,MEL,2027-01-21,2027-02-04,economy,9347495,IDR,Virgin Australia,15:50,00:30,0,340,,,google-flights,ok,
2026-09-29 05:09:22+0700,DPS-MEL,DPS,MEL,2027-01-29,2027-02-12,economy,7570495,IDR,Virgin Australia,15:50,00:30,0,340,,,google-flights,ok,
2026-09-29 05:09:22+0700,SUB-TPE,SUB,TPE,2026-10-04,2026-10-18,economy,7024850,IDR,Scoot,19:50,14:15,1,430,,,google-flights,ok,
2026-09-29 05:09:22+0700,SUB-TPE,SUB,TPE,2026-10-12,2026-10-26,economy,8479791,IDR,Scoot,10:35,17:10,1,430,,,google-flights,ok,
2026-09-29 05:09:22+0700,SUB-TPE,SUB,TPE,2026-10-20,2026-11-03,economy,5852474,IDR,Scoot,10:35,17:10,1,430,,,google-flights,ok,
2026-09-29 05:09:22+0700,SUB-TPE,SUB,TPE,2026-10-28,2026-11-11,economy,6685478,IDR,Scoot,19:30,11:00,1,435,,,google-flights,ok,
2026-09-29 05:09:22+0700,SUB-TPE,SUB,TPE,2026-11-05,2026-11-19,economy,6058154,IDR,Scoot,09:50,05:35,1,425,,,google-flights,ok,
2026-09-29 05:09:22+0700,SUB-TPE,SUB,TPE,2026-11-13,2026-11-27,economy,7024850,IDR,Scoot,09:50,05:35,1,425,,,google-flights,ok,
2026-09-29 05:09:22+0700,SUB-TPE,SUB,TPE,2026-11-21,2026-12-05,economy,7214859,IDR,Scoot,09:50,05:35,1,425,,,google-flights,ok,
2026-09-29 05:09:22+0700,SUB-TPE,SUB,TPE,2026-11-29,2026-12-13,economy,9107115,IDR,Scoot,19:30,05:35,1,425,,,google-flights,ok,
2026-09-29 05:09:22+0700,SUB-TPE,SUB,TPE,2026-12-07,2026-12-21,economy,12161461,IDR,Scoot,09:50,05:35,1,425,,,google-flights,ok,
2026-09-29 05:09:22+0700,SUB-TPE,SUB,TPE,2026-12-15,2026-12-29,economy,10516022,IDR,Scoot,19:30,05:35,1,425,,,google-flights,ok,
2026-09-29 05:09:22+0700,SUB-TPE,SUB,TPE,2026-12-23,2027-01-06,economy,12565004,IDR,Scoot,19:30,17:00,1,425,,,google-flights,ok,
2026-09-29 05:09:22+0700,SUB-TPE,SUB,TPE,2026-12-31,2027-01-14,economy,7214859,IDR,Scoot,09:50,05:35,1,425,,,google-flights,ok,
2026-09-29 05:09:22+0700,SUB-TPE,SUB,TPE,2027-01-08,2027-01-22,economy,5852474,IDR,Scoot,19:30,11:00,1,435,,,google-flights,ok,
2026-09-29 05:09:22+0700,SUB-TPE,SUB,TPE,2027-01-16,2027-01-30,economy,6479798,IDR,Scoot,19:30,05:35,1,425,,,google-flights,ok,
2026-09-29 05:09:22+0700,SUB-TPE,SUB,TPE,2027-01-24,2027-02-07,economy,7117406,IDR,Scoot,19:30,11:00,1,435,,,google-flights,ok,
2026-09-29 05:09:22+0700,SUB-TPE,SUB,TPE,2027-02-01,2027-02-15,economy,4901449,IDR,Scoot,09:50,11:00,1,435,,,google-flights,ok,
2026-09-29 05:09:22+0700,SUB-TPE,SUB,TPE,2027-02-09,2027-02-23,economy,10780975,IDR,Scoot,19:30,05:35,1,425,,,google-flights,ok,
2026-09-29 05:09:22+0700,SUB-TPE,SUB,TPE,2027-02-17,2027-03-03,economy,6058154,IDR,Scoot,09:50,05:35,1,425,,,google-flights,ok,
2026-09-29 05:09:22+0700,SUB-TPE,SUB,TPE,2027-02-25,2027-03-11,economy,7323086,IDR,Scoot,09:50,11:00,1,435,,,google-flights,ok,
2026-09-29 05:09:22+0700,SUB-TPE,SUB,TPE,2027-03-05,2027-03-19,economy,9878414,IDR,Scoot,19:30,13:10,1,425,,,google-flights,ok,
2026-09-29 05:09:22+0700,SUB-TPE,SUB,TPE,2027-03-13,2027-03-27,economy,9251090,IDR,Scoot,09:50,05:35,1,425,,,google-flights,ok,
2026-09-29 05:09:22+0700,SUB-TPE,SUB,TPE,2027-03-21,2027-04-04,economy,6440611,IDR,Scoot,19:30,13:15,1,430,,,google-flights,ok,
2026-09-29 05:09:22+0700,SUB-TPE,SUB,TPE,2027-03-29,2027-04-12,economy,7257944,IDR,Scoot,10:35,11:45,1,430,,,google-flights,ok,
2026-09-29 05:09:22+0700,SUB-TPE,SUB,TPE,2027-04-06,2027-04-20,economy,6144324,IDR,Scoot,19:50,17:10,1,430,,,google-flights,ok,
2026-09-29 05:09:22+0700,SUB-TPE,SUB,TPE,2027-04-14,2027-04-28,economy,5121311,IDR,Scoot,19:50,11:45,1,430,,,google-flights,ok,
2026-09-29 05:09:22+0700,SUB-TPE,SUB,TPE,2027-04-22,2027-05-06,economy,5666363,IDR,Scoot,08:35,05:45,1,430,,,google-flights,ok,
2026-09-29 05:09:22+0700,SUB-TPE,SUB,TPE,2027-04-30,2027-05-14,economy,6144324,IDR,Scoot,19:50,17:10,1,430,,,google-flights,ok,
2026-09-29 05:09:22+0700,SUB-TPE,SUB,TPE,2027-05-08,2027-05-22,economy,5326991,IDR,Scoot,19:50,17:10,1,430,,,google-flights,ok,
2026-09-29 05:09:22+0700,SUB-TPE,SUB,TPE,2027-05-16,2027-05-30,economy,5326991,IDR,Scoot,19:50,05:45,1,430,,,google-flights,ok,
2026-09-29 05:09:22+0700,SUB-TPE,SUB,TPE,2027-05-24,2027-06-07,economy,6483696,IDR,Scoot,10:35,11:45,1,430,,,google-flights,ok,
2026-09-29 05:09:22+0700,SUB-TPE,SUB,TPE,2027-06-01,2027-06-15,economy,4781939,IDR,Scoot,19:50,05:45,1,430,,,google-flights,ok,
2026-09-29 05:09:22+0700,SUB-TPE,SUB,TPE,2027-06-09,2027-06-23,economy,5326991,IDR,Scoot,19:50,05:45,1,430,,,google-flights,ok,
2026-09-29 05:09:22+0700,SUB-TPE,SUB,TPE,2027-06-17,2027-07-01,economy,6483696,IDR,Scoot,08:35,05:45,1,430,,,google-flights,ok,
2026-09-29 05:09:22+0700,SUB-TPE,SUB,TPE,2027-06-25,2027-07-09,economy,5121311,IDR,Scoot,19:50,05:45,1,430,,,google-flights,ok,
2026-09-29 05:09:22+0700,SUB-KUL,SUB,KUL,2026-10-02,2026-10-09,economy,4839380,IDR,Batik Air,05:05,13:10,1,220,,,google-flights,ok,
2026-09-29 05:09:22+0700,SUB-KUL,SUB,KUL,2026-10-10,2026-10-17,economy,3872380,IDR,Batik Air,05:05,13:10,1,220,,,google-flights,ok,
2026-09-29 05:09:22+0700,SUB-KUL,SUB,KUL,2026-10-18,2026-10-25,economy,2724282,IDR,Indonesia AirAsia,17:45,21:25,0,160,,,google-flights,ok,
2026-09-29 05:09:22+0700,SUB-KUL,SUB,KUL,2026-10-26,2026-11-02,economy,2984921,IDR,Indonesia AirAsia,04:00,07:35,0,155,,,google-flights,ok,
2026-09-29 05:09:22+0700,SUB-KUL,SUB,KUL,2026-11-03,2026-11-10,economy,2184003,IDR,Indonesia AirAsia,04:00,07:35,0,155,,,google-flights,ok,
2026-09-29 05:09:22+0700,SUB-KUL,SUB,KUL,2026-11-11,2026-11-18,economy,2984921,IDR,Indonesia AirAsia,10:20,13:55,0,155,,,google-flights,ok,
2026-09-29 05:09:22+0700,SUB-KUL,SUB,KUL,2026-11-19,2026-11-26,economy,2184003,IDR,Indonesia AirAsia,04:00,07:35,0,155,,,google-flights,ok,
2026-09-29 05:09:22+0700,SUB-KUL,SUB,KUL,2026-11-27,2026-12-04,economy,3326377,IDR,Indonesia AirAsia,04:00,07:35,0,155,,,google-flights,ok,
2026-09-29 05:09:22+0700,SUB-KUL,SUB,KUL,2026-12-05,2026-12-12,economy,3288559,IDR,Indonesia AirAsia,04:00,07:35,0,155,,,google-flights,ok,
2026-09-29 05:09:22+0700,SUB-KUL,SUB,KUL,2026-12-13,2026-12-20,economy,3793191,IDR,Batik Air,10:05,13:45,0,160,,,google-flights,ok,
2026-09-29 05:09:22+0700,SUB-KUL,SUB,KUL,2026-12-21,2026-12-28,economy,4188234,IDR,Indonesia AirAsia,04:00,07:35,0,155,,,google-flights,ok,
2026-09-29 05:09:22+0700,SUB-KUL,SUB,KUL,2026-12-29,2027-01-05,economy,4188234,IDR,Indonesia AirAsia,04:00,07:35,0,155,,,google-flights,ok,
2026-09-29 05:09:22+0700,SUB-KUL,SUB,KUL,2027-01-06,2027-01-13,economy,3808234,IDR,Indonesia AirAsia,04:00,07:35,0,155,,,google-flights,ok,
2026-09-29 05:09:22+0700,SUB-KUL,SUB,KUL,2027-01-14,2027-01-21,economy,3068245,IDR,Indonesia AirAsia,04:00,07:35,0,155,,,google-flights,ok,
2026-09-29 05:09:22+0700,SUB-KUL,SUB,KUL,2027-01-22,2027-01-29,economy,3068245,IDR,Indonesia AirAsia,04:00,07:35,0,155,,,google-flights,ok,
2026-09-29 05:09:22+0700,SUB-KUL,SUB,KUL,2027-01-30,2027-02-06,economy,3288559,IDR,Indonesia AirAsia,04:00,07:35,0,155,,,google-flights,ok,
2026-09-29 05:09:22+0700,SUB-SIN,SUB,SIN,2026-10-05,2026-10-12,economy,5485460,IDR,Batik Air,05:05,13:45,1,195,,,google-flights,ok,
2026-09-29 05:09:22+0700,SUB-SIN,SUB,SIN,2026-10-13,2026-10-20,economy,4660068,IDR,Indonesia AirAsia/AirAsia,07:05,13:00,1,225,,,google-flights,ok,
2026-09-29 05:09:22+0700,SUB-SIN,SUB,SIN,2026-10-21,2026-10-28,economy,4363101,IDR,Indonesia AirAsia/AirAsia,07:05,13:00,1,225,,,google-flights,ok,
2026-09-29 05:09:22+0700,SUB-SIN,SUB,SIN,2026-10-29,2026-11-05,economy,4836699,IDR,Indonesia AirAsia/AirAsia,13:25,19:40,1,240,,,google-flights,ok,
2026-09-29 05:09:22+0700,SUB-SIN,SUB,SIN,2026-11-06,2026-11-13,economy,4462389,IDR,Indonesia AirAsia/AirAsia,13:25,19:40,1,240,,,google-flights,ok,
2026-09-29 05:09:22+0700,SUB-SIN,SUB,SIN,2026-11-14,2026-11-21,economy,4304345,IDR,Indonesia AirAsia/AirAsia,13:25,19:40,1,240,,,google-flights,ok,
2026-09-29 05:09:22+0700,SUB-SIN,SUB,SIN,2026-11-22,2026-11-29,economy,5591191,IDR,Malaysia Airlines,18:05,00:30,1,230,,,google-flights,ok,
2026-09-29 05:09:22+0700,SUB-SIN,SUB,SIN,2026-11-30,2026-12-07,economy,4267691,IDR,"Pelita Air Service, Pt",18:25,10:45,1,205,,,google-flights,ok,
2026-09-29 05:09:22+0700,SUB-SIN,SUB,SIN,2026-12-08,2026-12-15,economy,5591191,IDR,Malaysia Airlines,18:05,00:30,1,230,,,google-flights,ok,
2026-09-29 05:09:22+0700,SUB-SIN,SUB,SIN,2026-12-16,2026-12-23,economy,6294453,IDR,Garuda Indonesia,16:00,16:45,1,225,,,google-flights,ok,
2026-09-29 05:09:22+0700,SUB-SIN,SUB,SIN,2026-12-24,2026-12-31,economy,6520191,IDR,Malaysia Airlines,10:00,16:40,1,235,,,google-flights,ok,
2026-09-29 05:09:22+0700,SUB-SIN,SUB,SIN,2027-01-01,2027-01-08,economy,6508171,IDR,Garuda Indonesia,19:20,08:35,1,200,,,google-flights,ok,
2026-09-29 05:09:22+0700,SUB-SIN,SUB,SIN,2027-01-09,2027-01-16,economy,5913191,IDR,Malaysia Airlines,10:00,16:40,1,235,,,google-flights,ok,
2026-09-29 05:09:22+0700,SUB-SIN,SUB,SIN,2027-01-17,2027-01-24,economy,,IDR,,,,,,,,,error,IndexError: list index out of range
2026-09-29 05:09:22+0700,SUB-SIN,SUB,SIN,2027-01-25,2027-02-01,economy,,IDR,,,,,,,,,error,IndexError: list index out of range
2026-09-29 08:10:12+0700,DPS-MEL,DPS,MEL,2026-10-02,2026-10-16,economy,,IDR,,,,,,,,,error,IndexError: list index out of range
2026-09-29 08:10:12+0700,DPS-MEL,DPS,MEL,2026-10-10,2026-10-24,economy,,IDR,,,,,,,,,error,IndexError: list index out of range
2026-09-29 08:10:12+0700,DPS-MEL,DPS,MEL,2026-10-18,2026-11-01,economy,,IDR,,,,,,,,,error,IndexError: list index out of range
2026-09-29 08:10:12+0700,DPS-MEL,DPS,MEL,2026-10-26,2026-11-09,economy,10191907,IDR,Jetstar,14:55,07:25,1,630,,,google-flights,ok,
2026-09-29 08:10:12+0700,DPS-MEL,DPS,MEL,2026-11-03,2026-11-17,economy,11064281,IDR,Virgin Australia,15:00,09:25,1,495,,,google-flights,ok,
2026-09-29 08:10:12+0700,DPS-MEL,DPS,MEL,2026-11-11,2026-11-25,economy,9096442,IDR,Jetstar,14:55,23:35,0,340,,,google-flights,ok,
2026-09-29 08:10:12+0700,DPS-MEL,DPS,MEL,2026-11-19,2026-12-03,economy,8234081,IDR,Virgin Australia,15:50,00:30,0,340,,,google-flights,ok,
2026-09-29 08:10:12+0700,DPS-MEL,DPS,MEL,2026-11-27,2026-12-11,economy,9694811,IDR,Jetstar,11:30,20:10,0,340,,,google-flights,ok,
2026-09-29 08:10:12+0700,DPS-MEL,DPS,MEL,2026-12-05,2026-12-19,economy,14799111,IDR,Jetstar,14:55,23:35,0,340,,,google-flights,ok,
2026-09-29 08:10:12+0700,DPS-MEL,DPS,MEL,2026-12-13,2026-12-27,economy,14512566,IDR,Jetstar,14:55,23:35,0,340,,,google-flights,ok,
2026-09-29 08:10:12+0700,DPS-MEL,DPS,MEL,2026-12-21,2027-01-04,economy,7228314,IDR,Jetstar,11:30,20:10,0,340,,,google-flights,ok,
2026-09-29 08:10:12+0700,DPS-MEL,DPS,MEL,2026-12-29,2027-01-12,economy,6857811,IDR,Jetstar,11:30,20:10,0,340,,,google-flights,ok,
2026-09-29 08:10:12+0700,DPS-MEL,DPS,MEL,2027-01-06,2027-01-20,economy,13009016,IDR,Scoot,20:00,12:10,1,605,,,google-flights,ok,
2026-09-29 08:10:12+0700,DPS-MEL,DPS,MEL,2027-01-14,2027-01-28,economy,10208139,IDR,Jetstar,14:55,23:35,0,340,,,google-flights,ok,
2026-09-29 08:10:12+0700,DPS-MEL,DPS,MEL,2027-01-22,2027-02-05,economy,9452405,IDR,Virgin Australia,22:00,06:40,0,340,,,google-flights,ok,
2026-09-29 08:10:12+0700,DPS-MEL,DPS,MEL,2027-01-30,2027-02-13,economy,7692160,IDR,Jetstar,20:20,04:55,0,335,,,google-flights,ok,
2026-09-29 08:10:12+0700,SUB-TPE,SUB,TPE,2026-10-05,2026-10-19,economy,10125230,IDR,Scoot,10:35,11:45,1,430,,,google-flights,ok,
2026-09-29 08:10:12+0700,SUB-TPE,SUB,TPE,2026-10-13,2026-10-27,economy,5035141,IDR,Scoot,19:50,17:10,1,430,,,google-flights,ok,
2026-09-29 08:10:12+0700,SUB-TPE,SUB,TPE,2026-10-21,2026-11-04,economy,4901449,IDR,Scoot,19:50,05:45,1,430,,,google-flights,ok,
2026-09-29 08:10:12+0700,SUB-TPE,SUB,TPE,2026-10-29,2026-11-12,economy,5240821,IDR,Scoot,09:50,17:00,1,425,,,google-flights,ok,
2026-09-29 08:10:12+0700,SUB-TPE,SUB,TPE,2026-11-06,2026-11-20,economy,7842183,IDR,Scoot,19:30,05:35,1,425,,,google-flights,ok,
2026-09-29 08:10:12+0700,SUB-TPE,SUB,TPE,2026-11-14,2026-11-28,economy,5035141,IDR,Scoot,19:30,05:35,1,425,,,google-flights,ok,
2026-09-29 08:10:12+0700,SUB-TPE,SUB,TPE,2026-11-22,2026-12-06,economy,8469507,IDR,Scoot,09:50,05:35,1,425,,,google-flights,ok,
2026-09-29 08:10:12+0700,SUB-TPE,SUB,TPE,2026-11-30,2026-12-14,economy,,IDR,,,,,,,,,error,TypeError: 'NoneType' object is not subscriptable
2026-09-29 08:10:12+0700,SUB-TPE,SUB,TPE,2026-12-08,2026-12-22,economy,10752554,IDR,Scoot,09:50,05:35,1,425,,,google-flights,ok,
2026-09-29 08:10:12+0700,SUB-TPE,SUB,TPE,2026-12-16,2026-12-30,economy,10516022,IDR,Scoot,19:30,05:35,1,425,,,google-flights,ok,
2026-09-29 08:10:12+0700,SUB-TPE,SUB,TPE,2026-12-24,2027-01-07,economy,14467544,IDR,Scoot,09:50,05:35,1,425,,,google-flights,ok,
2026-09-29 08:10:12+0700,SUB-TPE,SUB,TPE,2027-01-01,2027-01-15,economy,5035141,IDR,Scoot,19:30,11:00,1,435,,,google-flights,ok,
2026-09-29 08:10:12+0700,SUB-TPE,SUB,TPE,2027-01-09,2027-01-23,economy,5852474,IDR,Scoot,19:30,05:35,1,425,,,google-flights,ok,
2026-09-29 08:10:12+0700,SUB-TPE,SUB,TPE,2027-01-17,2027-01-31,economy,6479798,IDR,Scoot,19:30,05:35,1,425,,,google-flights,ok,
2026-09-29 08:10:12+0700,SUB-TPE,SUB,TPE,2027-01-25,2027-02-08,economy,6685478,IDR,Scoot,09:50,11:00,1,435,,,google-flights,ok,
2026-09-29 08:10:12+0700,SUB-TPE,SUB,TPE,2027-02-02,2027-02-16,economy,4695769,IDR,Scoot,19:30,11:00,1,435,,,google-flights,ok,
2026-09-29 08:10:12+0700,SUB-TPE,SUB,TPE,2027-02-10,2027-02-24,economy,11120347,IDR,Scoot,19:30,05:35,1,425,,,google-flights,ok,
2026-09-29 08:10:12+0700,SUB-TPE,SUB,TPE,2027-02-18,2027-03-04,economy,6058154,IDR,Scoot,09:50,11:00,1,435,,,google-flights,ok,
2026-09-29 08:10:12+0700,SUB-TPE,SUB,TPE,2027-02-26,2027-03-12,economy,8479791,IDR,Scoot,09:50,11:00,1,435,,,google-flights,ok,
2026-09-29 08:10:12+0700,SUB-TPE,SUB,TPE,2027-03-06,2027-03-20,economy,9878414,IDR,Scoot,19:30,05:35,1,425,,,google-flights,ok,
2026-09-29 08:10:12+0700,SUB-TPE,SUB,TPE,2027-03-14,2027-03-28,economy,11287321,IDR,Scoot,19:30,05:35,1,425,,,google-flights,ok,
2026-09-29 08:10:12+0700,SUB-TPE,SUB,TPE,2027-03-22,2027-04-05,economy,7257944,IDR,Scoot,09:50,11:00,1,435,,,google-flights,ok,
2026-09-29 08:10:12+0700,SUB-TPE,SUB,TPE,2027-03-30,2027-04-13,economy,5283906,IDR,Scoot,19:50,05:45,1,430,,,google-flights,ok,
2026-09-29 08:10:12+0700,SUB-TPE,SUB,TPE,2027-04-07,2027-04-21,economy,5938644,IDR,Scoot,19:50,14:15,1,430,,,google-flights,ok,
2026-09-29 08:10:12+0700,SUB-TPE,SUB,TPE,2027-04-15,2027-04-29,economy,7111020,IDR,Scoot,08:35,05:45,1,430,,,google-flights,ok,
2026-09-29 08:10:12+0700,SUB-TPE,SUB,TPE,2027-04-23,2027-05-07,economy,4781939,IDR,Scoot,19:50,05:45,1,430,,,google-flights,ok,
2026-09-29 08:10:12+0700,SUB-TPE,SUB,TPE,2027-05-01,2027-05-15,economy,4987619,IDR,Scoot,19:50,17:10,1,430,,,google-flights,ok,
2026-09-29 08:10:12+0700,SUB-TPE,SUB,TPE,2027-05-09,2027-05-23,economy,6483696,IDR,Scoot,19:50,05:45,1,430,,,google-flights,ok,
2026-09-29 08:10:12+0700,SUB-TPE,SUB,TPE,2027-05-17,2027-05-31,economy,6483696,IDR,Scoot,10:35,11:45,1,430,,,google-flights,ok,
2026-09-29 08:10:12+0700,SUB-TPE,SUB,TPE,2027-05-25,2027-06-08,economy,4576259,IDR,Scoot,19:50,17:10,1,430,,,google-flights,ok,
2026-09-29 08:10:12+0700,SUB-TPE,SUB,TPE,2027-06-02,2027-06-16,economy,5121311,IDR,Scoot,19:50,05:45,1,430,,,google-flights,ok,
2026-09-29 08:10:12+0700,SUB-TPE,SUB,TPE,2027-06-10,2027-06-24,economy,5666363,IDR,Scoot,08:35,05:45,1,430,,,google-flights,ok,
2026-09-29 08:10:12+0700,SUB-TPE,SUB,TPE,2027-06-18,2027-07-02,economy,5121311,IDR,Scoot,19:50,05:45,1,430,,,google-flights,ok,
2026-09-29 08:10:12+0700,SUB-TPE,SUB,TPE,2027-06-26,2027-07-10,economy,5121311,IDR,Scoot,19:50,17:10,1,430,,,google-flights,ok,
2026-09-29 08:10:12+0700,SUB-KUL,SUB,KUL,2026-10-03,2026-10-10,economy,3286990,IDR,Indonesia AirAsia,07:05,10:45,0,160,,,google-flights,ok,
2026-09-29 08:10:12+0700,SUB-KUL,SUB,KUL,2026-10-11,2026-10-18,economy,4039380,IDR,Batik Air,05:05,13:10,1,220,,,google-flights,ok,
2026-09-29 08:10:12+0700,SUB-KUL,SUB,KUL,2026-10-19,2026-10-26,economy,2363931,IDR,Indonesia AirAsia,07:05,10:45,0,160,,,google-flights,ok,
2026-09-29 08:10:12+0700,SUB-KUL,SUB,KUL,2026-10-27,2026-11-03,economy,2184003,IDR,Indonesia AirAsia,10:20,13:55,0,155,,,google-flights,ok,
2026-09-29 08:10:12+0700,SUB-KUL,SUB,KUL,2026-11-04,2026-11-11,economy,2363931,IDR,Indonesia AirAsia,10:20,13:55,0,155,,,google-flights,ok,
2026-09-29 08:10:12+0700,SUB-KUL,SUB,KUL,2026-11-12,2026-11-19,economy,3343409,IDR,Malaysia Airlines,10:00,13:40,0,160,,,google-flights,ok,
2026-09-29 08:10:12+0700,SUB-KUL,SUB,KUL,2026-11-20,2026-11-27,economy,2984921,IDR,Indonesia AirAsia,04:00,07:35,0,155,,,google-flights,ok,
2026-09-29 08:10:12+0700,SUB-KUL,SUB,KUL,2026-11-28,2026-12-05,economy,3842741,IDR,Malaysia Airlines,15:50,19:30,0,160,,,google-flights,ok,
2026-09-29 08:10:12+0700,SUB-KUL,SUB,KUL,2026-12-06,2026-12-13,economy,3068245,IDR,Indonesia AirAsia,04:00,07:35,0,155,,,google-flights,ok,
2026-09-29 08:10:12+0700,SUB-KUL,SUB,KUL,2026-12-14,2026-12-21,economy,4782845,IDR,Malaysia Airlines,10:00,13:40,0,160,,,google-flights,ok,
2026-09-29 08:10:12+0700,SUB-KUL,SUB,KUL,2026-12-22,2026-12-29,economy,4188234,IDR,Indonesia AirAsia,04:00,07:35,0,155,,,google-flights,ok,
2026-09-29 08:10:12+0700,SUB-KUL,SUB,KUL,2026-12-30,2027-01-06,economy,3808234,IDR,Indonesia AirAsia,04:00,07:35,0,155,,,google-flights,ok,
2026-09-29 08:10:12+0700,SUB-KUL,SUB,KUL,2027-01-07,2027-01-14,economy,3808234,IDR,Indonesia AirAsia,04:00,07:35,0,155,,,google-flights,ok,
2026-09-29 08:10:12+0700,SUB-KUL,SUB,KUL,2027-01-15,2027-01-22,economy,3068245,IDR,Indonesia AirAsia,04:00,07:35,0,155,,,google-flights,ok,
2026-09-29 08:10:12+0700,SUB-KUL,SUB,KUL,2027-01-23,2027-01-30,economy,3068245,IDR,Indonesia AirAsia,04:00,07:35,0,155,,,google-flights,ok,
2026-09-29 08:10:12+0700,SUB-KUL,SUB,KUL,2027-01-31,2027-02-07,economy,3288559,IDR,Indonesia AirAsia,04:00,07:35,0,155,,,google-flights,ok,
2026-09-29 08:10:12+0700,SUB-SIN,SUB,SIN,2026-10-06,2026-10-13,economy,4927060,IDR,Lion/Batik Air,06:30,13:45,1,195,,,google-flights,ok,
2026-09-29 08:10:12+0700,SUB-SIN,SUB,SIN,2026-10-14,2026-10-21,economy,4480140,IDR,Indonesia AirAsia/AirAsia,11:20,18:05,1,240,,,google-flights,ok,
2026-09-29 08:10:12+0700,SUB-SIN,SUB,SIN,2026-10-22,2026-10-29,economy,4070679,IDR,Indonesia AirAsia/AirAsia,05:05,11:35,1,230,,,google-flights,ok,
2026-09-29 08:10:12+0700,SUB-SIN,SUB,SIN,2026-10-30,2026-11-06,economy,5083271,IDR,Indonesia AirAsia/AirAsia,13:25,19:40,1,240,,,google-flights,ok,
2026-09-29 08:10:12+0700,SUB-SIN,SUB,SIN,2026-11-07,2026-11-14,economy,4435219,IDR,Indonesia AirAsia/AirAsia,10:20,18:00,1,235,,,google-flights,ok,
2026-09-29 08:10:12+0700,SUB-SIN,SUB,SIN,2026-11-15,2026-11-22,economy,4862016,IDR,Indonesia AirAsia/AirAsia,05:00,11:35,1,230,,,google-flights,ok,
2026-09-29 08:10:12+0700,SUB-SIN,SUB,SIN,2026-11-23,2026-11-30,economy,4738927,IDR,Indonesia AirAsia/AirAsia,04:00,10:20,1,230,,,google-flights,ok,
2026-09-29 08:10:12+0700,SUB-SIN,SUB,SIN,2026-12-01,2026-12-08,economy,5591191,IDR,Malaysia Airlines,10:00,16:40,1,235,,,google-flights,ok,
2026-09-29 08:10:12+0700,SUB-SIN,SUB,SIN,2026-12-09,2026-12-16,economy,5591191,IDR,Malaysia Airlines,10:00,16:40,1,235,,,google-flights,ok,
2026-09-29 08:10:12+0700,SUB-SIN,SUB,SIN,2026-12-17,2026-12-24,economy,6385453,IDR,Garuda Indonesia,16:00,16:45,1,225,,,google-flights,ok,
2026-09-29 08:10:12+0700,SUB-SIN,SUB,SIN,2026-12-25,2027-01-01,economy,6426453,IDR,Garuda Indonesia,16:00,16:45,1,225,,,google-flights,ok,
2026-09-29 08:10:12+0700,SUB-SIN,SUB,SIN,2027-01-02,2027-01-09,economy,6414171,IDR,Garuda Indonesia,11:10,18:25,1,205,,,google-flights,ok,
2026-09-29 08:10:12+0700,SUB-SIN,SUB,SIN,2027-01-10,2027-01-17,economy,,IDR,,,,,,,,,error,IndexError: list index out of range
2026-09-29 08:10:12+0700,SUB-SIN,SUB,SIN,2027-01-18,2027-01-25,economy,,IDR,,,,,,,,,error,IndexError: list index out of range
2026-09-29 08:10:12+0700,SUB-SIN,SUB,SIN,2027-01-26,2027-02-02,economy,5946923,IDR,Indonesia AirAsia/AirAsia,05:00,11:35,1,230,,,google-flights,ok,
2026-09-29 11:09:29+0700,DPS-MEL,DPS,MEL,2026-10-03,2026-10-17,economy,,IDR,,,,,,,,,error,IndexError: list index out of range
2026-09-29 11:09:29+0700,DPS-MEL,DPS,MEL,2026-10-11,2026-10-25,economy,,IDR,,,,,,,,,error,IndexError: list index out of range
2026-09-29 11:09:29+0700,DPS-MEL,DPS,MEL,2026-10-19,2026-11-02,economy,,IDR,,,,,,,,,error,IndexError: list index out of range
2026-09-29 11:09:29+0700,DPS-MEL,DPS,MEL,2026-10-27,2026-11-10,economy,11436129,IDR,Jetstar,07:00,21:35,1,420,,,google-flights,ok,
2026-09-29 11:09:29+0700,DPS-MEL,DPS,MEL,2026-11-04,2026-11-18,economy,9986368,IDR,Jetstar,14:55,07:25,1,630,,,google-flights,ok,
2026-09-29 11:09:29+0700,DPS-MEL,DPS,MEL,2026-11-12,2026-11-26,economy,8695971,IDR,Jetstar,11:30,20:10,0,340,,,google-flights,ok,
2026-09-29 11:09:29+0700,DPS-MEL,DPS,MEL,2026-11-20,2026-12-04,economy,9104811,IDR,Jetstar,14:55,23:35,0,340,,,google-flights,ok,
2026-09-29 11:09:29+0700,DPS-MEL,DPS,MEL,2026-11-28,2026-12-12,economy,11525486,IDR,Jetstar,14:55,23:35,0,340,,,google-flights,ok,
2026-09-29 11:09:29+0700,DPS-MEL,DPS,MEL,2026-12-06,2026-12-20,economy,14934702,IDR,Virgin Australia,15:50,00:30,0,340,,,google-flights,ok,
2026-09-29 11:09:29+0700,DPS-MEL,DPS,MEL,2026-12-14,2026-12-28,economy,11883882,IDR,Virgin Australia,23:20,16:50,2,530,,,google-flights,ok,
2026-09-29 11:09:29+0700,DPS-MEL,DPS,MEL,2026-12-22,2027-01-05,economy,6826188,IDR,Jetstar,11:30,20:10,0,340,,,google-flights,ok,
2026-09-29 11:09:29+0700,DPS-MEL,DPS,MEL,2026-12-30,2027-01-13,economy,8170434,IDR,Jetstar,14:55,23:35,0,340,,,google-flights,ok,
2026-09-29 11:09:29+0700,DPS-MEL,DPS,MEL,2027-01-07,2027-01-21,economy,13340811,IDR,Jetstar,14:55,23:35,0,340,,,google-flights,ok,
2026-09-29 11:09:29+0700,DPS-MEL,DPS,MEL,2027-01-15,2027-01-29,economy,,IDR,,,,,,,,,error,FlightsNotFound: no flights found; received error
2026-09-29 11:09:29+0700,DPS-MEL,DPS,MEL,2027-01-23,2027-02-06,economy,9457811,IDR,Jetstar,20:20,04:55,0,335,,,google-flights,ok,
2026-09-29 11:09:29+0700,DPS-MEL,DPS,MEL,2027-01-31,2027-02-14,economy,7457193,IDR,Virgin Australia,22:00,06:40,0,340,,,google-flights,ok,
2026-09-29 11:09:29+0700,SUB-TPE,SUB,TPE,2026-10-06,2026-10-20,economy,5035141,IDR,Scoot,19:50,05:45,1,430,,,google-flights,ok,
2026-09-29 11:09:29+0700,SUB-TPE,SUB,TPE,2026-10-14,2026-10-28,economy,5240821,IDR,Scoot,19:50,05:45,1,430,,,google-flights,ok,
2026-09-29 11:09:29+0700,SUB-TPE,SUB,TPE,2026-10-22,2026-11-05,economy,5852474,IDR,Scoot,10:35,05:45,1,430,,,google-flights,ok,
2026-09-29 11:09:29+0700,SUB-TPE,SUB,TPE,2026-10-30,2026-11-13,economy,4901449,IDR,Scoot,19:30,17:00,1,425,,,google-flights,ok,
2026-09-29 11:09:29+0700,SUB-TPE,SUB,TPE,2026-11-07,2026-11-21,economy,5580193,IDR,Scoot,09:50,05:35,1,425,,,google-flights,ok,
2026-09-29 11:09:29+0700,SUB-TPE,SUB,TPE,2026-11-15,2026-11-29,economy,7024850,IDR,Scoot,09:50,05:35,1,425,,,google-flights,ok,
2026-09-29 11:09:29+0700,SUB-TPE,SUB,TPE,2026-11-23,2026-12-07,economy,7842183,IDR,Scoot,09:50,05:35,1,425,,,google-flights,ok,
2026-09-29 11:09:29+0700,SUB-TPE,SUB,TPE,2026-12-01,2026-12-15,economy,10752554,IDR,Scoot,09:50,05:35,1,425,,,google-flights,ok,
2026-09-29 11:09:29+0700,SUB-TPE,SUB,TPE,2026-12-09,2026-12-23,economy,10516022,IDR,Scoot,19:30,05:35,1,425,,,google-flights,ok,
2026-09-29 11:09:29+0700,SUB-TPE,SUB,TPE,2026-12-17,2026-12-31,economy,13973911,IDR,Scoot,09:50,05:35,1,425,,,google-flights,ok,
2026-09-29 11:09:29+0700,SUB-TPE,SUB,TPE,2026-12-25,2027-01-08,economy,12863240,IDR,Scoot,19:30,05:35,1,425,,,google-flights,ok,
2026-09-29 11:09:29+0700,SUB-TPE,SUB,TPE,2027-01-02,2027-01-16,economy,4695769,IDR,Scoot,19:30,11:00,1,435,,,google-flights,ok,
2026-09-29 11:09:29+0700,SUB-TPE,SUB,TPE,2027-01-10,2027-01-24,economy,5852474,IDR,Scoot,19:30,05:35,1,425,,,google-flights,ok,
2026-09-29 11:09:29+0700,SUB-TPE,SUB,TPE,2027-01-18,2027-02-01,economy,5240821,IDR,Scoot,09:50,11:00,1,435,,,google-flights,ok,
2026-09-29 11:09:29+0700,SUB-TPE,SUB,TPE,2027-01-26,2027-02-09,economy,6479798,IDR,Scoot,19:30,11:00,1,435,,,google-flights,ok,
2026-09-29 11:09:29+0700,SUB-TPE,SUB,TPE,2027-02-03,2027-02-17,economy,5035141,IDR,Scoot,19:30,05:35,1,425,,,google-flights,ok,
2026-09-29 11:09:29+0700,SUB-TPE,SUB,TPE,2027-02-11,2027-02-25,economy,11937680,IDR,Scoot,09:50,05:35,1,425,,,google-flights,ok,
2026-09-29 11:09:29+0700,SUB-TPE,SUB,TPE,2027-02-19,2027-03-05,economy,5035141,IDR,Scoot,19:30,11:00,1,435,,,google-flights,ok,
2026-09-29 11:09:29+0700,SUB-TPE,SUB,TPE,2027-02-27,2027-03-13,economy,10516022,IDR,Scoot,19:30,05:35,1,425,,,google-flights,ok,
2026-09-29 11:09:29+0700,SUB-TPE,SUB,TPE,2027-03-07,2027-03-21,economy,10752554,IDR,Scoot,19:30,11:00,1,435,,,google-flights,ok,
2026-09-29 11:09:29+0700,SUB-TPE,SUB,TPE,2027-03-15,2027-03-29,economy,10516022,IDR,Scoot,09:50,05:35,1,425,,,google-flights,ok,
2026-09-29 11:09:29+0700,SUB-TPE,SUB,TPE,2027-03-23,2027-04-06,economy,4738854,IDR,Scoot,19:30,11:00,1,435,,,google-flights,ok,
2026-09-29 11:09:29+0700,SUB-TPE,SUB,TPE,2027-03-31,2027-04-14,economy,6144324,IDR,Scoot,19:50,17:10,1,430,,,google-flights,ok,
2026-09-29 11:09:29+0700,SUB-TPE,SUB,TPE,2027-04-08,2027-04-22,economy,6483696,IDR,Scoot,08:35,05:45,1,430,,,google-flights,ok,
2026-09-29 11:09:29+0700,SUB-TPE,SUB,TPE,2027-04-16,2027-04-30,economy,7203576,IDR,Scoot,19:50,05:45,1,430,,,google-flights,ok,
2026-09-29 11:09:29+0700,SUB-TPE,SUB,TPE,2027-04-24,2027-05-08,economy,5326991,IDR,Scoot,19:50,17:10,1,430,,,google-flights,ok,
2026-09-29 11:09:29+0700,SUB-TPE,SUB,TPE,2027-05-02,2027-05-16,economy,5326991,IDR,Scoot,19:50,05:45,1,430,,,google-flights,ok,
2026-09-29 11:09:29+0700,SUB-TPE,SUB,TPE,2027-05-10,2027-05-24,economy,7111020,IDR,Scoot,10:35,17:10,1,430,,,google-flights,ok,
2026-09-29 11:09:29+0700,SUB-TPE,SUB,TPE,2027-05-18,2027-06-01,economy,4339727,IDR,Scoot,19:50,17:10,1,430,,,google-flights,ok,
2026-09-29 11:09:29+0700,SUB-TPE,SUB,TPE,2027-05-26,2027-06-09,economy,5121311,IDR,Scoot,19:50,11:45,1,430,,,google-flights,ok,
2026-09-29 11:09:29+0700,SUB-TPE,SUB,TPE,2027-06-03,2027-06-17,economy,5666363,IDR,Scoot,08:35,05:45,1,430,,,google-flights,ok,
2026-09-29 11:09:29+0700,SUB-TPE,SUB,TPE,2027-06-11,2027-06-25,economy,5121311,IDR,Scoot,19:50,17:10,1,430,,,google-flights,ok,
2026-09-29 11:09:29+0700,SUB-TPE,SUB,TPE,2027-06-19,2027-07-03,economy,5326991,IDR,Scoot,19:50,17:10,1,430,,,google-flights,ok,
2026-09-29 11:09:29+0700,SUB-TPE,SUB,TPE,2027-06-27,2027-07-11,economy,5121311,IDR,Scoot,19:50,17:10,1,430,,,google-flights,ok,
2026-09-29 11:09:29+0700,SUB-KUL,SUB,KUL,2026-10-04,2026-10-11,economy,4316990,IDR,Indonesia AirAsia,11:20,15:00,0,160,,,google-flights,ok,
2026-09-29 11:09:29+0700,SUB-KUL,SUB,KUL,2026-10-12,2026-10-19,economy,2562214,IDR,Indonesia AirAsia,11:20,15:00,0,160,,,google-flights,ok,
2026-09-29 11:09:29+0700,SUB-KUL,SUB,KUL,2026-10-20,2026-10-27,economy,3146989,IDR,Indonesia AirAsia,17:45,21:25,0,160,,,google-flights,ok,
2026-09-29 11:09:29+0700,SUB-KUL,SUB,KUL,2026-10-28,2026-11-04,economy,2363931,IDR,Indonesia AirAsia,10:20,13:55,0,155,,,google-flights,ok,
2026-09-29 11:09:29+0700,SUB-KUL,SUB,KUL,2026-11-05,2026-11-12,economy,3642423,IDR,Malaysia Airlines,10:00,13:40,0,160,,,google-flights,ok,
2026-09-29 11:09:29+0700,SUB-KUL,SUB,KUL,2026-11-13,2026-11-20,economy,3345297,IDR,Malaysia Airlines,10:00,13:40,0,160,,,google-flights,ok,
2026-09-29 11:09:29+0700,SUB-KUL,SUB,KUL,2026-11-21,2026-11-28,economy,3345297,IDR,Malaysia Airlines,10:00,13:40,0,160,,,google-flights,ok,
2026-09-29 11:09:29+0700,SUB-KUL,SUB,KUL,2026-11-29,2026-12-06,economy,3068245,IDR,Indonesia AirAsia,16:45,20:25,0,160,,,google-flights,ok,
2026-09-29 11:09:29+0700,SUB-KUL,SUB,KUL,2026-12-07,2026-12-14,economy,4385270,IDR,Malaysia Airlines,10:00,13:40,0,160,,,google-flights,ok,
2026-09-29 11:09:29+0700,SUB-KUL,SUB,KUL,2026-12-15,2026-12-22,economy,4787030,IDR,Malaysia Airlines,10:00,13:40,0,160,,,google-flights,ok,
2026-09-29 11:09:29+0700,SUB-KUL,SUB,KUL,2026-12-23,2026-12-30,economy,4188234,IDR,Indonesia AirAsia,04:00,07:35,0,155,,,google-flights,ok,
2026-09-29 11:09:29+0700,SUB-KUL,SUB,KUL,2026-12-31,2027-01-07,economy,4188234,IDR,Indonesia AirAsia,10:20,13:55,0,155,,,google-flights,ok,
2026-09-29 11:09:29+0700,SUB-KUL,SUB,KUL,2027-01-08,2027-01-15,economy,3808234,IDR,Indonesia AirAsia,04:00,07:35,0,155,,,google-flights,ok,
2026-09-29 11:09:29+0700,SUB-KUL,SUB,KUL,2027-01-16,2027-01-23,economy,3068245,IDR,Indonesia AirAsia,04:00,07:35,0,155,,,google-flights,ok,
2026-09-29 11:09:29+0700,SUB-KUL,SUB,KUL,2027-01-24,2027-01-31,economy,3068245,IDR,Indonesia AirAsia,04:00,07:35,0,155,,,google-flights,ok,
2026-09-29 11:09:29+0700,SUB-KUL,SUB,KUL,2027-02-01,2027-02-08,economy,3288559,IDR,Indonesia AirAsia,04:00,07:35,0,155,,,google-flights,ok,
2026-09-29 11:09:29+0700,SUB-SIN,SUB,SIN,2026-10-07,2026-10-14,economy,4202335,IDR,Lion/Batik Air,07:40,15:15,1,195,,,google-flights,ok,
2026-09-29 11:09:29+0700,SUB-SIN,SUB,SIN,2026-10-15,2026-10-22,economy,4534668,IDR,Indonesia AirAsia/AirAsia,11:20,18:05,1,240,,,google-flights,ok,
2026-09-29 11:09:29+0700,SUB-SIN,SUB,SIN,2026-10-23,2026-10-30,economy,4259316,IDR,Indonesia AirAsia/AirAsia,11:20,18:05,1,240,,,google-flights,ok,
2026-09-29 11:09:29+0700,SUB-SIN,SUB,SIN,2026-10-31,2026-11-07,economy,4583452,IDR,Indonesia AirAsia/AirAsia,13:25,20:55,1,240,,,google-flights,ok,
2026-09-29 11:09:29+0700,SUB-SIN,SUB,SIN,2026-11-08,2026-11-15,economy,4583143,IDR,Indonesia AirAsia/AirAsia,04:00,10:20,1,230,,,google-flights,ok,
2026-09-29 11:09:29+0700,SUB-SIN,SUB,SIN,2026-11-16,2026-11-23,economy,4654919,IDR,Indonesia AirAsia/AirAsia,04:00,10:20,1,230,,,google-flights,ok,
2026-09-29 11:09:29+0700,SUB-SIN,SUB,SIN,2026-11-24,2026-12-01,economy,4919002,IDR,Indonesia AirAsia/AirAsia,10:20,18:00,1,235,,,google-flights,ok,
2026-09-29 11:09:29+0700,SUB-SIN,SUB,SIN,2026-12-02,2026-12-09,economy,5418105,IDR,Indonesia AirAsia/AirAsia,04:00,10:20,1,230,,,google-flights,ok,
2026-09-29 11:09:29+0700,SUB-SIN,SUB,SIN,2026-12-10,2026-12-17,economy,5591191,IDR,Malaysia Airlines,10:00,16:40,1,235,,,google-flights,ok,
2026-09-29 11:09:29+0700,SUB-SIN,SUB,SIN,2026-12-18,2026-12-25,economy,6294453,IDR,Garuda Indonesia,16:00,16:45,1,225,,,google-flights,ok,
2026-09-29 11:09:29+0700,SUB-SIN,SUB,SIN,2026-12-26,2027-01-02,economy,6825453,IDR,Garuda Indonesia,09:20,16:45,1,225,,,google-flights,ok,
2026-09-29 11:09:29+0700,SUB-SIN,SUB,SIN,2027-01-03,2027-01-10,economy,,IDR,,,,,,,,,error,IndexError: list index out of range
2026-09-29 11:09:29+0700,SUB-SIN,SUB,SIN,2027-01-11,2027-01-18,economy,,IDR,,,,,,,,,error,IndexError: list index out of range
2026-09-29 11:09:29+0700,SUB-SIN,SUB,SIN,2027-01-19,2027-01-26,economy,5361042,IDR,Indonesia AirAsia/AirAsia,04:00,10:20,1,230,,,google-flights,ok,
2026-09-29 11:09:29+0700,SUB-SIN,SUB,SIN,2027-01-27,2027-02-03,economy,,IDR,,,,,,,,,error,IndexError: list index out of range
2026-09-29 14:11:16+0700,DPS-MEL,DPS,MEL,2026-10-04,2026-10-18,economy,,IDR,,,,,,,,,error,IndexError: list index out of range
2026-09-29 14:11:16+0700,DPS-MEL,DPS,MEL,2026-10-12,2026-10-26,economy,,IDR,,,,,,,,,error,IndexError: list index out of range
2026-09-29 14:11:16+0700,DPS-MEL,DPS,MEL,2026-10-20,2026-11-03,economy,,IDR,,,,,,,,,error,IndexError: list index out of range
2026-09-29 14:11:16+0700,DPS-MEL,DPS,MEL,2026-10-28,2026-11-11,economy,9816907,IDR,Jetstar,14:55,07:25,1,630,,,google-flights,ok,
2026-09-29 14:11:16+0700,DPS-MEL,DPS,MEL,2026-11-05,2026-11-19,economy,11015890,IDR,Jetstar,07:00,21:35,1,420,,,google-flights,ok,
2026-09-29 14:11:16+0700,DPS-MEL,DPS,MEL,2026-11-13,2026-11-27,economy,9478811,IDR,Jetstar,11:30,20:10,0,340,,,google-flights,ok,
2026-09-29 14:11:16+0700,DPS-MEL,DPS,MEL,2026-11-21,2026-12-05,economy,8687935,IDR,Jetstar,14:55,23:35,0,340,,,google-flights,ok,
2026-09-29 14:11:16+0700,DPS-MEL,DPS,MEL,2026-11-29,2026-12-13,economy,9674003,IDR,Jetstar,14:55,23:35,0,340,,,google-flights,ok,
2026-09-29 14:11:16+0700,DPS-MEL,DPS,MEL,2026-12-07,2026-12-21,economy,13433782,IDR,Virgin Australia,22:30,11:05,1,465,,,google-flights,ok,
2026-09-29 14:11:16+0700,DPS-MEL,DPS,MEL,2026-12-15,2026-12-29,economy,10338382,IDR,Virgin Australia,21:25,07:50,1,435,,,google-flights,ok,
2026-09-29 14:11:16+0700,DPS-MEL,DPS,MEL,2026-12-23,2027-01-06,economy,7532438,IDR,Jetstar,14:55,23:35,0,340,,,google-flights,ok,
2026-09-29 14:11:16+0700,DPS-MEL,DPS,MEL,2026-12-31,2027-01-14,economy,8342576,IDR,Virgin Australia,22:00,06:40,0,340,,,google-flights,ok,
2026-09-29 14:11:16+0700,DPS-MEL,DPS,MEL,2027-01-08,2027-01-22,economy,12163811,IDR,Jetstar,14:55,23:35,0,340,,,google-flights,ok,
2026-09-29 14:11:16+0700,DPS-MEL,DPS,MEL,2027-01-16,2027-01-30,economy,10871689,IDR,Jetstar,14:55,23:35,0,340,,,google-flights,ok,
2026-09-29 14:11:16+0700,DPS-MEL,DPS,MEL,2027-01-24,2027-02-07,economy,9337576,IDR,Virgin Australia,15:50,00:30,0,340,,,google-flights,ok,
2026-09-29 14:11:16+0700,DPS-MEL,DPS,MEL,2027-02-01,2027-02-15,economy,8359473,IDR,Jetstar,22:50,12:00,1,375,,,google-flights,ok,
2026-09-29 14:11:16+0700,SUB-TPE,SUB,TPE,2026-10-07,2026-10-21,economy,6058154,IDR,Scoot,10:35,11:45,1,430,,,google-flights,ok,
2026-09-29 14:11:16+0700,SUB-TPE,SUB,TPE,2026-10-15,2026-10-29,economy,5852474,IDR,Scoot,10:35,17:10,1,430,,,google-flights,ok,
2026-09-29 14:11:16+0700,SUB-TPE,SUB,TPE,2026-10-23,2026-11-06,economy,5240821,IDR,Scoot,19:50,05:45,1,430,,,google-flights,ok,
2026-09-29 14:11:16+0700,SUB-TPE,SUB,TPE,2026-10-31,2026-11-14,economy,4490089,IDR,Scoot,19:30,05:35,1,425,,,google-flights,ok,
2026-09-29 14:11:16+0700,SUB-TPE,SUB,TPE,2026-11-08,2026-11-22,economy,5580193,IDR,Scoot,19:30,05:35,1,425,,,google-flights,ok,
2026-09-29 14:11:16+0700,SUB-TPE,SUB,TPE,2026-11-16,2026-11-30,economy,9878414,IDR,Scoot,09:50,05:35,1,425,,,google-flights,ok,
2026-09-29 14:11:16+0700,SUB-TPE,SUB,TPE,2026-11-24,2026-12-08,economy,7842183,IDR,Scoot,09:50,05:35,1,425,,,google-flights,ok,
2026-09-29 14:11:16+0700,SUB-TPE,SUB,TPE,2026-12-02,2026-12-16,economy,8479791,IDR,Scoot,19:30,05:35,1,425,,,google-flights,ok,
2026-09-29 14:11:16+0700,SUB-TPE,SUB,TPE,2026-12-10,2026-12-24,economy,12161461,IDR,Scoot,09:50,05:35,1,425,,,google-flights,ok,
2026-09-29 14:11:16+0700,SUB-TPE,SUB,TPE,2026-12-18,2027-01-01,economy,13202612,IDR,Scoot,19:30,05:35,1,425,,,google-flights,ok,
2026-09-29 14:11:16+0700,SUB-TPE,SUB,TPE,2026-12-26,2027-01-09,economy,12863240,IDR,Scoot,19:30,05:35,1,425,,,google-flights,ok,
2026-09-29 14:11:16+0700,SUB-TPE,SUB,TPE,2027-01-03,2027-01-17,economy,5035141,IDR,Scoot,19:30,11:00,1,435,,,google-flights,ok,
2026-09-29 14:11:16+0700,SUB-TPE,SUB,TPE,2027-01-11,2027-01-25,economy,5240821,IDR,Scoot,09:50,11:00,1,435,,,google-flights,ok,
2026-09-29 14:11:16+0700,SUB-TPE,SUB,TPE,2027-01-19,2027-02-02,economy,6685478,IDR,Scoot,09:50,05:35,1,425,,,google-flights,ok,
2026-09-29 14:11:16+0700,SUB-TPE,SUB,TPE,2027-01-27,2027-02-10,economy,6479798,IDR,Scoot,19:30,05:35,1,425,,,google-flights,ok,
2026-09-29 14:11:16+0700,SUB-TPE,SUB,TPE,2027-02-04,2027-02-18,economy,8479791,IDR,Scoot,09:50,05:35,1,425,,,google-flights,ok,
2026-09-29 14:11:16+0700,SUB-TPE,SUB,TPE,2027-02-12,2027-02-26,economy,12565004,IDR,Scoot,19:30,05:35,1,425,,,google-flights,ok,
2026-09-29 14:11:16+0700,SUB-TPE,SUB,TPE,2027-02-20,2027-03-06,economy,5240821,IDR,Scoot,09:50,13:10,1,425,,,google-flights,ok,
2026-09-29 14:11:16+0700,SUB-TPE,SUB,TPE,2027-02-28,2027-03-14,economy,10516022,IDR,Scoot,19:30,05:35,1,425,,,google-flights,ok,
2026-09-29 14:11:16+0700,SUB-TPE,SUB,TPE,2027-03-08,2027-03-22,economy,9307897,IDR,Scoot,09:50,05:35,1,425,,,google-flights,ok,
2026-09-29 14:11:16+0700,SUB-TPE,SUB,TPE,2027-03-16,2027-03-30,economy,5240821,IDR,Scoot,09:50,13:10,1,425,,,google-flights,ok,
2026-09-29 14:11:16+0700,SUB-TPE,SUB,TPE,2027-03-24,2027-04-07,economy,5078226,IDR,Scoot,19:30,13:10,1,425,,,google-flights,ok,
2026-09-29 14:11:16+0700,SUB-TPE,SUB,TPE,2027-04-01,2027-04-15,economy,7301029,IDR,Scoot,08:35,14:15,1,430,,,google-flights,ok,
2026-09-29 14:11:16+0700,SUB-TPE,SUB,TPE,2027-04-09,2027-04-23,economy,5938644,IDR,Scoot,19:50,05:45,1,430,,,google-flights,ok,
2026-09-29 14:11:16+0700,SUB-TPE,SUB,TPE,2027-04-17,2027-05-01,economy,5326991,IDR,Scoot,19:50,17:10,1,430,,,google-flights,ok,
2026-09-29 14:11:16+0700,SUB-TPE,SUB,TPE,2027-04-25,2027-05-09,economy,5666363,IDR,Scoot,19:50,05:45,1,430,,,google-flights,ok,
2026-09-29 14:11:16+0700,SUB-TPE,SUB,TPE,2027-05-03,2027-05-17,economy,7301029,IDR,Scoot,10:35,11:45,1,430,,,google-flights,ok,
2026-09-29 14:11:16+0700,SUB-TPE,SUB,TPE,2027-05-11,2027-05-25,economy,4576259,IDR,Scoot,19:50,17:10,1,430,,,google-flights,ok,
2026-09-29 14:11:16+0700,SUB-TPE,SUB,TPE,2027-05-19,2027-06-02,economy,4576259,IDR,Scoot,19:50,17:10,1,430,,,google-flights,ok,
2026-09-29 14:11:16+0700,SUB-TPE,SUB,TPE,2027-05-27,2027-06-10,economy,6483696,IDR,Scoot,08:35,05:45,1,430,,,google-flights,ok,
2026-09-29 14:11:16+0700,SUB-TPE,SUB,TPE,2027-06-04,2027-06-18,economy,5121311,IDR,Scoot,19:50,05:45,1,430,,,google-flights,ok,
2026-09-29 14:11:16+0700,SUB-TPE,SUB,TPE,2027-06-12,2027-06-26,economy,5666363,IDR,Scoot,19:50,17:10,1,430,,,google-flights,ok,
2026-09-29 14:11:16+0700,SUB-TPE,SUB,TPE,2027-06-20,2027-07-04,economy,5326991,IDR,Scoot,19:50,17:10,1,430,,,google-flights,ok,
2026-09-29 14:11:16+0700,SUB-TPE,SUB,TPE,2027-06-28,2027-07-12,economy,5326991,IDR,Scoot,10:35,14:15,1,430,,,google-flights,ok,
2026-09-29 14:11:16+0700,SUB-KUL,SUB,KUL,2026-10-05,2026-10-12,economy,4751161,IDR,Citilink Indonesia,11:25,19:10,1,230,,,google-flights,ok,
2026-09-29 14:11:16+0700,SUB-KUL,SUB,KUL,2026-10-13,2026-10-20,economy,3146989,IDR,Indonesia AirAsia,11:20,15:00,0,160,,,google-flights,ok,
2026-09-29 14:11:16+0700,SUB-KUL,SUB,KUL,2026-10-21,2026-10-28,economy,2184003,IDR,Indonesia AirAsia,17:45,21:25,0,160,,,google-flights,ok,
2026-09-29 14:11:16+0700,SUB-KUL,SUB,KUL,2026-10-29,2026-11-05,economy,2525999,IDR,Indonesia AirAsia,10:20,13:55,0,155,,,google-flights,ok,
2026-09-29 14:11:16+0700,SUB-KUL,SUB,KUL,2026-11-06,2026-11-13,economy,3345644,IDR,Malaysia Airlines,10:00,13:40,0,160,,,google-flights,ok,
2026-09-29 14:11:16+0700,SUB-KUL,SUB,KUL,2026-11-14,2026-11-21,economy,2184003,IDR,Indonesia AirAsia,16:45,20:25,0,160,,,google-flights,ok,
2026-09-29 14:11:16+0700,SUB-KUL,SUB,KUL,2026-11-22,2026-11-29,economy,2217006,IDR,Indonesia AirAsia,10:20,13:55,0,155,,,google-flights,ok,
2026-09-29 14:11:16+0700,SUB-KUL,SUB,KUL,2026-11-30,2026-12-07,economy,4244512,IDR,Malaysia Airlines,18:05,21:45,0,160,,,google-flights,ok,
2026-09-29 14:11:16+0700,SUB-KUL,SUB,KUL,2026-12-08,2026-12-15,economy,3288559,IDR,Indonesia AirAsia,16:45,20:25,0,160,,,google-flights,ok,
2026-09-29 14:11:16+0700,SUB-KUL,SUB,KUL,2026-12-16,2026-12-23,economy,4787798,IDR,Malaysia Airlines,10:00,13:40,0,160,,,google-flights,ok,
2026-09-29 14:11:16+0700,SUB-KUL,SUB,KUL,2026-12-24,2026-12-31,economy,4188234,IDR,Indonesia AirAsia,04:00,07:35,0,155,,,google-flights,ok,
2026-09-29 14:11:16+0700,SUB-KUL,SUB,KUL,2027-01-01,2027-01-08,economy,3808234,IDR,Indonesia AirAsia,04:00,07:35,0,155,,,google-flights,ok,
2026-09-29 14:11:16+0700,SUB-KUL,SUB,KUL,2027-01-09,2027-01-16,economy,3587920,IDR,Indonesia AirAsia,04:00,07:35,0,155,,,google-flights,ok,
2026-09-29 14:11:16+0700,SUB-KUL,SUB,KUL,2027-01-17,2027-01-24,economy,3068245,IDR,Indonesia AirAsia,04:00,07:35,0,155,,,google-flights,ok,
2026-09-29 14:11:16+0700,SUB-KUL,SUB,KUL,2027-01-25,2027-02-01,economy,3288559,IDR,Indonesia AirAsia,04:00,07:35,0,155,,,google-flights,ok,
2026-09-29 14:11:16+0700,SUB-SIN,SUB,SIN,2026-09-30,2026-10-07,economy,4810190,IDR,Lion/Batik Air,11:05,20:30,1,195,,,google-flights,ok,
2026-09-29 14:11:16+0700,SUB-SIN,SUB,SIN,2026-10-08,2026-10-15,economy,4831060,IDR,Lion/Batik Air,07:40,15:15,1,195,,,google-flights,ok,
2026-09-29 14:11:16+0700,SUB-SIN,SUB,SIN,2026-10-16,2026-10-23,economy,4233138,IDR,Indonesia AirAsia/AirAsia,05:05,11:35,1,230,,,google-flights,ok,
2026-09-29 14:11:16+0700,SUB-SIN,SUB,SIN,2026-10-24,2026-10-31,economy,4546784,IDR,Indonesia AirAsia/AirAsia,11:20,18:05,1,240,,,google-flights,ok,
2026-09-29 14:11:16+0700,SUB-SIN,SUB,SIN,2026-11-01,2026-11-08,economy,4447043,IDR,Indonesia AirAsia/AirAsia,04:00,10:20,1,230,,,google-flights,ok,
2026-09-29 14:11:16+0700,SUB-SIN,SUB,SIN,2026-11-09,2026-11-16,economy,5596095,IDR,Citilink Indonesia,20:15,09:10,1,205,,,google-flights,ok,
2026-09-29 14:11:16+0700,SUB-SIN,SUB,SIN,2026-11-17,2026-11-24,economy,4445919,IDR,Indonesia AirAsia/AirAsia,04:00,10:20,1,230,,,google-flights,ok,
2026-09-29 14:11:16+0700,SUB-SIN,SUB,SIN,2026-11-25,2026-12-02,economy,4919002,IDR,Indonesia AirAsia/AirAsia,10:20,18:00,1,235,,,google-flights,ok,
2026-09-29 14:11:16+0700,SUB-SIN,SUB,SIN,2026-12-03,2026-12-10,economy,5591191,IDR,Malaysia Airlines,15:50,00:30,1,230,,,google-flights,ok,
2026-09-29 14:11:16+0700,SUB-SIN,SUB,SIN,2026-12-11,2026-12-18,economy,6047453,IDR,Garuda Indonesia,16:00,16:45,1,225,,,google-flights,ok,
2026-09-29 14:11:16+0700,SUB-SIN,SUB,SIN,2026-12-19,2026-12-26,economy,6385453,IDR,Garuda Indonesia,16:00,16:45,1,225,,,google-flights,ok,
2026-09-29 14:11:16+0700,SUB-SIN,SUB,SIN,2026-12-27,2027-01-03,economy,,IDR,,,,,,,,,error,IndexError: list index out of range
2026-09-29 14:11:16+0700,SUB-SIN,SUB,SIN,2027-01-04,2027-01-11,economy,5913191,IDR,Malaysia Airlines,10:00,16:40,1,235,,,google-flights,ok,
2026-09-29 14:11:16+0700,SUB-SIN,SUB,SIN,2027-01-12,2027-01-19,economy,5371175,IDR,Indonesia AirAsia/AirAsia,04:00,10:20,1,230,,,google-flights,ok,
2026-09-29 14:11:16+0700,SUB-SIN,SUB,SIN,2027-01-20,2027-01-27,economy,5371175,IDR,Indonesia AirAsia/AirAsia,05:00,11:35,1,230,,,google-flights,ok,
2026-09-29 14:11:16+0700,SUB-SIN,SUB,SIN,2027-01-28,2027-02-04,economy,,IDR,,,,,,,,,error,IndexError: list index out of range
2026-09-29 17:10:26+0700,DPS-MEL,DPS,MEL,2026-10-05,2026-10-19,economy,,IDR,,,,,,,,,error,IndexError: list index out of range
2026-09-29 17:10:26+0700,DPS-MEL,DPS,MEL,2026-10-13,2026-10-27,economy,,IDR,,,,,,,,,error,IndexError: list index out of range
2026-09-29 17:10:26+0700,DPS-MEL,DPS,MEL,2026-10-21,2026-11-04,economy,,IDR,,,,,,,,,error,IndexError: list index out of range
2026-09-29 17:10:26+0700,DPS-MEL,DPS,MEL,2026-10-29,2026-11-12,economy,9686056,IDR,Cebu Pacific,01:00,00:10,1,755,,,google-flights,ok,
2026-09-29 17:10:26+0700,DPS-MEL,DPS,MEL,2026-11-06,2026-11-20,economy,10651944,IDR,Virgin Australia,23:20,22:00,1,490,,,google-flights,ok,
2026-09-29 17:10:26+0700,DPS-MEL,DPS,MEL,2026-11-14,2026-11-28,economy,9783641,IDR,Jetstar,14:55,23:35,0,340,,,google-flights,ok,
2026-09-29 17:10:26+0700,DPS-MEL,DPS,MEL,2026-11-22,2026-12-06,economy,9534095,IDR,Jetstar,20:20,04:55,0,335,,,google-flights,ok,
2026-09-29 17:10:26+0700,DPS-MEL,DPS,MEL,2026-11-30,2026-12-14,economy,10059355,IDR,Jetstar,14:55,23:35,0,340,,,google-flights,ok,
2026-09-29 17:10:26+0700,DPS-MEL,DPS,MEL,2026-12-08,2026-12-22,economy,12185982,IDR,Virgin Australia,22:30,16:50,2,505,,,google-flights,ok,
2026-09-29 17:10:26+0700,DPS-MEL,DPS,MEL,2026-12-16,2026-12-30,economy,10488346,IDR,Jetstar,11:30,20:10,0,340,,,google-flights,ok,
2026-09-29 17:10:26+0700,DPS-MEL,DPS,MEL,2026-12-24,2027-01-07,economy,8202585,IDR,Virgin Australia,22:00,06:40,0,340,,,google-flights,ok,
2026-09-29 17:10:26+0700,DPS-MEL,DPS,MEL,2027-01-01,2027-01-15,economy,11238891,IDR,Virgin Australia,22:00,06:40,0,340,,,google-flights,ok,
2026-09-29 17:10:26+0700,DPS-MEL,DPS,MEL,2027-01-09,2027-01-23,economy,13340811,IDR,Jetstar,11:30,20:10,0,340,,,google-flights,ok,
2026-09-29 17:10:26+0700,DPS-MEL,DPS,MEL,2027-01-17,2027-01-31,economy,10893423,IDR,Jetstar,14:55,23:35,0,340,,,google-flights,ok,
2026-09-29 17:10:26+0700,DPS-MEL,DPS,MEL,2027-01-25,2027-02-08,economy,9457811,IDR,Jetstar,14:55,23:35,0,340,,,google-flights,ok,
2026-09-29 17:10:26+0700,SUB-TPE,SUB,TPE,2026-09-30,2026-10-14,economy,13763335,IDR,Scoot,19:50,05:45,1,430,,,google-flights,ok,
2026-09-29 17:10:26+0700,SUB-TPE,SUB,TPE,2026-10-08,2026-10-22,economy,6397526,IDR,Scoot,10:35,17:10,1,430,,,google-flights,ok,
2026-09-29 17:10:26+0700,SUB-TPE,SUB,TPE,2026-10-16,2026-10-30,economy,5240821,IDR,Scoot,19:50,11:45,1,430,,,google-flights,ok,
2026-09-29 17:10:26+0700,SUB-TPE,SUB,TPE,2026-10-24,2026-11-07,economy,4695769,IDR,Scoot,19:50,11:00,1,425,,,google-flights,ok,
2026-09-29 17:10:26+0700,SUB-TPE,SUB,TPE,2026-11-01,2026-11-15,economy,5240821,IDR,Scoot,19:30,05:35,1,425,,,google-flights,ok,
2026-09-29 17:10:26+0700,SUB-TPE,SUB,TPE,2026-11-09,2026-11-23,economy,,IDR,,,,,,,,,error,TypeError: 'NoneType' object is not subscriptable
2026-09-29 17:10:26+0700,SUB-TPE,SUB,TPE,2026-11-17,2026-12-01,economy,6397526,IDR,Scoot,19:30,05:35,1,425,,,google-flights,ok,
2026-09-29 17:10:26+0700,SUB-TPE,SUB,TPE,2026-11-25,2026-12-09,economy,5580193,IDR,Scoot,19:30,05:35,1,425,,,google-flights,ok,
2026-09-29 17:10:26+0700,SUB-TPE,SUB,TPE,2026-12-03,2026-12-17,economy,11390162,IDR,Scoot,09:50,05:35,1,425,,,google-flights,ok,
2026-09-29 17:10:26+0700,SUB-TPE,SUB,TPE,2026-12-11,2026-12-25,economy,13202612,IDR,Scoot,19:30,05:35,1,425,,,google-flights,ok,
2026-09-29 17:10:26+0700,SUB-TPE,SUB,TPE,2026-12-19,2027-01-02,economy,14848051,IDR,Scoot,19:30,17:00,1,425,,,google-flights,ok,
2026-09-29 17:10:26+0700,SUB-TPE,SUB,TPE,2026-12-27,2027-01-10,economy,10125230,IDR,Scoot,19:30,11:00,1,435,,,google-flights,ok,
2026-09-29 17:10:26+0700,SUB-TPE,SUB,TPE,2027-01-04,2027-01-18,economy,6058154,IDR,Scoot,09:50,13:15,1,430,,,google-flights,ok,
2026-09-29 17:10:26+0700,SUB-TPE,SUB,TPE,2027-01-12,2027-01-26,economy,5035141,IDR,Scoot,19:30,05:35,1,425,,,google-flights,ok,
2026-09-29 17:10:26+0700,SUB-TPE,SUB,TPE,2027-01-20,2027-02-03,economy,7888705,IDR,Scoot,19:30,05:35,1,425,,,google-flights,ok,
2026-09-29 17:10:26+0700,SUB-TPE,SUB,TPE,2027-01-28,2027-02-11,economy,6058154,IDR,Scoot,09:50,11:00,1,435,,,google-flights,ok,
2026-09-29 17:10:26+0700,SUB-TPE,SUB,TPE,2027-02-05,2027-02-19,economy,8479791,IDR,Scoot,19:30,05:35,1,425,,,google-flights,ok,
2026-09-29 17:10:26+0700,SUB-TPE,SUB,TPE,2027-02-13,2027-02-27,economy,12565004,IDR,Scoot,19:30,05:35,1,425,,,google-flights,ok,
2026-09-29 17:10:26+0700,SUB-TPE,SUB,TPE,2027-02-21,2027-03-07,economy,5035141,IDR,Scoot,19:30,11:00,1,435,,,google-flights,ok,
2026-09-29 17:10:26+0700,SUB-TPE,SUB,TPE,2027-03-01,2027-03-15,economy,9878414,IDR,Scoot,09:50,05:35,1,425,,,google-flights,ok,
2026-09-29 17:10:26+0700,SUB-TPE,SUB,TPE,2027-03-09,2027-03-23,economy,8094385,IDR,Scoot,19:30,11:00,1,435,,,google-flights,ok,
2026-09-29 17:10:26+0700,SUB-TPE,SUB,TPE,2027-03-17,2027-03-31,economy,5852474,IDR,Scoot,19:30,13:10,1,425,,,google-flights,ok,
2026-09-29 17:10:26+0700,SUB-TPE,SUB,TPE,2027-03-25,2027-04-08,economy,7885268,IDR,Scoot,09:50,11:00,1,435,,,google-flights,ok,
2026-09-29 17:10:26+0700,SUB-TPE,SUB,TPE,2027-04-02,2027-04-16,economy,6144324,IDR,Scoot,19:50,17:10,1,430,,,google-flights,ok,
2026-09-29 17:10:26+0700,SUB-TPE,SUB,TPE,2027-04-10,2027-04-24,economy,6144324,IDR,Scoot,19:50,17:10,1,430,,,google-flights,ok,
2026-09-29 17:10:26+0700,SUB-TPE,SUB,TPE,2027-04-18,2027-05-02,economy,5666363,IDR,Scoot,19:50,05:45,1,430,,,google-flights,ok,
2026-09-29 17:10:26+0700,SUB-TPE,SUB,TPE,2027-04-26,2027-05-10,economy,4987619,IDR,Scoot,10:35,17:10,1,430,,,google-flights,ok,
2026-09-29 17:10:26+0700,SUB-TPE,SUB,TPE,2027-05-04,2027-05-18,economy,4576259,IDR,Scoot,19:50,17:10,1,430,,,google-flights,ok,
2026-09-29 17:10:26+0700,SUB-TPE,SUB,TPE,2027-05-12,2027-05-26,economy,4339727,IDR,Scoot,19:50,17:10,1,430,,,google-flights,ok,
2026-09-29 17:10:26+0700,SUB-TPE,SUB,TPE,2027-05-20,2027-06-03,economy,6483696,IDR,Scoot,08:35,05:45,1,430,,,google-flights,ok,
2026-09-29 17:10:26+0700,SUB-TPE,SUB,TPE,2027-05-28,2027-06-11,economy,5121311,IDR,Scoot,19:50,11:45,1,430,,,google-flights,ok,
2026-09-29 17:10:26+0700,SUB-TPE,SUB,TPE,2027-06-05,2027-06-19,economy,5326991,IDR,Scoot,19:50,17:10,1,430,,,google-flights,ok,
2026-09-29 17:10:26+0700,SUB-TPE,SUB,TPE,2027-06-13,2027-06-27,economy,5666363,IDR,Scoot,19:50,05:45,1,430,,,google-flights,ok,
2026-09-29 17:10:26+0700,SUB-TPE,SUB,TPE,2027-06-21,2027-07-05,economy,6144324,IDR,Scoot,10:35,17:10,1,430,,,google-flights,ok,
2026-09-29 17:10:26+0700,SUB-TPE,SUB,TPE,2027-06-29,2027-07-13,economy,4576259,IDR,Scoot,19:50,17:10,1,430,,,google-flights,ok,
2026-09-29 17:10:26+0700,SUB-KUL,SUB,KUL,2026-10-06,2026-10-13,economy,3452921,IDR,Indonesia AirAsia,17:45,21:25,0,160,,,google-flights,ok,
2026-09-29 17:10:26+0700,SUB-KUL,SUB,KUL,2026-10-14,2026-10-21,economy,2562214,IDR,Indonesia AirAsia,05:05,08:40,0,155,,,google-flights,ok,
2026-09-29 17:10:26+0700,SUB-KUL,SUB,KUL,2026-10-22,2026-10-29,economy,2184003,IDR,Indonesia AirAsia,17:45,21:25,0,160,,,google-flights,ok,
2026-09-29 17:10:26+0700,SUB-KUL,SUB,KUL,2026-10-30,2026-11-06,economy,2904210,IDR,Indonesia AirAsia,16:45,20:25,0,160,,,google-flights,ok,
2026-09-29 17:10:26+0700,SUB-KUL,SUB,KUL,2026-11-07,2026-11-14,economy,3341960,IDR,Malaysia Airlines,10:00,13:40,0,160,,,google-flights,ok,
2026-09-29 17:10:26+0700,SUB-KUL,SUB,KUL,2026-11-15,2026-11-22,economy,3739167,IDR,Malaysia Airlines,15:50,19:30,0,160,,,google-flights,ok,
2026-09-29 17:10:26+0700,SUB-KUL,SUB,KUL,2026-11-23,2026-11-30,economy,3371049,IDR,Malaysia Airlines,18:05,21:45,0,160,,,google-flights,ok,
2026-09-29 17:10:26+0700,SUB-KUL,SUB,KUL,2026-12-01,2026-12-08,economy,3949038,IDR,Malaysia Airlines,10:00,13:40,0,160,,,google-flights,ok,
2026-09-29 17:10:26+0700,SUB-KUL,SUB,KUL,2026-12-09,2026-12-16,economy,4379122,IDR,Malaysia Airlines,10:00,13:40,0,160,,,google-flights,ok,
2026-09-29 17:10:26+0700,SUB-KUL,SUB,KUL,2026-12-17,2026-12-24,economy,3288559,IDR,Indonesia AirAsia,13:25,17:05,0,160,,,google-flights,ok,
2026-09-29 17:10:26+0700,SUB-KUL,SUB,KUL,2026-12-25,2027-01-01,economy,4188234,IDR,Indonesia AirAsia,04:00,07:35,0,155,,,google-flights,ok,
2026-09-29 17:10:26+0700,SUB-KUL,SUB,KUL,2027-01-02,2027-01-09,economy,3808234,IDR,Indonesia AirAsia,04:00,07:35,0,155,,,google-flights,ok,
2026-09-29 17:10:26+0700,SUB-KUL,SUB,KUL,2027-01-10,2027-01-17,economy,3587920,IDR,Indonesia AirAsia,04:00,07:35,0,155,,,google-flights,ok,
2026-09-29 17:10:26+0700,SUB-KUL,SUB,KUL,2027-01-18,2027-01-25,economy,4118217,IDR,Scoot,09:50,16:15,1,220,,,google-flights,ok,
2026-09-29 17:10:26+0700,SUB-KUL,SUB,KUL,2027-01-26,2027-02-02,economy,3288559,IDR,Indonesia AirAsia,04:00,07:35,0,155,,,google-flights,ok,
2026-09-29 17:10:26+0700,SUB-SIN,SUB,SIN,2026-10-01,2026-10-08,economy,4929060,IDR,Lion/Batik Air,06:30,13:45,1,195,,,google-flights,ok,
2026-09-29 17:10:26+0700,SUB-SIN,SUB,SIN,2026-10-09,2026-10-16,economy,4588585,IDR,Indonesia AirAsia/AirAsia,05:05,11:35,1,230,,,google-flights,ok,
2026-09-29 17:10:26+0700,SUB-SIN,SUB,SIN,2026-10-17,2026-10-24,economy,4713984,IDR,Indonesia AirAsia/AirAsia,05:05,11:35,1,230,,,google-flights,ok,
2026-09-29 17:10:26+0700,SUB-SIN,SUB,SIN,2026-10-25,2026-11-01,economy,4558608,IDR,Indonesia AirAsia/AirAsia,04:00,10:20,1,230,,,google-flights,ok,
2026-09-29 17:10:26+0700,SUB-SIN,SUB,SIN,2026-11-02,2026-11-09,economy,4452175,IDR,Indonesia AirAsia/AirAsia,13:25,19:40,1,240,,,google-flights,ok,
2026-09-29 17:10:26+0700,SUB-SIN,SUB,SIN,2026-11-10,2026-11-17,economy,4647340,IDR,Indonesia AirAsia/AirAsia,10:20,18:00,1,235,,,google-flights,ok,
2026-09-29 17:10:26+0700,SUB-SIN,SUB,SIN,2026-11-18,2026-11-25,economy,4445919,IDR,Indonesia AirAsia/AirAsia,04:00,10:20,1,230,,,google-flights,ok,
2026-09-29 17:10:26+0700,SUB-SIN,SUB,SIN,2026-11-26,2026-12-03,economy,4919002,IDR,Indonesia AirAsia/AirAsia,04:00,10:20,1,230,,,google-flights,ok,
2026-09-29 17:10:26+0700,SUB-SIN,SUB,SIN,2026-12-04,2026-12-11,economy,6727171,IDR,Garuda Indonesia,11:10,18:25,1,205,,,google-flights,ok,
2026-09-29 17:10:26+0700,SUB-SIN,SUB,SIN,2026-12-12,2026-12-19,economy,6414171,IDR,Garuda Indonesia,08:20,14:25,1,200,,,google-flights,ok,
2026-09-29 17:10:26+0700,SUB-SIN,SUB,SIN,2026-12-20,2026-12-27,economy,6520191,IDR,Malaysia Airlines,10:00,16:40,1,235,,,google-flights,ok,
2026-09-29 17:10:26+0700,SUB-SIN,SUB,SIN,2026-12-28,2027-01-04,economy,,IDR,,,,,,,,,error,IndexError: list index out of range
2026-09-29 17:10:26+0700,SUB-SIN,SUB,SIN,2027-01-05,2027-01-12,economy,6409371,IDR,Garuda Indonesia,11:10,18:25,1,205,,,google-flights,ok,
2026-09-29 17:10:26+0700,SUB-SIN,SUB,SIN,2027-01-13,2027-01-20,economy,5371175,IDR,Indonesia AirAsia/AirAsia,04:00,10:20,1,230,,,google-flights,ok,
2026-09-29 17:10:26+0700,SUB-SIN,SUB,SIN,2027-01-21,2027-01-28,economy,5371175,IDR,Indonesia AirAsia/AirAsia,05:00,11:35,1,230,,,google-flights,ok,
2026-09-29 17:10:26+0700,SUB-SIN,SUB,SIN,2027-01-29,2027-02-05,economy,,IDR,,,,,,,,,error,IndexError: list index out of range
2026-09-29 20:12:27+0700,DPS-MEL,DPS,MEL,2026-10-06,2026-10-20,economy,,IDR,,,,,,,,,error,IndexError: list index out of range
2026-09-29 20:12:27+0700,DPS-MEL,DPS,MEL,2026-10-14,2026-10-28,economy,,IDR,,,,,,,,,error,IndexError: list index out of range
2026-09-29 20:12:27+0700,DPS-MEL,DPS,MEL,2026-10-22,2026-11-05,economy,,IDR,,,,,,,,,error,IndexError: list index out of range
2026-09-29 20:12:27+0700,DPS-MEL,DPS,MEL,2026-10-30,2026-11-13,economy,12224456,IDR,Garuda Indonesia,20:40,11:50,1,510,,,google-flights,ok,
2026-09-29 20:12:27+0700,DPS-MEL,DPS,MEL,2026-11-07,2026-11-21,economy,11323151,IDR,Jetstar,07:00,00:20,1,420,,,google-flights,ok,
2026-09-29 20:12:27+0700,DPS-MEL,DPS,MEL,2026-11-15,2026-11-29,economy,9713811,IDR,Jetstar,11:30,20:10,0,340,,,google-flights,ok,
2026-09-29 20:12:27+0700,DPS-MEL,DPS,MEL,2026-11-23,2026-12-07,economy,9642759,IDR,Jetstar,14:55,23:35,0,340,,,google-flights,ok,
2026-09-29 20:12:27+0700,DPS-MEL,DPS,MEL,2026-12-01,2026-12-15,economy,10432811,IDR,Jetstar,20:20,04:55,0,335,,,google-flights,ok,
2026-09-29 20:12:27+0700,DPS-MEL,DPS,MEL,2026-12-09,2026-12-23,economy,14817406,IDR,Jetstar,11:30,20:10,0,340,,,google-flights,ok,
2026-09-29 20:12:27+0700,DPS-MEL,DPS,MEL,2026-12-17,2026-12-31,economy,8551774,IDR,Jetstar,14:55,23:35,0,340,,,google-flights,ok,
2026-09-29 20:12:27+0700,DPS-MEL,DPS,MEL,2026-12-25,2027-01-08,economy,7822749,IDR,Virgin Australia,15:50,00:30,0,340,,,google-flights,ok,
2026-09-29 20:12:27+0700,DPS-MEL,DPS,MEL,2027-01-02,2027-01-16,economy,12130251,IDR,Jetstar,23:20,07:55,0,335,,,google-flights,ok,
2026-09-29 20:12:27+0700,DPS-MEL,DPS,MEL,2027-01-10,2027-01-24,economy,13302186,IDR,Jetstar,11:30,20:10,0,340,,,google-flights,ok,
2026-09-29 20:12:27+0700,DPS-MEL,DPS,MEL,2027-01-18,2027-02-01,economy,10199811,IDR,Jetstar,14:55,23:35,0,340,,,google-flights,ok,
2026-09-29 20:12:27+0700,DPS-MEL,DPS,MEL,2027-01-26,2027-02-09,economy,7996150,IDR,Virgin Australia,22:00,06:40,0,340,,,google-flights,ok,
2026-09-29 20:12:27+0700,SUB-TPE,SUB,TPE,2026-10-01,2026-10-15,economy,8762845,IDR,Scoot,10:35,17:10,1,430,,,google-flights,ok,
2026-09-29 20:12:27+0700,SUB-TPE,SUB,TPE,2026-10-09,2026-10-23,economy,6058154,IDR,Scoot,19:50,17:10,1,430,,,google-flights,ok,
2026-09-29 20:12:27+0700,SUB-TPE,SUB,TPE,2026-10-17,2026-10-31,economy,4695769,IDR,Scoot,19:50,05:45,1,430,,,google-flights,ok,
2026-09-29 20:12:27+0700,SUB-TPE,SUB,TPE,2026-10-25,2026-11-08,economy,7214859,IDR,Scoot,09:50,05:35,1,425,,,google-flights,ok,
2026-09-29 20:12:27+0700,SUB-TPE,SUB,TPE,2026-11-02,2026-11-16,economy,6685478,IDR,Scoot,09:50,05:35,1,425,,,google-flights,ok,
2026-09-29 20:12:27+0700,SUB-TPE,SUB,TPE,2026-11-10,2026-11-24,economy,5035141,IDR,Scoot,19:30,05:35,1,425,,,google-flights,ok,
2026-09-29 20:12:27+0700,SUB-TPE,SUB,TPE,2026-11-18,2026-12-02,economy,7024850,IDR,Scoot,09:50,05:35,1,425,,,google-flights,ok,
2026-09-29 20:12:27+0700,SUB-TPE,SUB,TPE,2026-11-26,2026-12-10,economy,8469507,IDR,Scoot,09:50,05:35,1,425,,,google-flights,ok,
2026-09-29 20:12:27+0700,SUB-TPE,SUB,TPE,2026-12-04,2026-12-18,economy,10516022,IDR,Scoot,19:30,17:00,1,425,,,google-flights,ok,
2026-09-29 20:12:27+0700,SUB-TPE,SUB,TPE,2026-12-12,2026-12-26,economy,10516022,IDR,Scoot,19:30,05:35,1,425,,,google-flights,ok,
2026-09-29 20:12:27+0700,SUB-TPE,SUB,TPE,2026-12-20,2027-01-03,economy,16660501,IDR,Scoot,19:30,05:35,1,425,,,google-flights,ok,
2026-09-29 20:12:27+0700,SUB-TPE,SUB,TPE,2026-12-28,2027-01-11,economy,10125230,IDR,Scoot,09:50,05:35,1,425,,,google-flights,ok,
2026-09-29 20:12:27+0700,SUB-TPE,SUB,TPE,2027-01-05,2027-01-19,economy,5035141,IDR,Scoot,19:30,11:00,1,435,,,google-flights,ok,
2026-09-29 20:12:27+0700,SUB-TPE,SUB,TPE,2027-01-13,2027-01-27,economy,5852474,IDR,Scoot,19:30,05:35,1,425,,,google-flights,ok,
2026-09-29 20:12:27+0700,SUB-TPE,SUB,TPE,2027-01-21,2027-02-04,economy,8968525,IDR,Scoot,09:50,11:00,1,435,,,google-flights,ok,
2026-09-29 20:12:27+0700,SUB-TPE,SUB,TPE,2027-01-29,2027-02-12,economy,5035141,IDR,Scoot,19:30,05:35,1,425,,,google-flights,ok,
2026-09-29 20:12:27+0700,SUB-TPE,SUB,TPE,2027-02-06,2027-02-20,economy,8479791,IDR,Scoot,19:30,05:35,1,425,,,google-flights,ok,
2026-09-29 20:12:27+0700,SUB-TPE,SUB,TPE,2027-02-14,2027-02-28,economy,5035141,IDR,Scoot,19:30,11:00,1,435,,,google-flights,ok,
2026-09-29 20:12:27+0700,SUB-TPE,SUB,TPE,2027-02-22,2027-03-08,economy,5580193,IDR,Scoot,09:50,13:15,1,430,,,google-flights,ok,
2026-09-29 20:12:27+0700,SUB-TPE,SUB,TPE,2027-03-02,2027-03-16,economy,9878414,IDR,Scoot,19:30,05:35,1,425,,,google-flights,ok,
2026-09-29 20:12:27+0700,SUB-TPE,SUB,TPE,2027-03-10,2027-03-24,economy,7888705,IDR,Scoot,19:30,05:35,1,425,,,google-flights,ok,
2026-09-29 20:12:27+0700,SUB-TPE,SUB,TPE,2027-03-18,2027-04-01,economy,7366171,IDR,Scoot,09:50,11:00,1,435,,,google-flights,ok,
2026-09-29 20:12:27+0700,SUB-TPE,SUB,TPE,2027-03-26,2027-04-09,economy,5895559,IDR,Scoot,19:30,17:00,1,425,,,google-flights,ok,
2026-09-29 20:12:27+0700,SUB-TPE,SUB,TPE,2027-04-03,2027-04-17,economy,6483696,IDR,Scoot,19:50,17:10,1,430,,,google-flights,ok,
2026-09-29 20:12:27+0700,SUB-TPE,SUB,TPE,2027-04-11,2027-04-25,economy,5666363,IDR,Scoot,19:50,05:45,1,430,,,google-flights,ok,
2026-09-29 20:12:27+0700,SUB-TPE,SUB,TPE,2027-04-19,2027-05-03,economy,5666363,IDR,Scoot,10:35,17:10,1,430,,,google-flights,ok,
2026-09-29 20:12:27+0700,SUB-TPE,SUB,TPE,2027-04-27,2027-05-11,economy,4545407,IDR,Scoot,19:50,05:45,1,430,,,google-flights,ok,
2026-09-29 20:12:27+0700,SUB-TPE,SUB,TPE,2027-05-05,2027-05-19,economy,5121311,IDR,Scoot,19:50,11:45,1,430,,,google-flights,ok,
2026-09-29 20:12:27+0700,SUB-TPE,SUB,TPE,2027-05-13,2027-05-27,economy,7111020,IDR,Scoot,08:35,05:45,1,430,,,google-flights,ok,
2026-09-29 20:12:27+0700,SUB-TPE,SUB,TPE,2027-05-21,2027-06-04,economy,4781939,IDR,Scoot,19:50,11:45,1,430,,,google-flights,ok,
2026-09-29 20:12:27+0700,SUB-TPE,SUB,TPE,2027-05-29,2027-06-12,economy,5121311,IDR,Scoot,19:50,17:10,1,430,,,google-flights,ok,
2026-09-29 20:12:27+0700,SUB-TPE,SUB,TPE,2027-06-06,2027-06-20,economy,5666363,IDR,Scoot,19:50,05:45,1,430,,,google-flights,ok,
2026-09-29 20:12:27+0700,SUB-TPE,SUB,TPE,2027-06-14,2027-06-28,economy,6144324,IDR,Scoot,10:35,17:10,1,430,,,google-flights,ok,
2026-09-29 20:12:27+0700,SUB-TPE,SUB,TPE,2027-06-22,2027-07-06,economy,4987619,IDR,Scoot,19:50,05:45,1,430,,,google-flights,ok,
2026-09-29 20:12:27+0700,SUB-TPE,SUB,TPE,2027-06-30,2027-07-14,economy,4781939,IDR,Scoot,19:50,05:45,1,430,,,google-flights,ok,
2026-09-29 20:12:27+0700,SUB-KUL,SUB,KUL,2026-10-07,2026-10-14,economy,4499355,IDR,Batik Air,10:05,13:45,0,160,,,google-flights,ok,
2026-09-29 20:12:27+0700,SUB-KUL,SUB,KUL,2026-10-15,2026-10-22,economy,2562214,IDR,Indonesia AirAsia,07:05,10:45,0,160,,,google-flights,ok,
2026-09-29 20:12:27+0700,SUB-KUL,SUB,KUL,2026-10-23,2026-10-30,economy,2184003,IDR,Indonesia AirAsia,05:05,08:40,0,155,,,google-flights,ok,
2026-09-29 20:12:27+0700,SUB-KUL,SUB,KUL,2026-10-31,2026-11-07,economy,2562214,IDR,Indonesia AirAsia,04:00,07:35,0,155,,,google-flights,ok,
2026-09-29 20:12:27+0700,SUB-KUL,SUB,KUL,2026-11-08,2026-11-15,economy,2184003,IDR,Indonesia AirAsia,04:00,07:35,0,155,,,google-flights,ok,
2026-09-29 20:12:27+0700,SUB-KUL,SUB,KUL,2026-11-16,2026-11-23,economy,2184003,IDR,Indonesia AirAsia,10:20,13:55,0,155,,,google-flights,ok,
2026-09-29 20:12:27+0700,SUB-KUL,SUB,KUL,2026-11-24,2026-12-01,economy,2577009,IDR,Indonesia AirAsia,04:00,07:35,0,155,,,google-flights,ok,
2026-09-29 20:12:27+0700,SUB-KUL,SUB,KUL,2026-12-02,2026-12-09,economy,3947737,IDR,Malaysia Airlines,10:00,13:40,0,160,,,google-flights,ok,
2026-09-29 20:12:27+0700,SUB-KUL,SUB,KUL,2026-12-10,2026-12-17,economy,3288559,IDR,Indonesia AirAsia,16:45,20:25,0,160,,,google-flights,ok,
2026-09-29 20:12:27+0700,SUB-KUL,SUB,KUL,2026-12-18,2026-12-25,economy,4993191,IDR,Batik Air,10:05,13:45,0,160,,,google-flights,ok,
2026-09-29 20:12:27+0700,SUB-KUL,SUB,KUL,2026-12-26,2027-01-02,economy,5631040,IDR,Lion,09:05,15:15,1,250,,,google-flights,ok,
2026-09-29 20:12:27+0700,SUB-KUL,SUB,KUL,2027-01-03,2027-01-10,economy,3808234,IDR,Indonesia AirAsia,04:00,07:35,0,155,,,google-flights,ok,
2026-09-29 20:12:27+0700,SUB-KUL,SUB,KUL,2027-01-11,2027-01-18,economy,3068245,IDR,Indonesia AirAsia,04:00,07:35,0,155,,,google-flights,ok,
2026-09-29 20:12:27+0700,SUB-KUL,SUB,KUL,2027-01-19,2027-01-26,economy,3068245,IDR,Indonesia AirAsia,04:00,07:35,0,155,,,google-flights,ok,
2026-09-29 20:12:27+0700,SUB-KUL,SUB,KUL,2027-01-27,2027-02-03,economy,3288559,IDR,Indonesia AirAsia,04:00,07:35,0,155,,,google-flights,ok,
2026-09-29 20:12:27+0700,SUB-SIN,SUB,SIN,2026-10-02,2026-10-09,economy,5027060,IDR,Lion/Batik Air,06:30,13:45,1,195,,,google-flights,ok,
2026-09-29 20:12:27+0700,SUB-SIN,SUB,SIN,2026-10-10,2026-10-17,economy,4750653,IDR,Indonesia AirAsia/AirAsia,05:05,11:35,1,230,,,google-flights,ok,
2026-09-29 20:12:27+0700,SUB-SIN,SUB,SIN,2026-10-18,2026-10-25,economy,4725808,IDR,Indonesia AirAsia/AirAsia,05:05,11:35,1,230,,,google-flights,ok,
2026-09-29 20:12:27+0700,SUB-SIN,SUB,SIN,2026-10-26,2026-11-02,economy,4730941,IDR,Indonesia AirAsia/AirAsia,13:25,19:40,1,240,,,google-flights,ok,
2026-09-29 20:12:27+0700,SUB-SIN,SUB,SIN,2026-11-03,2026-11-10,economy,4192672,IDR,Indonesia AirAsia/AirAsia,13:25,19:40,1,240,,,google-flights,ok,
2026-09-29 20:12:27+0700,SUB-SIN,SUB,SIN,2026-11-11,2026-11-18,economy,4480140,IDR,Indonesia AirAsia/AirAsia,04:00,10:20,1,230,,,google-flights,ok,
2026-09-29 20:12:27+0700,SUB-SIN,SUB,SIN,2026-11-19,2026-11-26,economy,4445919,IDR,Indonesia AirAsia/AirAsia,13:25,19:40,1,240,,,google-flights,ok,
2026-09-29 20:12:27+0700,SUB-SIN,SUB,SIN,2026-11-27,2026-12-04,economy,5591191,IDR,Malaysia Airlines,18:05,00:30,1,230,,,google-flights,ok,
2026-09-29 20:12:27+0700,SUB-SIN,SUB,SIN,2026-12-05,2026-12-12,economy,5591191,IDR,Malaysia Airlines,10:00,16:40,1,235,,,google-flights,ok,
2026-09-29 20:12:27+0700,SUB-SIN,SUB,SIN,2026-12-13,2026-12-20,economy,5913191,IDR,Malaysia Airlines,18:05,09:05,1,235,,,google-flights,ok,
2026-09-29 20:12:27+0700,SUB-SIN,SUB,SIN,2026-12-21,2026-12-28,economy,5881367,IDR,Garuda Indonesia,16:00,16:45,1,225,,,google-flights,ok,
2026-09-29 20:12:27+0700,SUB-SIN,SUB,SIN,2026-12-29,2027-01-05,economy,6235191,IDR,Malaysia Airlines,18:05,00:30,1,230,,,google-flights,ok,
2026-09-29 20:12:27+0700,SUB-SIN,SUB,SIN,2027-01-06,2027-01-13,economy,6281080,IDR,Garuda Indonesia,11:10,18:25,1,205,,,google-flights,ok,
2026-09-29 20:12:27+0700,SUB-SIN,SUB,SIN,2027-01-14,2027-01-21,economy,5578511,IDR,Indonesia AirAsia/AirAsia,04:00,10:20,1,230,,,google-flights,ok,
2026-09-29 20:12:27+0700,SUB-SIN,SUB,SIN,2027-01-22,2027-01-29,economy,5591191,IDR,Malaysia Airlines,18:05,00:30,1,230,,,google-flights,ok,
2026-09-29 20:12:27+0700,SUB-SIN,SUB,SIN,2027-01-30,2027-02-06,economy,,IDR,,,,,,,,,error,IndexError: list index out of range
2026-09-29 23:11:26+0700,DPS-MEL,DPS,MEL,2026-10-07,2026-10-21,economy,,IDR,,,,,,,,,error,IndexError: list index out of range
2026-09-29 23:11:26+0700,DPS-MEL,DPS,MEL,2026-10-15,2026-10-29,economy,,IDR,,,,,,,,,error,IndexError: list index out of range
2026-09-29 23:11:26+0700,DPS-MEL,DPS,MEL,2026-10-23,2026-11-06,economy,,IDR,,,,,,,,,error,IndexError: list index out of range
2026-09-29 23:11:26+0700,DPS-MEL,DPS,MEL,2026-10-31,2026-11-14,economy,9852811,IDR,Jetstar,11:30,20:10,0,340,,,google-flights,ok,
2026-09-29 23:11:26+0700,DPS-MEL,DPS,MEL,2026-11-08,2026-11-22,economy,10287463,IDR,Scoot,11:10,21:20,1,605,,,google-flights,ok,
2026-09-29 23:11:26+0700,DPS-MEL,DPS,MEL,2026-11-16,2026-11-30,economy,8718648,IDR,Jetstar,14:55,23:35,0,340,,,google-flights,ok,
2026-09-29 23:11:26+0700,DPS-MEL,DPS,MEL,2026-11-24,2026-12-08,economy,9169225,IDR,Jetstar,11:30,20:10,0,340,,,google-flights,ok,
2026-09-29 23:11:26+0700,DPS-MEL,DPS,MEL,2026-12-02,2026-12-16,economy,10927283,IDR,Jetstar,14:55,23:35,0,340,,,google-flights,ok,
2026-09-29 23:11:26+0700,DPS-MEL,DPS,MEL,2026-12-10,2026-12-24,economy,12407384,IDR,Jetstar,11:30,20:10,0,340,,,google-flights,ok,
2026-09-29 23:11:26+0700,DPS-MEL,DPS,MEL,2026-12-18,2027-01-01,economy,9474482,IDR,Virgin Australia,15:50,00:30,0,340,,,google-flights,ok,
2026-09-29 23:11:26+0700,DPS-MEL,DPS,MEL,2026-12-26,2027-01-09,economy,6857811,IDR,Jetstar,11:30,20:10,0,340,,,google-flights,ok,
2026-09-29 23:11:26+0700,DPS-MEL,DPS,MEL,2027-01-03,2027-01-17,economy,14481114,IDR,Jetstar,14:55,23:35,0,340,,,google-flights,ok,
2026-09-29 23:11:26+0700,DPS-MEL,DPS,MEL,2027-01-11,2027-01-25,economy,11622587,IDR,Virgin Australia,22:00,06:40,0,340,,,google-flights,ok,
2026-09-29 23:11:26+0700,DPS-MEL,DPS,MEL,2027-01-19,2027-02-02,economy,8922587,IDR,Virgin Australia,22:00,06:40,0,340,,,google-flights,ok,
2026-09-29 23:11:26+0700,DPS-MEL,DPS,MEL,2027-01-27,2027-02-10,economy,8915426,IDR,Jetstar,14:55,23:35,0,340,,,google-flights,ok,
2026-09-29 23:11:26+0700,SUB-TPE,SUB,TPE,2026-10-02,2026-10-16,economy,6397526,IDR,Scoot,19:50,11:45,1,430,,,google-flights,ok,
2026-09-29 23:11:26+0700,SUB-TPE,SUB,TPE,2026-10-10,2026-10-24,economy,7214859,IDR,Scoot,19:50,05:45,1,430,,,google-flights,ok,
2026-09-29 23:11:26+0700,SUB-TPE,SUB,TPE,2026-10-18,2026-11-01,economy,4695769,IDR,Scoot,19:50,05:45,1,430,,,google-flights,ok,
2026-09-29 23:11:26+0700,SUB-TPE,SUB,TPE,2026-10-26,2026-11-09,economy,10752554,IDR,Scoot,09:50,05:35,1,425,,,google-flights,ok,
2026-09-29 23:11:26+0700,SUB-TPE,SUB,TPE,2026-11-03,2026-11-17,economy,5035141,IDR,Scoot,19:30,05:35,1,425,,,google-flights,ok,
2026-09-29 23:11:26+0700,SUB-TPE,SUB,TPE,2026-11-11,2026-11-25,economy,4695769,IDR,Scoot,19:30,05:35,1,425,,,google-flights,ok,
2026-09-29 23:11:26+0700,SUB-TPE,SUB,TPE,2026-11-19,2026-12-03,economy,7214859,IDR,Scoot,09:50,17:00,1,425,,,google-flights,ok,
2026-09-29 23:11:26+0700,SUB-TPE,SUB,TPE,2026-11-27,2026-12-11,economy,9878414,IDR,Scoot,09:50,05:35,1,425,,,google-flights,ok,
2026-09-29 23:11:26+0700,SUB-TPE,SUB,TPE,2026-12-05,2026-12-19,economy,10516022,IDR,Scoot,19:30,17:00,1,425,,,google-flights,ok,
2026-09-29 23:11:26+0700,SUB-TPE,SUB,TPE,2026-12-13,2026-12-27,economy,13035601,IDR,Scoot,19:30,05:35,1,425,,,google-flights,ok,
2026-09-29 23:11:26+0700,SUB-TPE,SUB,TPE,2026-12-21,2027-01-04,economy,15773611,IDR,Scoot,09:50,05:35,1,425,,,google-flights,ok,
2026-09-29 23:11:26+0700,SUB-TPE,SUB,TPE,2026-12-29,2027-01-12,economy,7662458,IDR,Scoot,19:30,05:35,1,425,,,google-flights,ok,
2026-09-29 23:11:26+0700,SUB-TPE,SUB,TPE,2027-01-06,2027-01-20,economy,4695769,IDR,Scoot,19:30,05:35,1,425,,,google-flights,ok,
2026-09-29 23:11:26+0700,SUB-TPE,SUB,TPE,2027-01-14,2027-01-28,economy,6058154,IDR,Scoot,09:50,11:00,1,435,,,google-flights,ok,
2026-09-29 23:11:26+0700,SUB-TPE,SUB,TPE,2027-01-22,2027-02-05,economy,8762845,IDR,Scoot,19:30,05:35,1,425,,,google-flights,ok,
2026-09-29 23:11:26+0700,SUB-TPE,SUB,TPE,2027-01-30,2027-02-13,economy,5035141,IDR,Scoot,19:30,05:35,1,425,,,google-flights,ok,
2026-09-29 23:11:26+0700,SUB-TPE,SUB,TPE,2027-02-07,2027-02-21,economy,7662458,IDR,Scoot,19:30,05:35,1,425,,,google-flights,ok,
2026-09-29 23:11:26+0700,SUB-TPE,SUB,TPE,2027-02-15,2027-03-01,economy,5240821,IDR,Scoot,09:50,13:15,1,430,,,google-flights,ok,
2026-09-29 23:11:26+0700,SUB-TPE,SUB,TPE,2027-02-23,2027-03-09,economy,5035141,IDR,Scoot,19:30,11:00,1,435,,,google-flights,ok,
2026-09-29 23:11:26+0700,SUB-TPE,SUB,TPE,2027-03-03,2027-03-17,economy,9251090,IDR,Scoot,19:30,05:35,1,425,,,google-flights,ok,
2026-09-29 23:11:26+0700,SUB-TPE,SUB,TPE,2027-03-11,2027-03-25,economy,9878414,IDR,Scoot,09:50,05:35,1,425,,,google-flights,ok,
2026-09-29 23:11:26+0700,SUB-TPE,SUB,TPE,2027-03-19,2027-04-02,economy,8137470,IDR,Scoot,19:30,17:00,1,425,,,google-flights,ok,
2026-09-29 23:11:26+0700,SUB-TPE,SUB,TPE,2027-03-27,2027-04-10,economy,6440611,IDR,Scoot,19:30,17:10,1,430,,,google-flights,ok,
2026-09-29 23:11:26+0700,SUB-TPE,SUB,TPE,2027-04-04,2027-04-18,economy,7928353,IDR,Scoot,19:50,05:45,1,430,,,google-flights,ok,
2026-09-29 23:11:26+0700,SUB-TPE,SUB,TPE,2027-04-12,2027-04-26,economy,6483696,IDR,Scoot,10:35,05:45,1,430,,,google-flights,ok,
2026-09-29 23:11:26+0700,SUB-TPE,SUB,TPE,2027-04-20,2027-05-04,economy,4545407,IDR,Scoot,19:50,05:45,1,430,,,google-flights,ok,
2026-09-29 23:11:26+0700,SUB-TPE,SUB,TPE,2027-04-28,2027-05-12,economy,4339727,IDR,Scoot,19:50,11:45,1,430,,,google-flights,ok,
2026-09-29 23:11:26+0700,SUB-TPE,SUB,TPE,2027-05-06,2027-05-20,economy,7111020,IDR,Scoot,08:35,05:45,1,430,,,google-flights,ok,
2026-09-29 23:11:26+0700,SUB-TPE,SUB,TPE,2027-05-14,2027-05-28,economy,6144324,IDR,Scoot,19:50,17:10,1,430,,,google-flights,ok,
2026-09-29 23:11:26+0700,SUB-TPE,SUB,TPE,2027-05-22,2027-06-05,economy,6144324,IDR,Scoot,19:50,17:10,1,430,,,google-flights,ok,
2026-09-29 23:11:26+0700,SUB-TPE,SUB,TPE,2027-05-30,2027-06-13,economy,5666363,IDR,Scoot,19:50,05:45,1,430,,,google-flights,ok,
2026-09-29 23:11:26+0700,SUB-TPE,SUB,TPE,2027-06-07,2027-06-21,economy,7301029,IDR,Scoot,10:35,05:45,1,430,,,google-flights,ok,
2026-09-29 23:11:26+0700,SUB-TPE,SUB,TPE,2027-06-15,2027-06-29,economy,4987619,IDR,Scoot,19:50,05:45,1,430,,,google-flights,ok,
2026-09-29 23:11:26+0700,SUB-TPE,SUB,TPE,2027-06-23,2027-07-07,economy,5121311,IDR,Scoot,19:50,14:15,1,430,,,google-flights,ok,
2026-09-29 23:11:26+0700,SUB-KUL,SUB,KUL,2026-09-30,2026-10-07,economy,3998991,IDR,Indonesia AirAsia,05:05,08:40,0,155,,,google-flights,ok,
2026-09-29 23:11:26+0700,SUB-KUL,SUB,KUL,2026-10-08,2026-10-15,economy,4166035,IDR,Malaysia Airlines,10:00,13:40,0,160,,,google-flights,ok,
2026-09-29 23:11:26+0700,SUB-KUL,SUB,KUL,2026-10-16,2026-10-23,economy,2525999,IDR,Indonesia AirAsia,07:05,10:45,0,160,,,google-flights,ok,
2026-09-29 23:11:26+0700,SUB-KUL,SUB,KUL,2026-10-24,2026-10-31,economy,2021935,IDR,Indonesia AirAsia,07:05,10:45,0,160,,,google-flights,ok,
2026-09-29 23:11:26+0700,SUB-KUL,SUB,KUL,2026-11-01,2026-11-08,economy,2235013,IDR,Indonesia AirAsia,13:25,17:05,0,160,,,google-flights,ok,
2026-09-29 23:11:26+0700,SUB-KUL,SUB,KUL,2026-11-09,2026-11-16,economy,2363931,IDR,Indonesia AirAsia,13:25,17:05,0,160,,,google-flights,ok,
2026-09-29 23:11:26+0700,SUB-KUL,SUB,KUL,2026-11-17,2026-11-24,economy,2184003,IDR,Indonesia AirAsia,13:25,17:05,0,160,,,google-flights,ok,
2026-09-29 23:11:26+0700,SUB-KUL,SUB,KUL,2026-11-25,2026-12-02,economy,3635702,IDR,Malaysia Airlines,10:00,13:40,0,160,,,google-flights,ok,
2026-09-29 23:11:26+0700,SUB-KUL,SUB,KUL,2026-12-03,2026-12-10,economy,4173489,IDR,Malaysia Airlines,15:50,19:30,0,160,,,google-flights,ok,
2026-09-29 23:11:26+0700,SUB-KUL,SUB,KUL,2026-12-11,2026-12-18,economy,4775365,IDR,Malaysia Airlines,15:50,19:30,0,160,,,google-flights,ok,
2026-09-29 23:11:26+0700,SUB-KUL,SUB,KUL,2026-12-19,2026-12-26,economy,4030309,IDR,Indonesia AirAsia,04:00,07:35,0,155,,,google-flights,ok,
2026-09-29 23:11:26+0700,SUB-KUL,SUB,KUL,2026-12-27,2027-01-03,economy,4188234,IDR,Indonesia AirAsia,04:00,07:35,0,155,,,google-flights,ok,
2026-09-29 23:11:26+0700,SUB-KUL,SUB,KUL,2027-01-04,2027-01-11,economy,3808234,IDR,Indonesia AirAsia,04:00,07:35,0,155,,,google-flights,ok,
2026-09-29 23:11:26+0700,SUB-KUL,SUB,KUL,2027-01-12,2027-01-19,economy,3068245,IDR,Indonesia AirAsia,04:00,07:35,0,155,,,google-flights,ok,
2026-09-29 23:11:26+0700,SUB-KUL,SUB,KUL,2027-01-20,2027-01-27,economy,3068245,IDR,Indonesia AirAsia,04:00,07:35,0,155,,,google-flights,ok,
2026-09-29 23:11:26+0700,SUB-KUL,SUB,KUL,2027-01-28,2027-02-04,economy,3288559,IDR,Indonesia AirAsia,04:00,07:35,0,155,,,google-flights,ok,
2026-09-29 23:11:26+0700,SUB-SIN,SUB,SIN,2026-10-03,2026-10-10,economy,5079460,IDR,Batik Air,05:05,13:45,1,195,,,google-flights,ok,
2026-09-29 23:11:26+0700,SUB-SIN,SUB,SIN,2026-10-11,2026-10-18,economy,4839694,IDR,Indonesia AirAsia/AirAsia,05:05,11:35,1,230,,,google-flights,ok,
2026-09-29 23:11:26+0700,SUB-SIN,SUB,SIN,2026-10-19,2026-10-26,economy,4879060,IDR,Lion/Batik Air,06:30,13:45,1,195,,,google-flights,ok,
2026-09-29 23:11:26+0700,SUB-SIN,SUB,SIN,2026-10-27,2026-11-03,economy,4192672,IDR,Indonesia AirAsia/AirAsia,04:00,10:20,1,230,,,google-flights,ok,
2026-09-29 23:11:26+0700,SUB-SIN,SUB,SIN,2026-11-04,2026-11-11,economy,4354740,IDR,Indonesia AirAsia/AirAsia,04:00,10:20,1,230,,,google-flights,ok,
2026-09-29 23:11:26+0700,SUB-SIN,SUB,SIN,2026-11-12,2026-11-19,economy,4060647,IDR,Indonesia AirAsia/AirAsia,13:25,19:40,1,240,,,google-flights,ok,
2026-09-29 23:11:26+0700,SUB-SIN,SUB,SIN,2026-11-20,2026-11-27,economy,5197772,IDR,Indonesia AirAsia/AirAsia,13:25,19:40,1,240,,,google-flights,ok,
2026-09-29 23:11:26+0700,SUB-SIN,SUB,SIN,2026-11-28,2026-12-05,economy,5118922,IDR,Indonesia AirAsia/AirAsia,04:00,10:20,1,230,,,google-flights,ok,
2026-09-29 23:11:26+0700,SUB-SIN,SUB,SIN,2026-12-06,2026-12-13,economy,5591191,IDR,Malaysia Airlines,18:05,00:30,1,230,,,google-flights,ok,
2026-09-29 23:11:26+0700,SUB-SIN,SUB,SIN,2026-12-14,2026-12-21,economy,5913191,IDR,Malaysia Airlines,18:05,09:05,1,235,,,google-flights,ok,
2026-09-29 23:11:26+0700,SUB-SIN,SUB,SIN,2026-12-22,2026-12-29,economy,6235191,IDR,Malaysia Airlines,10:00,16:40,1,235,,,google-flights,ok,
2026-09-29 23:11:26+0700,SUB-SIN,SUB,SIN,2026-12-30,2027-01-06,economy,6235191,IDR,Malaysia Airlines,15:50,00:30,1,230,,,google-flights,ok,
2026-09-29 23:11:26+0700,SUB-SIN,SUB,SIN,2027-01-07,2027-01-14,economy,6284980,IDR,Garuda Indonesia,11:10,18:25,1,205,,,google-flights,ok,
2026-09-29 23:11:26+0700,SUB-SIN,SUB,SIN,2027-01-15,2027-01-22,economy,5591191,IDR,Malaysia Airlines,18:05,00:30,1,230,,,google-flights,ok,
2026-09-29 23:11:26+0700,SUB-SIN,SUB,SIN,2027-01-23,2027-01-30,economy,,IDR,,,,,,,,,error,IndexError: list index out of range
2026-09-29 23:11:26+0700,SUB-SIN,SUB,SIN,2027-01-31,2027-02-07,economy,,IDR,,,,,,,,,error,IndexError: list index out of range
2026-09-30 02:10:13+0700,DPS-MEL,DPS,MEL,2026-10-01,2026-10-15,economy,,IDR,,,,,,,,,error,IndexError: list index out of range
2026-09-30 02:10:13+0700,DPS-MEL,DPS,MEL,2026-10-09,2026-10-23,economy,,IDR,,,,,,,,,error,IndexError: list index out of range
2026-09-30 02:10:13+0700,DPS-MEL,DPS,MEL,2026-10-17,2026-10-31,economy,,IDR,,,,,,,,,error,IndexError: list index out of range
2026-09-30 02:10:13+0700,DPS-MEL,DPS,MEL,2026-10-25,2026-11-08,economy,11188571,IDR,Jetstar,14:55,23:35,0,340,,,google-flights,ok,
2026-09-30 02:10:13+0700,DPS-MEL,DPS,MEL,2026-11-02,2026-11-16,economy,9495305,IDR,Virgin Australia,23:20,22:00,1,490,,,google-flights,ok,
2026-09-30 02:10:13+0700,DPS-MEL,DPS,MEL,2026-11-10,2026-11-24,economy,9254442,IDR,Jetstar,23:20,07:55,0,335,,,google-flights,ok,
2026-09-30 02:10:13+0700,DPS-MEL,DPS,MEL,2026-11-18,2026-12-02,economy,7492821,IDR,Scoot,11:10,21:20,1,605,,,google-flights,ok,
2026-09-30 02:10:13+0700,DPS-MEL,DPS,MEL,2026-11-26,2026-12-10,economy,10052906,IDR,Jetstar,14:55,23:35,0,340,,,google-flights,ok,
2026-09-30 02:10:13+0700,DPS-MEL,DPS,MEL,2026-12-04,2026-12-18,economy,12419682,IDR,Virgin Australia,22:30,16:50,2,505,,,google-flights,ok,
2026-09-30 02:10:13+0700,DPS-MEL,DPS,MEL,2026-12-12,2026-12-26,economy,16006204,IDR,Jetstar,14:55,23:35,0,340,,,google-flights,ok,
2026-09-30 02:10:13+0700,DPS-MEL,DPS,MEL,2026-12-20,2027-01-03,economy,9149573,IDR,Jetstar,20:20,04:55,0,335,,,google-flights,ok,
2026-09-30 02:10:13+0700,DPS-MEL,DPS,MEL,2026-12-28,2027-01-11,economy,8051265,IDR,Jetstar,11:30,20:10,0,340,,,google-flights,ok,
2026-09-30 02:10:13+0700,DPS-MEL,DPS,MEL,2027-01-05,2027-01-19,economy,11772271,IDR,Scoot,20:00,12:10,1,605,,,google-flights,ok,
2026-09-30 02:10:13+0700,DPS-MEL,DPS,MEL,2027-01-13,2027-01-27,economy,10900310,IDR,Jetstar,11:30,20:10,0,340,,,google-flights,ok,
2026-09-30 02:10:13+0700,DPS-MEL,DPS,MEL,2027-01-21,2027-02-04,economy,9318616,IDR,Virgin Australia,15:50,00:30,0,340,,,google-flights,ok,
2026-09-30 02:10:13+0700,DPS-MEL,DPS,MEL,2027-01-29,2027-02-12,economy,7541616,IDR,Virgin Australia,15:50,00:30,0,340,,,google-flights,ok,
2026-09-30 02:10:13+0700,SUB-TPE,SUB,TPE,2026-10-05,2026-10-19,economy,13969015,IDR,Scoot,10:35,05:45,1,430,,,google-flights,ok,
2026-09-30 02:10:13+0700,SUB-TPE,SUB,TPE,2026-10-13,2026-10-27,economy,5852474,IDR,Scoot,19:50,05:45,1,430,,,google-flights,ok,
2026-09-30 02:10:13+0700,SUB-TPE,SUB,TPE,2026-10-21,2026-11-04,economy,4901449,IDR,Scoot,19:50,05:45,1,430,,,google-flights,ok,
2026-09-30 02:10:13+0700,SUB-TPE,SUB,TPE,2026-10-29,2026-11-12,economy,4901449,IDR,Scoot,09:50,17:00,1,425,,,google-flights,ok,
2026-09-30 02:10:13+0700,SUB-TPE,SUB,TPE,2026-11-06,2026-11-20,economy,7842183,IDR,Scoot,19:30,05:35,1,425,,,google-flights,ok,
2026-09-30 02:10:13+0700,SUB-TPE,SUB,TPE,2026-11-14,2026-11-28,economy,5035141,IDR,Scoot,19:30,05:35,1,425,,,google-flights,ok,
2026-09-30 02:10:13+0700,SUB-TPE,SUB,TPE,2026-11-22,2026-12-06,economy,8469507,IDR,Scoot,09:50,05:35,1,425,,,google-flights,ok,
2026-09-30 02:10:13+0700,SUB-TPE,SUB,TPE,2026-11-30,2026-12-14,economy,,IDR,,,,,,,,,error,TypeError: 'NoneType' object is not subscriptable
2026-09-30 02:10:13+0700,SUB-TPE,SUB,TPE,2026-12-08,2026-12-22,economy,9878414,IDR,Scoot,09:50,17:00,1,425,,,google-flights,ok,
2026-09-30 02:10:13+0700,SUB-TPE,SUB,TPE,2026-12-16,2026-12-30,economy,10516022,IDR,Scoot,19:30,05:35,1,425,,,google-flights,ok,
2026-09-30 02:10:13+0700,SUB-TPE,SUB,TPE,2026-12-24,2027-01-07,economy,14467544,IDR,Scoot,09:50,05:35,1,425,,,google-flights,ok,
2026-09-30 02:10:13+0700,SUB-TPE,SUB,TPE,2027-01-01,2027-01-15,economy,5035141,IDR,Scoot,19:30,11:00,1,435,,,google-flights,ok,
2026-09-30 02:10:13+0700,SUB-TPE,SUB,TPE,2027-01-09,2027-01-23,economy,5852474,IDR,Scoot,19:30,05:35,1,425,,,google-flights,ok,
2026-09-30 02:10:13+0700,SUB-TPE,SUB,TPE,2027-01-17,2027-01-31,economy,6479798,IDR,Scoot,19:30,05:35,1,425,,,google-flights,ok,
2026-09-30 02:10:13+0700,SUB-TPE,SUB,TPE,2027-01-25,2027-02-08,economy,6685478,IDR,Scoot,09:50,11:00,1,435,,,google-flights,ok,
2026-09-30 02:10:13+0700,SUB-TPE,SUB,TPE,2027-02-02,2027-02-16,economy,4695769,IDR,Scoot,19:30,11:00,1,435,,,google-flights,ok,
2026-09-30 02:10:13+0700,SUB-TPE,SUB,TPE,2027-02-10,2027-02-24,economy,11120347,IDR,Scoot,19:30,05:35,1,425,,,google-flights,ok,
2026-09-30 02:10:13+0700,SUB-TPE,SUB,TPE,2027-02-18,2027-03-04,economy,6058154,IDR,Scoot,09:50,11:00,1,435,,,google-flights,ok,
2026-09-30 02:10:13+0700,SUB-TPE,SUB,TPE,2027-02-26,2027-03-12,economy,8479791,IDR,Scoot,09:50,11:00,1,435,,,google-flights,ok,
2026-09-30 02:10:13+0700,SUB-TPE,SUB,TPE,2027-03-06,2027-03-20,economy,9878414,IDR,Scoot,19:30,05:35,1,425,,,google-flights,ok,
2026-09-30 02:10:13+0700,SUB-TPE,SUB,TPE,2027-03-14,2027-03-28,economy,11287321,IDR,Scoot,19:30,05:35,1,425,,,google-flights,ok,
2026-09-30 02:10:13+0700,SUB-TPE,SUB,TPE,2027-03-22,2027-04-05,economy,7257944,IDR,Scoot,09:50,11:00,1,435,,,google-flights,ok,
2026-09-30 02:10:13+0700,SUB-TPE,SUB,TPE,2027-03-30,2027-04-13,economy,5283906,IDR,Scoot,19:50,05:45,1,430,,,google-flights,ok,
2026-09-30 02:10:13+0700,SUB-TPE,SUB,TPE,2027-04-07,2027-04-21,economy,6144324,IDR,Scoot,19:50,11:45,1,430,,,google-flights,ok,
2026-09-30 02:10:13+0700,SUB-TPE,SUB,TPE,2027-04-15,2027-04-29,economy,7111020,IDR,Scoot,08:35,05:45,1,430,,,google-flights,ok,
2026-09-30 02:10:13+0700,SUB-TPE,SUB,TPE,2027-04-23,2027-05-07,economy,4781939,IDR,Scoot,19:50,05:45,1,430,,,google-flights,ok,
2026-09-30 02:10:13+0700,SUB-TPE,SUB,TPE,2027-05-01,2027-05-15,economy,4987619,IDR,Scoot,19:50,17:10,1,430,,,google-flights,ok,
2026-09-30 02:10:13+0700,SUB-TPE,SUB,TPE,2027-05-09,2027-05-23,economy,6144324,IDR,Scoot,19:50,17:10,1,430,,,google-flights,ok,
2026-09-30 02:10:13+0700,SUB-TPE,SUB,TPE,2027-05-17,2027-05-31,economy,6483696,IDR,Scoot,10:35,11:45,1,430,,,google-flights,ok,
2026-09-30 02:10:13+0700,SUB-TPE,SUB,TPE,2027-05-25,2027-06-08,economy,4576259,IDR,Scoot,19:50,17:10,1,430,,,google-flights,ok,
2026-09-30 02:10:13+0700,SUB-TPE,SUB,TPE,2027-06-02,2027-06-16,economy,5121311,IDR,Scoot,19:50,05:45,1,430,,,google-flights,ok,
2026-09-30 02:10:13+0700,SUB-TPE,SUB,TPE,2027-06-10,2027-06-24,economy,5666363,IDR,Scoot,08:35,05:45,1,430,,,google-flights,ok,
2026-09-30 02:10:13+0700,SUB-TPE,SUB,TPE,2027-06-18,2027-07-02,economy,5121311,IDR,Scoot,19:50,05:45,1,430,,,google-flights,ok,
2026-09-30 02:10:13+0700,SUB-TPE,SUB,TPE,2027-06-26,2027-07-10,economy,5121311,IDR,Scoot,19:50,17:10,1,430,,,google-flights,ok,
2026-09-30 02:10:13+0700,SUB-KUL,SUB,KUL,2026-10-04,2026-10-11,economy,3806990,IDR,Indonesia AirAsia,17:45,21:25,0,160,,,google-flights,ok,
2026-09-30 02:10:13+0700,SUB-KUL,SUB,KUL,2026-10-12,2026-10-19,economy,2562214,IDR,Indonesia AirAsia,11:20,15:00,0,160,,,google-flights,ok,
2026-09-30 02:10:13+0700,SUB-KUL,SUB,KUL,2026-10-20,2026-10-27,economy,3146989,IDR,Indonesia AirAsia,17:45,21:25,0,160,,,google-flights,ok,
2026-09-30 02:10:13+0700,SUB-KUL,SUB,KUL,2026-10-28,2026-11-04,economy,3342590,IDR,Malaysia Airlines,10:00,13:40,0,160,,,google-flights,ok,
2026-09-30 02:10:13+0700,SUB-KUL,SUB,KUL,2026-11-05,2026-11-12,economy,3638438,IDR,Malaysia Airlines,10:00,13:40,0,160,,,google-flights,ok,
2026-09-30 02:10:13+0700,SUB-KUL,SUB,KUL,2026-11-13,2026-11-20,economy,3342590,IDR,Malaysia Airlines,10:00,13:40,0,160,,,google-flights,ok,
2026-09-30 02:10:13+0700,SUB-KUL,SUB,KUL,2026-11-21,2026-11-28,economy,3342590,IDR,Malaysia Airlines,10:00,13:40,0,160,,,google-flights,ok,
2026-09-30 02:10:13+0700,SUB-KUL,SUB,KUL,2026-11-29,2026-12-06,economy,2997243,IDR,Indonesia AirAsia,16:45,20:25,0,160,,,google-flights,ok,
2026-09-30 02:10:13+0700,SUB-KUL,SUB,KUL,2026-12-07,2026-12-14,economy,4378684,IDR,Malaysia Airlines,10:00,13:40,0,160,,,google-flights,ok,
2026-09-30 02:10:13+0700,SUB-KUL,SUB,KUL,2026-12-15,2026-12-22,economy,4774320,IDR,Malaysia Airlines,10:00,13:40,0,160,,,google-flights,ok,
2026-09-30 02:10:13+0700,SUB-KUL,SUB,KUL,2026-12-23,2026-12-30,economy,4188234,IDR,Indonesia AirAsia,04:00,07:35,0,155,,,google-flights,ok,
2026-09-30 02:10:13+0700,SUB-KUL,SUB,KUL,2026-12-31,2027-01-07,economy,4188234,IDR,Indonesia AirAsia,10:20,13:55,0,155,,,google-flights,ok,
2026-09-30 02:10:13+0700,SUB-KUL,SUB,KUL,2027-01-08,2027-01-15,economy,3808234,IDR,Indonesia AirAsia,04:00,07:35,0,155,,,google-flights,ok,
2026-09-30 02:10:13+0700,SUB-KUL,SUB,KUL,2027-01-16,2027-01-23,economy,3068245,IDR,Indonesia AirAsia,04:00,07:35,0,155,,,google-flights,ok,
2026-09-30 02:10:13+0700,SUB-KUL,SUB,KUL,2027-01-24,2027-01-31,economy,3068245,IDR,Indonesia AirAsia,04:00,07:35,0,155,,,google-flights,ok,
2026-09-30 02:10:13+0700,SUB-KUL,SUB,KUL,2027-02-01,2027-02-08,economy,3288559,IDR,Indonesia AirAsia,04:00,07:35,0,155,,,google-flights,ok,
2026-09-30 02:10:13+0700,SUB-SIN,SUB,SIN,2026-10-08,2026-10-15,economy,4900152,IDR,Indonesia AirAsia/AirAsia,05:05,11:35,1,230,,,google-flights,ok,
2026-09-30 02:10:13+0700,SUB-SIN,SUB,SIN,2026-10-16,2026-10-23,economy,4763380,IDR,Indonesia AirAsia/AirAsia,11:20,18:05,1,240,,,google-flights,ok,
2026-09-30 02:10:13+0700,SUB-SIN,SUB,SIN,2026-10-24,2026-10-31,economy,4546784,IDR,Indonesia AirAsia/AirAsia,11:20,18:05,1,240,,,google-flights,ok,
2026-09-30 02:10:13+0700,SUB-SIN,SUB,SIN,2026-11-01,2026-11-08,economy,4794318,IDR,Indonesia AirAsia/AirAsia,04:00,10:20,1,230,,,google-flights,ok,
2026-09-30 02:10:13+0700,SUB-SIN,SUB,SIN,2026-11-09,2026-11-16,economy,5594470,IDR,Citilink Indonesia,20:15,09:10,1,205,,,google-flights,ok,
2026-09-30 02:10:13+0700,SUB-SIN,SUB,SIN,2026-11-17,2026-11-24,economy,4445919,IDR,Indonesia AirAsia/AirAsia,04:00,10:20,1,230,,,google-flights,ok,
2026-09-30 02:10:13+0700,SUB-SIN,SUB,SIN,2026-11-25,2026-12-02,economy,4919002,IDR,Indonesia AirAsia/AirAsia,10:20,18:00,1,235,,,google-flights,ok,
2026-09-30 02:10:13+0700,SUB-SIN,SUB,SIN,2026-12-03,2026-12-10,economy,5597091,IDR,Malaysia Airlines,15:50,00:30,1,230,,,google-flights,ok,
2026-09-30 02:10:13+0700,SUB-SIN,SUB,SIN,2026-12-11,2026-12-18,economy,6054553,IDR,Garuda Indonesia,16:00,16:45,1,225,,,google-flights,ok,
2026-09-30 02:10:13+0700,SUB-SIN,SUB,SIN,2026-12-19,2026-12-26,economy,6392553,IDR,Garuda Indonesia,16:00,16:45,1,225,,,google-flights,ok,
2026-09-30 02:10:13+0700,SUB-SIN,SUB,SIN,2026-12-27,2027-01-03,economy,,IDR,,,,,,,,,error,IndexError: list index out of range
2026-09-30 02:10:13+0700,SUB-SIN,SUB,SIN,2027-01-04,2027-01-11,economy,5919091,IDR,Malaysia Airlines,10:00,16:40,1,235,,,google-flights,ok,
2026-09-30 02:10:13+0700,SUB-SIN,SUB,SIN,2027-01-12,2027-01-19,economy,5371175,IDR,Indonesia AirAsia/AirAsia,04:00,10:20,1,230,,,google-flights,ok,
2026-09-30 02:10:13+0700,SUB-SIN,SUB,SIN,2027-01-20,2027-01-27,economy,5371175,IDR,Indonesia AirAsia/AirAsia,04:00,10:20,1,230,,,google-flights,ok,
2026-09-30 02:10:13+0700,SUB-SIN,SUB,SIN,2027-01-28,2027-02-04,economy,,IDR,,,,,,,,,error,IndexError: list index out of range
2026-09-30 05:09:30+0700,DPS-MEL,DPS,MEL,2026-10-02,2026-10-16,economy,,IDR,,,,,,,,,error,IndexError: list index out of range
2026-09-30 05:09:30+0700,DPS-MEL,DPS,MEL,2026-10-10,2026-10-24,economy,,IDR,,,,,,,,,error,IndexError: list index out of range
2026-09-30 05:09:30+0700,DPS-MEL,DPS,MEL,2026-10-18,2026-11-01,economy,,IDR,,,,,,,,,error,IndexError: list index out of range
2026-09-30 05:09:30+0700,DPS-MEL,DPS,MEL,2026-10-26,2026-11-09,economy,11822582,IDR,Virgin Australia,21:25,15:40,1,435,,,google-flights,ok,
2026-09-30 05:09:30+0700,DPS-MEL,DPS,MEL,2026-11-03,2026-11-17,economy,11035780,IDR,Virgin Australia,15:00,09:25,1,495,,,google-flights,ok,
2026-09-30 05:09:30+0700,DPS-MEL,DPS,MEL,2026-11-11,2026-11-25,economy,9428223,IDR,Jetstar,11:30,20:10,0,340,,,google-flights,ok,
2026-09-30 05:09:30+0700,DPS-MEL,DPS,MEL,2026-11-19,2026-12-03,economy,8093480,IDR,Virgin Australia,15:50,00:30,0,340,,,google-flights,ok,
2026-09-30 05:09:30+0700,DPS-MEL,DPS,MEL,2026-11-27,2026-12-11,economy,9668641,IDR,Jetstar,11:30,20:10,0,340,,,google-flights,ok,
2026-09-30 05:09:30+0700,DPS-MEL,DPS,MEL,2026-12-05,2026-12-19,economy,14784811,IDR,Jetstar,14:55,23:35,0,340,,,google-flights,ok,
2026-09-30 05:09:30+0700,DPS-MEL,DPS,MEL,2026-12-13,2026-12-27,economy,14485220,IDR,Jetstar,14:55,23:35,0,340,,,google-flights,ok,
2026-09-30 05:09:30+0700,DPS-MEL,DPS,MEL,2026-12-21,2027-01-04,economy,7192394,IDR,Jetstar,11:30,20:10,0,340,,,google-flights,ok,
2026-09-30 05:09:30+0700,DPS-MEL,DPS,MEL,2026-12-29,2027-01-12,economy,7202943,IDR,Jetstar,11:30,20:10,0,340,,,google-flights,ok,
2026-09-30 05:09:30+0700,DPS-MEL,DPS,MEL,2027-01-06,2027-01-20,economy,13009016,IDR,Scoot,20:00,12:10,1,605,,,google-flights,ok,
2026-09-30 05:09:30+0700,DPS-MEL,DPS,MEL,2027-01-14,2027-01-28,economy,10199811,IDR,Jetstar,14:55,23:35,0,340,,,google-flights,ok,
2026-09-30 05:09:30+0700,DPS-MEL,DPS,MEL,2027-01-22,2027-02-05,economy,9318046,IDR,Virgin Australia,22:00,06:40,0,340,,,google-flights,ok,
2026-09-30 05:09:30+0700,DPS-MEL,DPS,MEL,2027-01-30,2027-02-13,economy,7675609,IDR,Jetstar,20:20,04:55,0,335,,,google-flights,ok,
2026-09-30 05:09:30+0700,SUB-TPE,SUB,TPE,2026-10-06,2026-10-20,economy,5035141,IDR,Scoot,19:50,17:10,1,430,,,google-flights,ok,
2026-09-30 05:09:30+0700,SUB-TPE,SUB,TPE,2026-10-14,2026-10-28,economy,5035141,IDR,Scoot,19:50,05:45,1,430,,,google-flights,ok,
2026-09-30 05:09:30+0700,SUB-TPE,SUB,TPE,2026-10-22,2026-11-05,economy,5035141,IDR,Scoot,10:35,17:10,1,430,,,google-flights,ok,
2026-09-30 05:09:30+0700,SUB-TPE,SUB,TPE,2026-10-30,2026-11-13,economy,4901449,IDR,Scoot,19:30,17:00,1,425,,,google-flights,ok,
2026-09-30 05:09:30+0700,SUB-TPE,SUB,TPE,2026-11-07,2026-11-21,economy,5580193,IDR,Scoot,09:50,05:35,1,425,,,google-flights,ok,
2026-09-30 05:09:30+0700,SUB-TPE,SUB,TPE,2026-11-15,2026-11-29,economy,7024850,IDR,Scoot,09:50,05:35,1,425,,,google-flights,ok,
2026-09-30 05:09:30+0700,SUB-TPE,SUB,TPE,2026-11-23,2026-12-07,economy,7842183,IDR,Scoot,09:50,05:35,1,425,,,google-flights,ok,
2026-09-30 05:09:30+0700,SUB-TPE,SUB,TPE,2026-12-01,2026-12-15,economy,8479791,IDR,Scoot,09:50,17:00,1,425,,,google-flights,ok,
2026-09-30 05:09:30+0700,SUB-TPE,SUB,TPE,2026-12-09,2026-12-23,economy,9878414,IDR,Scoot,19:30,05:35,1,425,,,google-flights,ok,
2026-09-30 05:09:30+0700,SUB-TPE,SUB,TPE,2026-12-17,2026-12-31,economy,12161461,IDR,Scoot,09:50,17:00,1,425,,,google-flights,ok,
2026-09-30 05:09:30+0700,SUB-TPE,SUB,TPE,2026-12-25,2027-01-08,economy,12863240,IDR,Scoot,19:30,05:35,1,425,,,google-flights,ok,
2026-09-30 05:09:30+0700,SUB-TPE,SUB,TPE,2027-01-02,2027-01-16,economy,4695769,IDR,Scoot,19:30,11:00,1,435,,,google-flights,ok,
2026-09-30 05:09:30+0700,SUB-TPE,SUB,TPE,2027-01-10,2027-01-24,economy,5852474,IDR,Scoot,19:30,05:35,1,425,,,google-flights,ok,
2026-09-30 05:09:30+0700,SUB-TPE,SUB,TPE,2027-01-18,2027-02-01,economy,5240821,IDR,Scoot,09:50,11:00,1,435,,,google-flights,ok,
2026-09-30 05:09:30+0700,SUB-TPE,SUB,TPE,2027-01-26,2027-02-09,economy,6479798,IDR,Scoot,19:30,11:00,1,435,,,google-flights,ok,
2026-09-30 05:09:30+0700,SUB-TPE,SUB,TPE,2027-02-03,2027-02-17,economy,5035141,IDR,Scoot,19:30,05:35,1,425,,,google-flights,ok,
2026-09-30 05:09:30+0700,SUB-TPE,SUB,TPE,2027-02-11,2027-02-25,economy,11937680,IDR,Scoot,09:50,05:35,1,425,,,google-flights,ok,
2026-09-30 05:09:30+0700,SUB-TPE,SUB,TPE,2027-02-19,2027-03-05,economy,5035141,IDR,Scoot,19:30,11:00,1,435,,,google-flights,ok,
2026-09-30 05:09:30+0700,SUB-TPE,SUB,TPE,2027-02-27,2027-03-13,economy,10516022,IDR,Scoot,19:30,05:35,1,425,,,google-flights,ok,
2026-09-30 05:09:30+0700,SUB-TPE,SUB,TPE,2027-03-07,2027-03-21,economy,10752554,IDR,Scoot,19:30,11:00,1,435,,,google-flights,ok,
2026-09-30 05:09:30+0700,SUB-TPE,SUB,TPE,2027-03-15,2027-03-29,economy,10516022,IDR,Scoot,09:50,05:35,1,425,,,google-flights,ok,
2026-09-30 05:09:30+0700,SUB-TPE,SUB,TPE,2027-03-23,2027-04-06,economy,4738854,IDR,Scoot,19:30,11:00,1,435,,,google-flights,ok,
2026-09-30 05:09:30+0700,SUB-TPE,SUB,TPE,2027-03-31,2027-04-14,economy,6144324,IDR,Scoot,19:50,11:45,1,430,,,google-flights,ok,
2026-09-30 05:09:30+0700,SUB-TPE,SUB,TPE,2027-04-08,2027-04-22,economy,6483696,IDR,Scoot,08:35,05:45,1,430,,,google-flights,ok,
2026-09-30 05:09:30+0700,SUB-TPE,SUB,TPE,2027-04-16,2027-04-30,economy,7203576,IDR,Scoot,19:50,05:45,1,430,,,google-flights,ok,
2026-09-30 05:09:30+0700,SUB-TPE,SUB,TPE,2027-04-24,2027-05-08,economy,5326991,IDR,Scoot,19:50,17:10,1,430,,,google-flights,ok,
2026-09-30 05:09:30+0700,SUB-TPE,SUB,TPE,2027-05-02,2027-05-16,economy,5326991,IDR,Scoot,19:50,05:45,1,430,,,google-flights,ok,
2026-09-30 05:09:30+0700,SUB-TPE,SUB,TPE,2027-05-10,2027-05-24,economy,7111020,IDR,Scoot,10:35,17:10,1,430,,,google-flights,ok,
2026-09-30 05:09:30+0700,SUB-TPE,SUB,TPE,2027-05-18,2027-06-01,economy,4339727,IDR,Scoot,19:50,17:10,1,430,,,google-flights,ok,
2026-09-30 05:09:30+0700,SUB-TPE,SUB,TPE,2027-05-26,2027-06-09,economy,5121311,IDR,Scoot,19:50,11:45,1,430,,,google-flights,ok,
2026-09-30 05:09:30+0700,SUB-TPE,SUB,TPE,2027-06-03,2027-06-17,economy,5666363,IDR,Scoot,08:35,05:45,1,430,,,google-flights,ok,
2026-09-30 05:09:30+0700,SUB-TPE,SUB,TPE,2027-06-11,2027-06-25,economy,5121311,IDR,Scoot,19:50,17:10,1,430,,,google-flights,ok,
2026-09-30 05:09:30+0700,SUB-TPE,SUB,TPE,2027-06-19,2027-07-03,economy,5326991,IDR,Scoot,19:50,17:10,1,430,,,google-flights,ok,
2026-09-30 05:09:30+0700,SUB-TPE,SUB,TPE,2027-06-27,2027-07-11,economy,4781939,IDR,Scoot,19:50,17:10,1,430,,,google-flights,ok,
2026-09-30 05:09:30+0700,SUB-KUL,SUB,KUL,2026-10-05,2026-10-12,economy,4874451,IDR,Citilink Indonesia,11:25,19:10,1,230,,,google-flights,ok,
2026-09-30 05:09:30+0700,SUB-KUL,SUB,KUL,2026-10-13,2026-10-20,economy,3146989,IDR,Indonesia AirAsia,11:20,15:00,0,160,,,google-flights,ok,
2026-09-30 05:09:30+0700,SUB-KUL,SUB,KUL,2026-10-21,2026-10-28,economy,2184003,IDR,Indonesia AirAsia,17:45,21:25,0,160,,,google-flights,ok,
2026-09-30 05:09:30+0700,SUB-KUL,SUB,KUL,2026-10-29,2026-11-05,economy,2525999,IDR,Indonesia AirAsia,10:20,13:55,0,155,,,google-flights,ok,
2026-09-30 05:09:30+0700,SUB-KUL,SUB,KUL,2026-11-06,2026-11-13,economy,3341569,IDR,Malaysia Airlines,10:00,13:40,0,160,,,google-flights,ok,
2026-09-30 05:09:30+0700,SUB-KUL,SUB,KUL,2026-11-14,2026-11-21,economy,2184003,IDR,Indonesia AirAsia,16:45,20:25,0,160,,,google-flights,ok,
2026-09-30 05:09:30+0700,SUB-KUL,SUB,KUL,2026-11-22,2026-11-29,economy,2184003,IDR,Indonesia AirAsia,13:25,17:05,0,160,,,google-flights,ok,
2026-09-30 05:09:30+0700,SUB-KUL,SUB,KUL,2026-11-30,2026-12-07,economy,4234412,IDR,Malaysia Airlines,18:05,21:45,0,160,,,google-flights,ok,
2026-09-30 05:09:30+0700,SUB-KUL,SUB,KUL,2026-12-08,2026-12-15,economy,3288559,IDR,Indonesia AirAsia,16:45,20:25,0,160,,,google-flights,ok,
2026-09-30 05:09:30+0700,SUB-KUL,SUB,KUL,2026-12-16,2026-12-23,economy,4772061,IDR,Malaysia Airlines,10:00,13:40,0,160,,,google-flights,ok,
2026-09-30 05:09:30+0700,SUB-KUL,SUB,KUL,2026-12-24,2026-12-31,economy,4188234,IDR,Indonesia AirAsia,04:00,07:35,0,155,,,google-flights,ok,
2026-09-30 05:09:30+0700,SUB-KUL,SUB,KUL,2027-01-01,2027-01-08,economy,3808234,IDR,Indonesia AirAsia,04:00,07:35,0,155,,,google-flights,ok,
2026-09-30 05:09:30+0700,SUB-KUL,SUB,KUL,2027-01-09,2027-01-16,economy,3587920,IDR,Indonesia AirAsia,04:00,07:35,0,155,,,google-flights,ok,
2026-09-30 05:09:30+0700,SUB-KUL,SUB,KUL,2027-01-17,2027-01-24,economy,3068245,IDR,Indonesia AirAsia,04:00,07:35,0,155,,,google-flights,ok,
2026-09-30 05:09:30+0700,SUB-KUL,SUB,KUL,2027-01-25,2027-02-01,economy,3288559,IDR,Indonesia AirAsia,04:00,07:35,0,155,,,google-flights,ok,
2026-09-30 05:09:30+0700,SUB-SIN,SUB,SIN,2026-10-01,2026-10-08,economy,4930960,IDR,Lion/Batik Air,06:30,13:45,1,195,,,google-flights,ok,
2026-09-30 05:09:30+0700,SUB-SIN,SUB,SIN,2026-10-09,2026-10-16,economy,3973286,IDR,Lion/Batik Air,07:40,20:30,1,195,,,google-flights,ok,
2026-09-30 05:09:30+0700,SUB-SIN,SUB,SIN,2026-10-17,2026-10-24,economy,4191618,IDR,Lion/Batik Air,07:40,15:15,1,195,,,google-flights,ok,
2026-09-30 05:09:30+0700,SUB-SIN,SUB,SIN,2026-10-25,2026-11-01,economy,4558608,IDR,Indonesia AirAsia/AirAsia,04:00,10:20,1,230,,,google-flights,ok,
2026-09-30 05:09:30+0700,SUB-SIN,SUB,SIN,2026-11-02,2026-11-09,economy,4632250,IDR,Indonesia AirAsia/AirAsia,13:25,19:40,1,240,,,google-flights,ok,
2026-09-30 05:09:30+0700,SUB-SIN,SUB,SIN,2026-11-10,2026-11-17,economy,4647340,IDR,Indonesia AirAsia/AirAsia,10:20,18:00,1,235,,,google-flights,ok,
2026-09-30 05:09:30+0700,SUB-SIN,SUB,SIN,2026-11-18,2026-11-25,economy,4445919,IDR,Indonesia AirAsia/AirAsia,04:00,10:20,1,230,,,google-flights,ok,
2026-09-30 05:09:30+0700,SUB-SIN,SUB,SIN,2026-11-26,2026-12-03,economy,4919002,IDR,Indonesia AirAsia/AirAsia,04:00,10:20,1,230,,,google-flights,ok,
2026-09-30 05:09:30+0700,SUB-SIN,SUB,SIN,2026-12-04,2026-12-11,economy,6727171,IDR,Garuda Indonesia,11:10,18:25,1,205,,,google-flights,ok,
2026-09-30 05:09:30+0700,SUB-SIN,SUB,SIN,2026-12-12,2026-12-19,economy,6207553,IDR,Garuda Indonesia,16:00,16:45,1,225,,,google-flights,ok,
2026-09-30 05:09:30+0700,SUB-SIN,SUB,SIN,2026-12-20,2026-12-27,economy,6526091,IDR,Malaysia Airlines,10:00,16:40,1,235,,,google-flights,ok,
2026-09-30 05:09:30+0700,SUB-SIN,SUB,SIN,2026-12-28,2027-01-04,economy,,IDR,,,,,,,,,error,IndexError: list index out of range
2026-09-30 05:09:30+0700,SUB-SIN,SUB,SIN,2027-01-05,2027-01-12,economy,6414171,IDR,Garuda Indonesia,11:10,18:25,1,205,,,google-flights,ok,
2026-09-30 05:09:30+0700,SUB-SIN,SUB,SIN,2027-01-13,2027-01-20,economy,5371175,IDR,Indonesia AirAsia/AirAsia,04:00,10:20,1,230,,,google-flights,ok,
2026-09-30 05:09:30+0700,SUB-SIN,SUB,SIN,2027-01-21,2027-01-28,economy,5371175,IDR,Indonesia AirAsia/AirAsia,04:00,10:20,1,230,,,google-flights,ok,
2026-09-30 05:09:30+0700,SUB-SIN,SUB,SIN,2027-01-29,2027-02-05,economy,,IDR,,,,,,,,,error,IndexError: list index out of range
2026-09-30 08:10:49+0700,DPS-MEL,DPS,MEL,2026-10-03,2026-10-17,economy,,IDR,,,,,,,,,error,IndexError: list index out of range
2026-09-30 08:10:49+0700,DPS-MEL,DPS,MEL,2026-10-11,2026-10-25,economy,,IDR,,,,,,,,,error,FlightsNotFound: no flights found; received error
2026-09-30 08:10:49+0700,DPS-MEL,DPS,MEL,2026-10-19,2026-11-02,economy,,IDR,,,,,,,,,error,IndexError: list index out of range
2026-09-30 08:10:49+0700,DPS-MEL,DPS,MEL,2026-10-27,2026-11-10,economy,11446051,IDR,Jetstar,07:00,21:35,1,420,,,google-flights,ok,
2026-09-30 08:10:49+0700,DPS-MEL,DPS,MEL,2026-11-04,2026-11-18,economy,11362782,IDR,Virgin Australia,21:25,09:25,1,435,,,google-flights,ok,
2026-09-30 08:10:49+0700,DPS-MEL,DPS,MEL,2026-11-12,2026-11-26,economy,9104811,IDR,Jetstar,11:30,20:10,0,340,,,google-flights,ok,
2026-09-30 08:10:49+0700,DPS-MEL,DPS,MEL,2026-11-20,2026-12-04,economy,9104811,IDR,Jetstar,14:55,23:35,0,340,,,google-flights,ok,
2026-09-30 08:10:49+0700,DPS-MEL,DPS,MEL,2026-11-28,2026-12-12,economy,11555811,IDR,Jetstar,14:55,23:35,0,340,,,google-flights,ok,
2026-09-30 08:10:49+0700,DPS-MEL,DPS,MEL,2026-12-06,2026-12-20,economy,14994990,IDR,Jetstar,14:55,23:35,0,340,,,google-flights,ok,
2026-09-30 08:10:49+0700,DPS-MEL,DPS,MEL,2026-12-14,2026-12-28,economy,11717582,IDR,Virgin Australia,21:25,07:50,1,435,,,google-flights,ok,
2026-09-30 08:10:49+0700,DPS-MEL,DPS,MEL,2026-12-22,2027-01-05,economy,6805893,IDR,Jetstar,11:30,20:10,0,340,,,google-flights,ok,
2026-09-30 08:10:49+0700,DPS-MEL,DPS,MEL,2026-12-30,2027-01-13,economy,8154609,IDR,Jetstar,14:55,23:35,0,340,,,google-flights,ok,
2026-09-30 08:10:49+0700,DPS-MEL,DPS,MEL,2027-01-07,2027-01-21,economy,13340811,IDR,Jetstar,14:55,23:35,0,340,,,google-flights,ok,
2026-09-30 08:10:49+0700,DPS-MEL,DPS,MEL,2027-01-15,2027-01-29,economy,10195263,IDR,Jetstar,11:30,20:10,0,340,,,google-flights,ok,
2026-09-30 08:10:49+0700,DPS-MEL,DPS,MEL,2027-01-23,2027-02-06,economy,9415609,IDR,Jetstar,20:20,04:55,0,335,,,google-flights,ok,
2026-09-30 08:10:49+0700,DPS-MEL,DPS,MEL,2027-01-31,2027-02-14,economy,,IDR,,,,,,,,,error,FlightsNotFound: no flights found; received error
2026-09-30 08:10:49+0700,SUB-TPE,SUB,TPE,2026-10-07,2026-10-21,economy,7214859,IDR,Scoot,19:50,11:45,1,430,,,google-flights,ok,
2026-09-30 08:10:49+0700,SUB-TPE,SUB,TPE,2026-10-15,2026-10-29,economy,5035141,IDR,Scoot,10:35,17:10,1,430,,,google-flights,ok,
2026-09-30 08:10:49+0700,SUB-TPE,SUB,TPE,2026-10-23,2026-11-06,economy,5240821,IDR,Scoot,19:50,05:45,1,430,,,google-flights,ok,
2026-09-30 08:10:49+0700,SUB-TPE,SUB,TPE,2026-10-31,2026-11-14,economy,4490089,IDR,Scoot,19:30,05:35,1,425,,,google-flights,ok,
2026-09-30 08:10:49+0700,SUB-TPE,SUB,TPE,2026-11-08,2026-11-22,economy,5240821,IDR,Scoot,19:30,05:35,1,425,,,google-flights,ok,
2026-09-30 08:10:49+0700,SUB-TPE,SUB,TPE,2026-11-16,2026-11-30,economy,9878414,IDR,Scoot,09:50,05:35,1,425,,,google-flights,ok,
2026-09-30 08:10:49+0700,SUB-TPE,SUB,TPE,2026-11-24,2026-12-08,economy,7024850,IDR,Scoot,09:50,05:35,1,425,,,google-flights,ok,
2026-09-30 08:10:49+0700,SUB-TPE,SUB,TPE,2026-12-02,2026-12-16,economy,7323086,IDR,Scoot,19:30,17:00,1,425,,,google-flights,ok,
2026-09-30 08:10:49+0700,SUB-TPE,SUB,TPE,2026-12-10,2026-12-24,economy,11287321,IDR,Scoot,09:50,17:00,1,425,,,google-flights,ok,
2026-09-30 08:10:49+0700,SUB-TPE,SUB,TPE,2026-12-18,2027-01-01,economy,11390162,IDR,Scoot,19:30,17:00,1,425,,,google-flights,ok,
2026-09-30 08:10:49+0700,SUB-TPE,SUB,TPE,2026-12-26,2027-01-09,economy,12863240,IDR,Scoot,19:30,13:10,1,425,,,google-flights,ok,
2026-09-30 08:10:49+0700,SUB-TPE,SUB,TPE,2027-01-03,2027-01-17,economy,,IDR,,,,,,,,,error,FlightsNotFound: no flights found; received error
2026-09-30 08:10:49+0700,SUB-TPE,SUB,TPE,2027-01-11,2027-01-25,economy,5240821,IDR,Scoot,09:50,11:00,1,435,,,google-flights,ok,
2026-09-30 08:10:49+0700,SUB-TPE,SUB,TPE,2027-01-19,2027-02-02,economy,6685478,IDR,Scoot,09:50,11:00,1,435,,,google-flights,ok,
2026-09-30 08:10:49+0700,SUB-TPE,SUB,TPE,2027-01-27,2027-02-10,economy,,IDR,,,,,,,,,error,FlightsNotFound: no flights found; received error
2026-09-30 08:10:49+0700,SUB-TPE,SUB,TPE,2027-02-04,2027-02-18,economy,8479791,IDR,Scoot,09:50,05:35,1,425,,,google-flights,ok,
2026-09-30 08:10:49+0700,SUB-TPE,SUB,TPE,2027-02-12,2027-02-26,economy,12565004,IDR,Scoot,19:30,05:35,1,425,,,google-flights,ok,
2026-09-30 08:10:49+0700,SUB-TPE,SUB,TPE,2027-02-20,2027-03-06,economy,4901449,IDR,Scoot,09:50,13:10,1,425,,,google-flights,ok,
2026-09-30 08:10:49+0700,SUB-TPE,SUB,TPE,2027-02-28,2027-03-14,economy,10516022,IDR,Scoot,19:30,05:35,1,425,,,google-flights,ok,
2026-09-30 08:10:49+0700,SUB-TPE,SUB,TPE,2027-03-08,2027-03-22,economy,9307897,IDR,Scoot,09:50,05:35,1,425,,,google-flights,ok,
2026-09-30 08:10:49+0700,SUB-TPE,SUB,TPE,2027-03-16,2027-03-30,economy,5240821,IDR,Scoot,09:50,13:10,1,425,,,google-flights,ok,
2026-09-30 08:10:49+0700,SUB-TPE,SUB,TPE,2027-03-24,2027-04-07,economy,5078226,IDR,Scoot,19:30,13:10,1,425,,,google-flights,ok,
2026-09-30 08:10:49+0700,SUB-TPE,SUB,TPE,2027-04-01,2027-04-15,economy,7301029,IDR,Scoot,08:35,14:15,1,430,,,google-flights,ok,
2026-09-30 08:10:49+0700,SUB-TPE,SUB,TPE,2027-04-09,2027-04-23,economy,5938644,IDR,Scoot,19:50,05:45,1,430,,,google-flights,ok,
2026-09-30 08:10:49+0700,SUB-TPE,SUB,TPE,2027-04-17,2027-05-01,economy,5326991,IDR,Scoot,19:50,17:10,1,430,,,google-flights,ok,
2026-09-30 08:10:49+0700,SUB-TPE,SUB,TPE,2027-04-25,2027-05-09,economy,5666363,IDR,Scoot,19:50,05:45,1,430,,,google-flights,ok,
2026-09-30 08:10:49+0700,SUB-TPE,SUB,TPE,2027-05-03,2027-05-17,economy,7301029,IDR,Scoot,10:35,11:45,1,430,,,google-flights,ok,
2026-09-30 08:10:49+0700,SUB-TPE,SUB,TPE,2027-05-11,2027-05-25,economy,4576259,IDR,Scoot,19:50,17:10,1,430,,,google-flights,ok,
2026-09-30 08:10:49+0700,SUB-TPE,SUB,TPE,2027-05-19,2027-06-02,economy,4576259,IDR,Scoot,19:50,17:10,1,430,,,google-flights,ok,
2026-09-30 08:10:49+0700,SUB-TPE,SUB,TPE,2027-05-27,2027-06-10,economy,6483696,IDR,Scoot,08:35,05:45,1,430,,,google-flights,ok,
2026-09-30 08:10:49+0700,SUB-TPE,SUB,TPE,2027-06-04,2027-06-18,economy,5121311,IDR,Scoot,19:50,05:45,1,430,,,google-flights,ok,
2026-09-30 08:10:49+0700,SUB-TPE,SUB,TPE,2027-06-12,2027-06-26,economy,5666363,IDR,Scoot,19:50,17:10,1,430,,,google-flights,ok,
2026-09-30 08:10:49+0700,SUB-TPE,SUB,TPE,2027-06-20,2027-07-04,economy,5326991,IDR,Scoot,19:50,17:10,1,430,,,google-flights,ok,
2026-09-30 08:10:49+0700,SUB-TPE,SUB,TPE,2027-06-28,2027-07-12,economy,5326991,IDR,Scoot,10:35,14:15,1,430,,,google-flights,ok,
2026-09-30 08:10:49+0700,SUB-KUL,SUB,KUL,2026-10-06,2026-10-13,economy,3124922,IDR,Indonesia AirAsia,11:20,15:00,0,160,,,google-flights,ok,
2026-09-30 08:10:49+0700,SUB-KUL,SUB,KUL,2026-10-14,2026-10-21,economy,2562214,IDR,Indonesia AirAsia,05:05,08:40,0,155,,,google-flights,ok,
2026-09-30 08:10:49+0700,SUB-KUL,SUB,KUL,2026-10-22,2026-10-29,economy,2184003,IDR,Indonesia AirAsia,17:45,21:25,0,160,,,google-flights,ok,
2026-09-30 08:10:49+0700,SUB-KUL,SUB,KUL,2026-10-30,2026-11-06,economy,2904210,IDR,Indonesia AirAsia,16:45,20:25,0,160,,,google-flights,ok,
2026-09-30 08:10:49+0700,SUB-KUL,SUB,KUL,2026-11-07,2026-11-14,economy,3343000,IDR,Malaysia Airlines,10:00,13:40,0,160,,,google-flights,ok,
2026-09-30 08:10:49+0700,SUB-KUL,SUB,KUL,2026-11-15,2026-11-22,economy,2346071,IDR,Indonesia AirAsia,13:25,17:05,0,160,,,google-flights,ok,
2026-09-30 08:10:49+0700,SUB-KUL,SUB,KUL,2026-11-23,2026-11-30,economy,3370705,IDR,Malaysia Airlines,18:05,21:45,0,160,,,google-flights,ok,
2026-09-30 08:10:49+0700,SUB-KUL,SUB,KUL,2026-12-01,2026-12-08,economy,,IDR,,,,,,,,,error,FlightsNotFound: no flights found; received error
2026-09-30 08:10:49+0700,SUB-KUL,SUB,KUL,2026-12-09,2026-12-16,economy,4372653,IDR,Malaysia Airlines,10:00,13:40,0,160,,,google-flights,ok,
2026-09-30 08:10:49+0700,SUB-KUL,SUB,KUL,2026-12-17,2026-12-24,economy,3288559,IDR,Indonesia AirAsia,13:25,17:05,0,160,,,google-flights,ok,
2026-09-30 08:10:49+0700,SUB-KUL,SUB,KUL,2026-12-25,2027-01-01,economy,,IDR,,,,,,,,,error,FlightsNotFound: no flights found; received error
2026-09-30 08:10:49+0700,SUB-KUL,SUB,KUL,2027-01-02,2027-01-09,economy,3649978,IDR,Indonesia AirAsia,04:00,07:35,0,155,,,google-flights,ok,
2026-09-30 08:10:49+0700,SUB-KUL,SUB,KUL,2027-01-10,2027-01-17,economy,3587920,IDR,Indonesia AirAsia,04:00,07:35,0,155,,,google-flights,ok,
2026-09-30 08:10:49+0700,SUB-KUL,SUB,KUL,2027-01-18,2027-01-25,economy,4118217,IDR,Scoot,09:50,16:15,1,220,,,google-flights,ok,
2026-09-30 08:10:49+0700,SUB-KUL,SUB,KUL,2027-01-26,2027-02-02,economy,3288559,IDR,Indonesia AirAsia,04:00,07:35,0,155,,,google-flights,ok,
2026-09-30 08:10:49+0700,SUB-SIN,SUB,SIN,2026-10-02,2026-10-09,economy,,IDR,,,,,,,,,error,FlightsNotFound: no flights found; received error
2026-09-30 08:10:49+0700,SUB-SIN,SUB,SIN,2026-10-10,2026-10-17,economy,4880960,IDR,Lion/Batik Air,06:30,13:45,1,195,,,google-flights,ok,
2026-09-30 08:10:49+0700,SUB-SIN,SUB,SIN,2026-10-18,2026-10-25,economy,4725808,IDR,Indonesia AirAsia/AirAsia,05:05,11:35,1,230,,,google-flights,ok,
2026-09-30 08:10:49+0700,SUB-SIN,SUB,SIN,2026-10-26,2026-11-02,economy,4730941,IDR,Indonesia AirAsia/AirAsia,13:25,19:40,1,240,,,google-flights,ok,
2026-09-30 08:10:49+0700,SUB-SIN,SUB,SIN,2026-11-03,2026-11-10,economy,4192672,IDR,Indonesia AirAsia/AirAsia,13:25,19:40,1,240,,,google-flights,ok,
2026-09-30 08:10:49+0700,SUB-SIN,SUB,SIN,2026-11-11,2026-11-18,economy,4480140,IDR,Indonesia AirAsia/AirAsia,04:00,10:20,1,230,,,google-flights,ok,
2026-09-30 08:10:49+0700,SUB-SIN,SUB,SIN,2026-11-19,2026-11-26,economy,4445919,IDR,Indonesia AirAsia/AirAsia,13:25,19:40,1,240,,,google-flights,ok,
2026-09-30 08:10:49+0700,SUB-SIN,SUB,SIN,2026-11-27,2026-12-04,economy,5597091,IDR,Malaysia Airlines,18:05,00:30,1,230,,,google-flights,ok,
2026-09-30 08:10:49+0700,SUB-SIN,SUB,SIN,2026-12-05,2026-12-12,economy,6284980,IDR,Garuda Indonesia,11:10,18:25,1,205,,,google-flights,ok,
2026-09-30 08:10:49+0700,SUB-SIN,SUB,SIN,2026-12-13,2026-12-20,economy,5919091,IDR,Malaysia Airlines,18:05,09:05,1,235,,,google-flights,ok,
2026-09-30 08:10:49+0700,SUB-SIN,SUB,SIN,2026-12-21,2026-12-28,economy,4969190,IDR,Garuda Indonesia,16:00,16:45,1,225,,,google-flights,ok,
2026-09-30 08:10:49+0700,SUB-SIN,SUB,SIN,2026-12-29,2027-01-05,economy,6241091,IDR,Malaysia Airlines,18:05,00:30,1,230,,,google-flights,ok,
2026-09-30 08:10:49+0700,SUB-SIN,SUB,SIN,2027-01-06,2027-01-13,economy,6284980,IDR,Garuda Indonesia,11:10,18:25,1,205,,,google-flights,ok,
2026-09-30 08:10:49+0700,SUB-SIN,SUB,SIN,2027-01-14,2027-01-21,economy,5578511,IDR,Indonesia AirAsia/AirAsia,04:00,10:20,1,230,,,google-flights,ok,
2026-09-30 08:10:49+0700,SUB-SIN,SUB,SIN,2027-01-22,2027-01-29,economy,5597091,IDR,Malaysia Airlines,18:05,00:30,1,230,,,google-flights,ok,
2026-09-30 08:10:49+0700,SUB-SIN,SUB,SIN,2027-01-30,2027-02-06,economy,,IDR,,,,,,,,,error,FlightsNotFound: no flights found; received error
2026-09-30 11:10:08+0700,DPS-MEL,DPS,MEL,2026-10-04,2026-10-18,economy,,IDR,,,,,,,,,error,IndexError: list index out of range
2026-09-30 11:10:08+0700,DPS-MEL,DPS,MEL,2026-10-12,2026-10-26,economy,,IDR,,,,,,,,,error,IndexError: list index out of range
2026-09-30 11:10:08+0700,DPS-MEL,DPS,MEL,2026-10-20,2026-11-03,economy,,IDR,,,,,,,,,error,IndexError: list index out of range
2026-09-30 11:10:08+0700,DPS-MEL,DPS,MEL,2026-10-28,2026-11-11,economy,10563318,IDR,Jetstar,11:30,20:10,0,340,,,google-flights,ok,
2026-09-30 11:10:08+0700,DPS-MEL,DPS,MEL,2026-11-05,2026-11-19,economy,11015271,IDR,Jetstar,07:00,21:35,1,420,,,google-flights,ok,
2026-09-30 11:10:08+0700,DPS-MEL,DPS,MEL,2026-11-13,2026-11-27,economy,9448080,IDR,Jetstar,11:30,20:10,0,340,,,google-flights,ok,
2026-09-30 11:10:08+0700,DPS-MEL,DPS,MEL,2026-11-21,2026-12-05,economy,9418785,IDR,Jetstar,11:30,20:10,0,340,,,google-flights,ok,
2026-09-30 11:10:08+0700,DPS-MEL,DPS,MEL,2026-11-29,2026-12-13,economy,9694811,IDR,Jetstar,14:55,23:35,0,340,,,google-flights,ok,
2026-09-30 11:10:08+0700,DPS-MEL,DPS,MEL,2026-12-07,2026-12-21,economy,12965745,IDR,Jetstar,14:55,23:35,0,340,,,google-flights,ok,
2026-09-30 11:10:08+0700,DPS-MEL,DPS,MEL,2026-12-15,2026-12-29,economy,11434482,IDR,Virgin Australia,23:20,16:50,2,530,,,google-flights,ok,
2026-09-30 11:10:08+0700,DPS-MEL,DPS,MEL,2026-12-23,2027-01-06,economy,7606811,IDR,Jetstar,14:55,23:35,0,340,,,google-flights,ok,
2026-09-30 11:10:08+0700,DPS-MEL,DPS,MEL,2026-12-31,2027-01-14,economy,7998986,IDR,Virgin Australia,23:20,15:20,1,490,,,google-flights,ok,
2026-09-30 11:10:08+0700,DPS-MEL,DPS,MEL,2027-01-08,2027-01-22,economy,12129153,IDR,Jetstar,14:55,23:35,0,340,,,google-flights,ok,
2026-09-30 11:10:08+0700,DPS-MEL,DPS,MEL,2027-01-16,2027-01-30,economy,10878992,IDR,Jetstar,14:55,23:35,0,340,,,google-flights,ok,
2026-09-30 11:10:08+0700,DPS-MEL,DPS,MEL,2027-01-24,2027-02-07,economy,9308586,IDR,Virgin Australia,15:50,00:30,0,340,,,google-flights,ok,
2026-09-30 11:10:08+0700,DPS-MEL,DPS,MEL,2027-02-01,2027-02-15,economy,6777494,IDR,Jetstar,11:30,20:10,0,340,,,google-flights,ok,
2026-09-30 11:10:08+0700,SUB-TPE,SUB,TPE,2026-10-08,2026-10-22,economy,6685478,IDR,Scoot,10:35,05:45,1,430,,,google-flights,ok,
2026-09-30 11:10:08+0700,SUB-TPE,SUB,TPE,2026-10-16,2026-10-30,economy,5035141,IDR,Scoot,19:50,11:45,1,430,,,google-flights,ok,
2026-09-30 11:10:08+0700,SUB-TPE,SUB,TPE,2026-10-24,2026-11-07,economy,4695769,IDR,Scoot,19:50,17:00,1,425,,,google-flights,ok,
2026-09-30 11:10:08+0700,SUB-TPE,SUB,TPE,2026-11-01,2026-11-15,economy,5240821,IDR,Scoot,19:30,05:35,1,425,,,google-flights,ok,
2026-09-30 11:10:08+0700,SUB-TPE,SUB,TPE,2026-11-09,2026-11-23,economy,,IDR,,,,,,,,,error,TypeError: 'NoneType' object is not subscriptable
2026-09-30 11:10:08+0700,SUB-TPE,SUB,TPE,2026-11-17,2026-12-01,economy,5580193,IDR,Scoot,19:30,05:35,1,425,,,google-flights,ok,
2026-09-30 11:10:08+0700,SUB-TPE,SUB,TPE,2026-11-25,2026-12-09,economy,5240821,IDR,Scoot,19:30,05:35,1,425,,,google-flights,ok,
2026-09-30 11:10:08+0700,SUB-TPE,SUB,TPE,2026-12-03,2026-12-17,economy,9744723,IDR,Scoot,09:50,17:00,1,425,,,google-flights,ok,
2026-09-30 11:10:08+0700,SUB-TPE,SUB,TPE,2026-12-11,2026-12-25,economy,10516022,IDR,Scoot,19:30,17:00,1,425,,,google-flights,ok,
2026-09-30 11:10:08+0700,SUB-TPE,SUB,TPE,2026-12-19,2027-01-02,economy,14848051,IDR,Scoot,19:30,17:00,1,425,,,google-flights,ok,
2026-09-30 11:10:08+0700,SUB-TPE,SUB,TPE,2026-12-27,2027-01-10,economy,9307897,IDR,Scoot,19:30,11:00,1,435,,,google-flights,ok,
2026-09-30 11:10:08+0700,SUB-TPE,SUB,TPE,2027-01-04,2027-01-18,economy,5240821,IDR,Scoot,09:50,13:15,1,430,,,google-flights,ok,
2026-09-30 11:10:08+0700,SUB-TPE,SUB,TPE,2027-01-12,2027-01-26,economy,5035141,IDR,Scoot,19:30,05:35,1,425,,,google-flights,ok,
2026-09-30 11:10:08+0700,SUB-TPE,SUB,TPE,2027-01-20,2027-02-03,economy,7888705,IDR,Scoot,19:30,05:35,1,425,,,google-flights,ok,
2026-09-30 11:10:08+0700,SUB-TPE,SUB,TPE,2027-01-28,2027-02-11,economy,6058154,IDR,Scoot,09:50,11:00,1,435,,,google-flights,ok,
2026-09-30 11:10:08+0700,SUB-TPE,SUB,TPE,2027-02-05,2027-02-19,economy,8479791,IDR,Scoot,19:30,05:35,1,425,,,google-flights,ok,
2026-09-30 11:10:08+0700,SUB-TPE,SUB,TPE,2027-02-13,2027-02-27,economy,12565004,IDR,Scoot,19:30,05:35,1,425,,,google-flights,ok,
2026-09-30 11:10:08+0700,SUB-TPE,SUB,TPE,2027-02-21,2027-03-07,economy,5035141,IDR,Scoot,19:30,11:00,1,435,,,google-flights,ok,
2026-09-30 11:10:08+0700,SUB-TPE,SUB,TPE,2027-03-01,2027-03-15,economy,9878414,IDR,Scoot,09:50,05:35,1,425,,,google-flights,ok,
2026-09-30 11:10:08+0700,SUB-TPE,SUB,TPE,2027-03-09,2027-03-23,economy,8094385,IDR,Scoot,19:30,11:00,1,435,,,google-flights,ok,
2026-09-30 11:10:08+0700,SUB-TPE,SUB,TPE,2027-03-17,2027-03-31,economy,5852474,IDR,Scoot,19:30,13:10,1,425,,,google-flights,ok,
2026-09-30 11:10:08+0700,SUB-TPE,SUB,TPE,2027-03-25,2027-04-08,economy,7885268,IDR,Scoot,09:50,11:00,1,435,,,google-flights,ok,
2026-09-30 11:10:08+0700,SUB-TPE,SUB,TPE,2027-04-02,2027-04-16,economy,6144324,IDR,Scoot,19:50,17:10,1,430,,,google-flights,ok,
2026-09-30 11:10:08+0700,SUB-TPE,SUB,TPE,2027-04-10,2027-04-24,economy,6144324,IDR,Scoot,19:50,17:10,1,430,,,google-flights,ok,
2026-09-30 11:10:08+0700,SUB-TPE,SUB,TPE,2027-04-18,2027-05-02,economy,5666363,IDR,Scoot,19:50,05:45,1,430,,,google-flights,ok,
2026-09-30 11:10:08+0700,SUB-TPE,SUB,TPE,2027-04-26,2027-05-10,economy,4987619,IDR,Scoot,10:35,17:10,1,430,,,google-flights,ok,
2026-09-30 11:10:08+0700,SUB-TPE,SUB,TPE,2027-05-04,2027-05-18,economy,4576259,IDR,Scoot,19:50,17:10,1,430,,,google-flights,ok,
2026-09-30 11:10:08+0700,SUB-TPE,SUB,TPE,2027-05-12,2027-05-26,economy,4339727,IDR,Scoot,19:50,17:10,1,430,,,google-flights,ok,
2026-09-30 11:10:08+0700,SUB-TPE,SUB,TPE,2027-05-20,2027-06-03,economy,6483696,IDR,Scoot,08:35,05:45,1,430,,,google-flights,ok,
2026-09-30 11:10:08+0700,SUB-TPE,SUB,TPE,2027-05-28,2027-06-11,economy,5121311,IDR,Scoot,19:50,11:45,1,430,,,google-flights,ok,
2026-09-30 11:10:08+0700,SUB-TPE,SUB,TPE,2027-06-05,2027-06-19,economy,5326991,IDR,Scoot,19:50,17:10,1,430,,,google-flights,ok,
2026-09-30 11:10:08+0700,SUB-TPE,SUB,TPE,2027-06-13,2027-06-27,economy,5666363,IDR,Scoot,19:50,05:45,1,430,,,google-flights,ok,
2026-09-30 11:10:08+0700,SUB-TPE,SUB,TPE,2027-06-21,2027-07-05,economy,6144324,IDR,Scoot,10:35,17:10,1,430,,,google-flights,ok,
2026-09-30 11:10:08+0700,SUB-TPE,SUB,TPE,2027-06-29,2027-07-13,economy,4576259,IDR,Scoot,19:50,17:10,1,430,,,google-flights,ok,
2026-09-30 11:10:08+0700,SUB-KUL,SUB,KUL,2026-10-07,2026-10-14,economy,4496886,IDR,Batik Air,10:05,13:45,0,160,,,google-flights,ok,
2026-09-30 11:10:08+0700,SUB-KUL,SUB,KUL,2026-10-15,2026-10-22,economy,2562214,IDR,Indonesia AirAsia,07:05,10:45,0,160,,,google-flights,ok,
2026-09-30 11:10:08+0700,SUB-KUL,SUB,KUL,2026-10-23,2026-10-30,economy,2184003,IDR,Indonesia AirAsia,05:05,08:40,0,155,,,google-flights,ok,
2026-09-30 11:10:08+0700,SUB-KUL,SUB,KUL,2026-10-31,2026-11-07,economy,2984921,IDR,Indonesia AirAsia,04:00,07:35,0,155,,,google-flights,ok,
2026-09-30 11:10:08+0700,SUB-KUL,SUB,KUL,2026-11-08,2026-11-15,economy,2184003,IDR,Indonesia AirAsia,04:00,07:35,0,155,,,google-flights,ok,
2026-09-30 11:10:08+0700,SUB-KUL,SUB,KUL,2026-11-16,2026-11-23,economy,2184003,IDR,Indonesia AirAsia,10:20,13:55,0,155,,,google-flights,ok,
2026-09-30 11:10:08+0700,SUB-KUL,SUB,KUL,2026-11-24,2026-12-01,economy,2577009,IDR,Indonesia AirAsia,04:00,07:35,0,155,,,google-flights,ok,
2026-09-30 11:10:08+0700,SUB-KUL,SUB,KUL,2026-12-02,2026-12-09,economy,3946083,IDR,Malaysia Airlines,10:00,13:40,0,160,,,google-flights,ok,
2026-09-30 11:10:08+0700,SUB-KUL,SUB,KUL,2026-12-10,2026-12-17,economy,3288559,IDR,Indonesia AirAsia,16:45,20:25,0,160,,,google-flights,ok,
2026-09-30 11:10:08+0700,SUB-KUL,SUB,KUL,2026-12-18,2026-12-25,economy,4993391,IDR,Batik Air,10:05,13:45,0,160,,,google-flights,ok,
2026-09-30 11:10:08+0700,SUB-KUL,SUB,KUL,2026-12-26,2027-01-02,economy,5631240,IDR,Lion,09:05,15:15,1,250,,,google-flights,ok,
2026-09-30 11:10:08+0700,SUB-KUL,SUB,KUL,2027-01-03,2027-01-10,economy,3808234,IDR,Indonesia AirAsia,04:00,07:35,0,155,,,google-flights,ok,
2026-09-30 11:10:08+0700,SUB-KUL,SUB,KUL,2027-01-11,2027-01-18,economy,3068245,IDR,Indonesia AirAsia,04:00,07:35,0,155,,,google-flights,ok,
2026-09-30 11:10:08+0700,SUB-KUL,SUB,KUL,2027-01-19,2027-01-26,economy,3068245,IDR,Indonesia AirAsia,04:00,07:35,0,155,,,google-flights,ok,
2026-09-30 11:10:08+0700,SUB-KUL,SUB,KUL,2027-01-27,2027-02-03,economy,3288559,IDR,Indonesia AirAsia,04:00,07:35,0,155,,,google-flights,ok,
2026-09-30 11:10:08+0700,SUB-SIN,SUB,SIN,2026-10-03,2026-10-10,economy,5322360,IDR,Batik Air,05:05,13:45,1,195,,,google-flights,ok,
2026-09-30 11:10:08+0700,SUB-SIN,SUB,SIN,2026-10-11,2026-10-18,economy,5046881,IDR,Indonesia AirAsia/AirAsia,05:05,11:35,1,230,,,google-flights,ok,
2026-09-30 11:10:08+0700,SUB-SIN,SUB,SIN,2026-10-19,2026-10-26,economy,4832960,IDR,Lion/Batik Air,06:30,13:45,1,195,,,google-flights,ok,
2026-09-30 11:10:08+0700,SUB-SIN,SUB,SIN,2026-10-27,2026-11-03,economy,4192672,IDR,Indonesia AirAsia/AirAsia,04:00,10:20,1,230,,,google-flights,ok,
2026-09-30 11:10:08+0700,SUB-SIN,SUB,SIN,2026-11-04,2026-11-11,economy,3581467,IDR,Indonesia AirAsia/AirAsia,13:25,19:40,1,240,,,google-flights,ok,
2026-09-30 11:10:08+0700,SUB-SIN,SUB,SIN,2026-11-12,2026-11-19,economy,3846689,IDR,Indonesia AirAsia/AirAsia,16:45,22:45,1,235,,,google-flights,ok,
2026-09-30 11:10:08+0700,SUB-SIN,SUB,SIN,2026-11-20,2026-11-27,economy,5359840,IDR,Indonesia AirAsia/AirAsia,13:25,19:40,1,240,,,google-flights,ok,
2026-09-30 11:10:08+0700,SUB-SIN,SUB,SIN,2026-11-28,2026-12-05,economy,5118922,IDR,Indonesia AirAsia/AirAsia,04:00,10:20,1,230,,,google-flights,ok,
2026-09-30 11:10:08+0700,SUB-SIN,SUB,SIN,2026-12-06,2026-12-13,economy,5597091,IDR,Malaysia Airlines,18:05,00:30,1,230,,,google-flights,ok,
2026-09-30 11:10:08+0700,SUB-SIN,SUB,SIN,2026-12-14,2026-12-21,economy,5919091,IDR,Malaysia Airlines,18:05,09:05,1,235,,,google-flights,ok,
2026-09-30 11:10:08+0700,SUB-SIN,SUB,SIN,2026-12-22,2026-12-29,economy,6207553,IDR,Garuda Indonesia,09:20,16:45,1,225,,,google-flights,ok,
2026-09-30 11:10:08+0700,SUB-SIN,SUB,SIN,2026-12-30,2027-01-06,economy,6241091,IDR,Malaysia Airlines,15:50,00:30,1,230,,,google-flights,ok,
2026-09-30 11:10:08+0700,SUB-SIN,SUB,SIN,2027-01-07,2027-01-14,economy,6284980,IDR,Garuda Indonesia,11:10,18:25,1,205,,,google-flights,ok,
2026-09-30 11:10:08+0700,SUB-SIN,SUB,SIN,2027-01-15,2027-01-22,economy,6052016,IDR,Indonesia AirAsia/AirAsia,13:25,19:40,1,240,,,google-flights,ok,
2026-09-30 11:10:08+0700,SUB-SIN,SUB,SIN,2027-01-23,2027-01-30,economy,,IDR,,,,,,,,,error,IndexError: list index out of range
2026-09-30 11:10:08+0700,SUB-SIN,SUB,SIN,2027-01-31,2027-02-07,economy,,IDR,,,,,,,,,error,IndexError: list index out of range
2026-09-30 14:11:37+0700,DPS-MEL,DPS,MEL,2026-10-05,2026-10-19,economy,,IDR,,,,,,,,,error,IndexError: list index out of range
2026-09-30 14:11:37+0700,DPS-MEL,DPS,MEL,2026-10-13,2026-10-27,economy,,IDR,,,,,,,,,error,IndexError: list index out of range
2026-09-30 14:11:37+0700,DPS-MEL,DPS,MEL,2026-10-21,2026-11-04,economy,,IDR,,,,,,,,,error,IndexError: list index out of range
2026-09-30 14:11:37+0700,DPS-MEL,DPS,MEL,2026-10-29,2026-11-12,economy,9657343,IDR,Cebu Pacific,01:00,00:10,1,755,,,google-flights,ok,
2026-09-30 14:11:37+0700,DPS-MEL,DPS,MEL,2026-11-06,2026-11-20,economy,11985882,IDR,Virgin Australia,22:30,11:05,1,465,,,google-flights,ok,
2026-09-30 14:11:37+0700,DPS-MEL,DPS,MEL,2026-11-14,2026-11-28,economy,9840216,IDR,Jetstar,14:55,23:35,0,340,,,google-flights,ok,
2026-09-30 14:11:37+0700,DPS-MEL,DPS,MEL,2026-11-22,2026-12-06,economy,9543234,IDR,Jetstar,20:20,04:55,0,335,,,google-flights,ok,
2026-09-30 14:11:37+0700,DPS-MEL,DPS,MEL,2026-11-30,2026-12-14,economy,9972659,IDR,Jetstar,14:55,23:35,0,340,,,google-flights,ok,
2026-09-30 14:11:37+0700,DPS-MEL,DPS,MEL,2026-12-08,2026-12-22,economy,12192682,IDR,Virgin Australia,22:30,20:10,2,505,,,google-flights,ok,
2026-09-30 14:11:37+0700,DPS-MEL,DPS,MEL,2026-12-16,2026-12-30,economy,10440108,IDR,Jetstar,11:30,20:10,0,340,,,google-flights,ok,
2026-09-30 14:11:37+0700,DPS-MEL,DPS,MEL,2026-12-24,2027-01-07,economy,8169801,IDR,Virgin Australia,22:00,06:40,0,340,,,google-flights,ok,
2026-09-30 14:11:37+0700,DPS-MEL,DPS,MEL,2027-01-01,2027-01-15,economy,,IDR,,,,,,,,,error,FlightsNotFound: no flights found; received error
2026-09-30 14:11:37+0700,DPS-MEL,DPS,MEL,2027-01-09,2027-01-23,economy,13296021,IDR,Jetstar,11:30,20:10,0,340,,,google-flights,ok,
2026-09-30 14:11:37+0700,DPS-MEL,DPS,MEL,2027-01-17,2027-01-31,economy,10946572,IDR,Jetstar,14:55,23:35,0,340,,,google-flights,ok,
2026-09-30 14:11:37+0700,DPS-MEL,DPS,MEL,2027-01-25,2027-02-08,economy,9462283,IDR,Jetstar,14:55,23:35,0,340,,,google-flights,ok,
2026-09-30 14:11:37+0700,SUB-TPE,SUB,TPE,2026-10-01,2026-10-15,economy,10575295,IDR,Scoot,10:35,17:10,1,430,,,google-flights,ok,
2026-09-30 14:11:37+0700,SUB-TPE,SUB,TPE,2026-10-09,2026-10-23,economy,5580193,IDR,Scoot,19:50,05:45,1,430,,,google-flights,ok,
2026-09-30 14:11:37+0700,SUB-TPE,SUB,TPE,2026-10-17,2026-10-31,economy,5035141,IDR,Scoot,19:50,05:45,1,430,,,google-flights,ok,
2026-09-30 14:11:37+0700,SUB-TPE,SUB,TPE,2026-10-25,2026-11-08,economy,7024850,IDR,Scoot,09:50,05:35,1,425,,,google-flights,ok,
2026-09-30 14:11:37+0700,SUB-TPE,SUB,TPE,2026-11-02,2026-11-16,economy,6479798,IDR,Scoot,09:50,05:35,1,425,,,google-flights,ok,
2026-09-30 14:11:37+0700,SUB-TPE,SUB,TPE,2026-11-10,2026-11-24,economy,5035141,IDR,Scoot,19:30,05:35,1,425,,,google-flights,ok,
2026-09-30 14:11:37+0700,SUB-TPE,SUB,TPE,2026-11-18,2026-12-02,economy,6685478,IDR,Scoot,09:50,05:35,1,425,,,google-flights,ok,
2026-09-30 14:11:37+0700,SUB-TPE,SUB,TPE,2026-11-26,2026-12-10,economy,8469507,IDR,Scoot,09:50,05:35,1,425,,,google-flights,ok,
2026-09-30 14:11:37+0700,SUB-TPE,SUB,TPE,2026-12-04,2026-12-18,economy,9744723,IDR,Scoot,19:30,17:00,1,425,,,google-flights,ok,
2026-09-30 14:11:37+0700,SUB-TPE,SUB,TPE,2026-12-12,2026-12-26,economy,10516022,IDR,Scoot,19:30,05:35,1,425,,,google-flights,ok,
2026-09-30 14:11:37+0700,SUB-TPE,SUB,TPE,2026-12-20,2027-01-03,economy,14848051,IDR,Scoot,19:30,17:00,1,425,,,google-flights,ok,
2026-09-30 14:11:37+0700,SUB-TPE,SUB,TPE,2026-12-28,2027-01-11,economy,10125230,IDR,Scoot,09:50,05:35,1,425,,,google-flights,ok,
2026-09-30 14:11:37+0700,SUB-TPE,SUB,TPE,2027-01-05,2027-01-19,economy,5035141,IDR,Scoot,19:30,11:00,1,435,,,google-flights,ok,
2026-09-30 14:11:37+0700,SUB-TPE,SUB,TPE,2027-01-13,2027-01-27,economy,5852474,IDR,Scoot,19:30,05:35,1,425,,,google-flights,ok,
2026-09-30 14:11:37+0700,SUB-TPE,SUB,TPE,2027-01-21,2027-02-04,economy,8968525,IDR,Scoot,09:50,11:00,1,435,,,google-flights,ok,
2026-09-30 14:11:37+0700,SUB-TPE,SUB,TPE,2027-01-29,2027-02-12,economy,5035141,IDR,Scoot,19:30,05:35,1,425,,,google-flights,ok,
2026-09-30 14:11:37+0700,SUB-TPE,SUB,TPE,2027-02-06,2027-02-20,economy,7662458,IDR,Scoot,19:30,05:35,1,425,,,google-flights,ok,
2026-09-30 14:11:37+0700,SUB-TPE,SUB,TPE,2027-02-14,2027-02-28,economy,5035141,IDR,Scoot,19:30,11:00,1,435,,,google-flights,ok,
2026-09-30 14:11:37+0700,SUB-TPE,SUB,TPE,2027-02-22,2027-03-08,economy,5580193,IDR,Scoot,09:50,13:15,1,430,,,google-flights,ok,
2026-09-30 14:11:37+0700,SUB-TPE,SUB,TPE,2027-03-02,2027-03-16,economy,9878414,IDR,Scoot,19:30,05:35,1,425,,,google-flights,ok,
2026-09-30 14:11:37+0700,SUB-TPE,SUB,TPE,2027-03-10,2027-03-24,economy,7888705,IDR,Scoot,19:30,05:35,1,425,,,google-flights,ok,
2026-09-30 14:11:37+0700,SUB-TPE,SUB,TPE,2027-03-18,2027-04-01,economy,7366171,IDR,Scoot,09:50,11:00,1,435,,,google-flights,ok,
2026-09-30 14:11:37+0700,SUB-TPE,SUB,TPE,2027-03-26,2027-04-09,economy,6101239,IDR,Scoot,19:30,17:00,1,425,,,google-flights,ok,
2026-09-30 14:11:37+0700,SUB-TPE,SUB,TPE,2027-04-03,2027-04-17,economy,6483696,IDR,Scoot,19:50,17:10,1,430,,,google-flights,ok,
2026-09-30 14:11:37+0700,SUB-TPE,SUB,TPE,2027-04-11,2027-04-25,economy,5666363,IDR,Scoot,19:50,05:45,1,430,,,google-flights,ok,
2026-09-30 14:11:37+0700,SUB-TPE,SUB,TPE,2027-04-19,2027-05-03,economy,5666363,IDR,Scoot,10:35,17:10,1,430,,,google-flights,ok,
2026-09-30 14:11:37+0700,SUB-TPE,SUB,TPE,2027-04-27,2027-05-11,economy,4545407,IDR,Scoot,19:50,05:45,1,430,,,google-flights,ok,
2026-09-30 14:11:37+0700,SUB-TPE,SUB,TPE,2027-05-05,2027-05-19,economy,5121311,IDR,Scoot,19:50,11:45,1,430,,,google-flights,ok,
2026-09-30 14:11:37+0700,SUB-TPE,SUB,TPE,2027-05-13,2027-05-27,economy,7111020,IDR,Scoot,08:35,05:45,1,430,,,google-flights,ok,
2026-09-30 14:11:37+0700,SUB-TPE,SUB,TPE,2027-05-21,2027-06-04,economy,4781939,IDR,Scoot,19:50,11:45,1,430,,,google-flights,ok,
2026-09-30 14:11:37+0700,SUB-TPE,SUB,TPE,2027-05-29,2027-06-12,economy,5121311,IDR,Scoot,19:50,17:10,1,430,,,google-flights,ok,
2026-09-30 14:11:37+0700,SUB-TPE,SUB,TPE,2027-06-06,2027-06-20,economy,5666363,IDR,Scoot,19:50,05:45,1,430,,,google-flights,ok,
2026-09-30 14:11:37+0700,SUB-TPE,SUB,TPE,2027-06-14,2027-06-28,economy,6144324,IDR,Scoot,10:35,17:10,1,430,,,google-flights,ok,
2026-09-30 14:11:37+0700,SUB-TPE,SUB,TPE,2027-06-22,2027-07-06,economy,4987619,IDR,Scoot,19:50,05:45,1,430,,,google-flights,ok,
2026-09-30 14:11:37+0700,SUB-TPE,SUB,TPE,2027-06-30,2027-07-14,economy,4576259,IDR,Scoot,19:50,05:45,1,430,,,google-flights,ok,
2026-09-30 14:11:37+0700,SUB-KUL,SUB,KUL,2026-10-08,2026-10-15,economy,4164069,IDR,Malaysia Airlines,10:00,13:40,0,160,,,google-flights,ok,
2026-09-30 14:11:37+0700,SUB-KUL,SUB,KUL,2026-10-16,2026-10-23,economy,2363931,IDR,Indonesia AirAsia,11:20,15:00,0,160,,,google-flights,ok,
2026-09-30 14:11:37+0700,SUB-KUL,SUB,KUL,2026-10-24,2026-10-31,economy,2021935,IDR,Indonesia AirAsia,07:05,10:45,0,160,,,google-flights,ok,
2026-09-30 14:11:37+0700,SUB-KUL,SUB,KUL,2026-11-01,2026-11-08,economy,2235013,IDR,Indonesia AirAsia,13:25,17:05,0,160,,,google-flights,ok,
2026-09-30 14:11:37+0700,SUB-KUL,SUB,KUL,2026-11-09,2026-11-16,economy,2363931,IDR,Indonesia AirAsia,13:25,17:05,0,160,,,google-flights,ok,
2026-09-30 14:11:37+0700,SUB-KUL,SUB,KUL,2026-11-17,2026-11-24,economy,2184003,IDR,Indonesia AirAsia,13:25,17:05,0,160,,,google-flights,ok,
2026-09-30 14:11:37+0700,SUB-KUL,SUB,KUL,2026-11-25,2026-12-02,economy,3632075,IDR,Malaysia Airlines,10:00,13:40,0,160,,,google-flights,ok,
2026-09-30 14:11:37+0700,SUB-KUL,SUB,KUL,2026-12-03,2026-12-10,economy,4365980,IDR,Malaysia Airlines,15:50,19:30,0,160,,,google-flights,ok,
2026-09-30 14:11:37+0700,SUB-KUL,SUB,KUL,2026-12-11,2026-12-18,economy,3288559,IDR,Indonesia AirAsia,04:00,07:35,0,155,,,google-flights,ok,
2026-09-30 14:11:37+0700,SUB-KUL,SUB,KUL,2026-12-19,2026-12-26,economy,4024865,IDR,Indonesia AirAsia,04:00,07:35,0,155,,,google-flights,ok,
2026-09-30 14:11:37+0700,SUB-KUL,SUB,KUL,2026-12-27,2027-01-03,economy,4188234,IDR,Indonesia AirAsia,04:00,07:35,0,155,,,google-flights,ok,
2026-09-30 14:11:37+0700,SUB-KUL,SUB,KUL,2027-01-04,2027-01-11,economy,3808234,IDR,Indonesia AirAsia,04:00,07:35,0,155,,,google-flights,ok,
2026-09-30 14:11:37+0700,SUB-KUL,SUB,KUL,2027-01-12,2027-01-19,economy,3068245,IDR,Indonesia AirAsia,04:00,07:35,0,155,,,google-flights,ok,
2026-09-30 14:11:37+0700,SUB-KUL,SUB,KUL,2027-01-20,2027-01-27,economy,3068245,IDR,Indonesia AirAsia,04:00,07:35,0,155,,,google-flights,ok,
2026-09-30 14:11:37+0700,SUB-KUL,SUB,KUL,2027-01-28,2027-02-04,economy,3288559,IDR,Indonesia AirAsia,04:00,07:35,0,155,,,google-flights,ok,
2026-09-30 14:11:37+0700,SUB-SIN,SUB,SIN,2026-10-04,2026-10-11,economy,5712360,IDR,Batik Air,05:05,13:45,1,195,,,google-flights,ok,
2026-09-30 14:11:37+0700,SUB-SIN,SUB,SIN,2026-10-12,2026-10-19,economy,4893009,IDR,Indonesia AirAsia/AirAsia,05:05,11:35,1,230,,,google-flights,ok,
2026-09-30 14:11:37+0700,SUB-SIN,SUB,SIN,2026-10-20,2026-10-27,economy,4516808,IDR,Indonesia AirAsia/AirAsia,05:05,12:15,1,230,,,google-flights,ok,
2026-09-30 14:11:37+0700,SUB-SIN,SUB,SIN,2026-10-28,2026-11-04,economy,4516808,IDR,Indonesia AirAsia/AirAsia,04:00,10:20,1,230,,,google-flights,ok,
2026-09-30 14:11:37+0700,SUB-SIN,SUB,SIN,2026-11-05,2026-11-12,economy,4354740,IDR,Indonesia AirAsia/AirAsia,13:25,19:40,1,240,,,google-flights,ok,
2026-09-30 14:11:37+0700,SUB-SIN,SUB,SIN,2026-11-13,2026-11-20,economy,4571319,IDR,Indonesia AirAsia/AirAsia,04:00,10:20,1,230,,,google-flights,ok,
2026-09-30 14:11:37+0700,SUB-SIN,SUB,SIN,2026-11-21,2026-11-28,economy,4571319,IDR,Indonesia AirAsia/AirAsia,04:00,10:20,1,230,,,google-flights,ok,
2026-09-30 14:11:37+0700,SUB-SIN,SUB,SIN,2026-11-29,2026-12-06,economy,5597091,IDR,Malaysia Airlines,18:05,00:30,1,230,,,google-flights,ok,
2026-09-30 14:11:37+0700,SUB-SIN,SUB,SIN,2026-12-07,2026-12-14,economy,5597091,IDR,Malaysia Airlines,18:05,00:30,1,230,,,google-flights,ok,
2026-09-30 14:11:37+0700,SUB-SIN,SUB,SIN,2026-12-15,2026-12-22,economy,6076062,IDR,Garuda Indonesia,09:20,16:45,1,225,,,google-flights,ok,
2026-09-30 14:11:37+0700,SUB-SIN,SUB,SIN,2026-12-23,2026-12-30,economy,6241091,IDR,Malaysia Airlines,10:00,16:40,1,235,,,google-flights,ok,
2026-09-30 14:11:37+0700,SUB-SIN,SUB,SIN,2026-12-31,2027-01-07,economy,6241091,IDR,Malaysia Airlines,15:50,00:30,1,230,,,google-flights,ok,
2026-09-30 14:11:37+0700,SUB-SIN,SUB,SIN,2027-01-08,2027-01-15,economy,6697980,IDR,Garuda Indonesia,11:10,18:25,1,205,,,google-flights,ok,
2026-09-30 14:11:37+0700,SUB-SIN,SUB,SIN,2027-01-16,2027-01-23,economy,5445224,IDR,Indonesia AirAsia/AirAsia,04:00,11:35,1,230,,,google-flights,ok,
2026-09-30 14:11:37+0700,SUB-SIN,SUB,SIN,2027-01-24,2027-01-31,economy,,IDR,,,,,,,,,error,IndexError: list index out of range
2026-09-30 14:11:37+0700,SUB-SIN,SUB,SIN,2027-02-01,2027-02-08,economy,,IDR,,,,,,,,,error,IndexError: list index out of range
2026-09-30 17:11:06+0700,DPS-MEL,DPS,MEL,2026-10-06,2026-10-20,economy,,IDR,,,,,,,,,error,IndexError: list index out of range
2026-09-30 17:11:06+0700,DPS-MEL,DPS,MEL,2026-10-14,2026-10-28,economy,,IDR,,,,,,,,,error,IndexError: list index out of range
2026-09-30 17:11:06+0700,DPS-MEL,DPS,MEL,2026-10-22,2026-11-05,economy,,IDR,,,,,,,,,error,IndexError: list index out of range
2026-09-30 17:11:06+0700,DPS-MEL,DPS,MEL,2026-10-30,2026-11-13,economy,11830960,IDR,Virgin Australia,23:20,12:20,1,490,,,google-flights,ok,
2026-09-30 17:11:06+0700,DPS-MEL,DPS,MEL,2026-11-07,2026-11-21,economy,10862321,IDR,Jetstar,07:00,00:20,1,420,,,google-flights,ok,
2026-09-30 17:11:06+0700,DPS-MEL,DPS,MEL,2026-11-15,2026-11-29,economy,9040647,IDR,Jetstar,11:30,20:10,0,340,,,google-flights,ok,
2026-09-30 17:11:06+0700,DPS-MEL,DPS,MEL,2026-11-23,2026-12-07,economy,9694811,IDR,Jetstar,14:55,23:35,0,340,,,google-flights,ok,
2026-09-30 17:11:06+0700,DPS-MEL,DPS,MEL,2026-12-01,2026-12-15,economy,10440286,IDR,Jetstar,20:20,04:55,0,335,,,google-flights,ok,
2026-09-30 17:11:06+0700,DPS-MEL,DPS,MEL,2026-12-09,2026-12-23,economy,14773648,IDR,Jetstar,14:55,23:35,0,340,,,google-flights,ok,
2026-09-30 17:11:06+0700,DPS-MEL,DPS,MEL,2026-12-17,2026-12-31,economy,8487575,IDR,Jetstar,14:55,23:35,0,340,,,google-flights,ok,
2026-09-30 17:11:06+0700,DPS-MEL,DPS,MEL,2026-12-25,2027-01-08,economy,6093811,IDR,Jetstar,11:30,20:10,0,340,,,google-flights,ok,
2026-09-30 17:11:06+0700,DPS-MEL,DPS,MEL,2027-01-02,2027-01-16,economy,12163811,IDR,Jetstar,23:20,07:55,0,335,,,google-flights,ok,
2026-09-30 17:11:06+0700,DPS-MEL,DPS,MEL,2027-01-10,2027-01-24,economy,12130251,IDR,Jetstar,14:55,23:35,0,340,,,google-flights,ok,
2026-09-30 17:11:06+0700,DPS-MEL,DPS,MEL,2027-01-18,2027-02-01,economy,10173411,IDR,Jetstar,14:55,23:35,0,340,,,google-flights,ok,
2026-09-30 17:11:06+0700,DPS-MEL,DPS,MEL,2027-01-26,2027-02-09,economy,8900153,IDR,Jetstar,14:55,23:35,0,340,,,google-flights,ok,
2026-09-30 17:11:06+0700,SUB-TPE,SUB,TPE,2026-10-02,2026-10-16,economy,5852474,IDR,Scoot,19:50,11:45,1,430,,,google-flights,ok,
2026-09-30 17:11:06+0700,SUB-TPE,SUB,TPE,2026-10-10,2026-10-24,economy,6685478,IDR,Scoot,19:50,05:45,1,430,,,google-flights,ok,
2026-09-30 17:11:06+0700,SUB-TPE,SUB,TPE,2026-10-18,2026-11-01,economy,4695769,IDR,Scoot,19:50,05:45,1,430,,,google-flights,ok,
2026-09-30 17:11:06+0700,SUB-TPE,SUB,TPE,2026-10-26,2026-11-09,economy,10752554,IDR,Scoot,09:50,05:35,1,425,,,google-flights,ok,
2026-09-30 17:11:06+0700,SUB-TPE,SUB,TPE,2026-11-03,2026-11-17,economy,5035141,IDR,Scoot,19:30,05:35,1,425,,,google-flights,ok,
2026-09-30 17:11:06+0700,SUB-TPE,SUB,TPE,2026-11-11,2026-11-25,economy,4695769,IDR,Scoot,19:30,05:35,1,425,,,google-flights,ok,
2026-09-30 17:11:06+0700,SUB-TPE,SUB,TPE,2026-11-19,2026-12-03,economy,7214859,IDR,Scoot,09:50,17:00,1,425,,,google-flights,ok,
2026-09-30 17:11:06+0700,SUB-TPE,SUB,TPE,2026-11-27,2026-12-11,economy,9251090,IDR,Scoot,09:50,05:35,1,425,,,google-flights,ok,
2026-09-30 17:11:06+0700,SUB-TPE,SUB,TPE,2026-12-05,2026-12-19,economy,11287321,IDR,Scoot,19:30,05:35,1,425,,,google-flights,ok,
2026-09-30 17:11:06+0700,SUB-TPE,SUB,TPE,2026-12-13,2026-12-27,economy,12161461,IDR,Scoot,19:30,05:35,1,425,,,google-flights,ok,
2026-09-30 17:11:06+0700,SUB-TPE,SUB,TPE,2026-12-21,2027-01-04,economy,15773611,IDR,Scoot,09:50,05:35,1,425,,,google-flights,ok,
2026-09-30 17:11:06+0700,SUB-TPE,SUB,TPE,2026-12-29,2027-01-12,economy,7662458,IDR,Scoot,19:30,05:35,1,425,,,google-flights,ok,
2026-09-30 17:11:06+0700,SUB-TPE,SUB,TPE,2027-01-06,2027-01-20,economy,4695769,IDR,Scoot,19:30,05:35,1,425,,,google-flights,ok,
2026-09-30 17:11:06+0700,SUB-TPE,SUB,TPE,2027-01-14,2027-01-28,economy,6058154,IDR,Scoot,09:50,11:00,1,435,,,google-flights,ok,
2026-09-30 17:11:06+0700,SUB-TPE,SUB,TPE,2027-01-22,2027-02-05,economy,8762845,IDR,Scoot,19:30,05:35,1,425,,,google-flights,ok,
2026-09-30 17:11:06+0700,SUB-TPE,SUB,TPE,2027-01-30,2027-02-13,economy,5035141,IDR,Scoot,19:30,05:35,1,425,,,google-flights,ok,
2026-09-30 17:11:06+0700,SUB-TPE,SUB,TPE,2027-02-07,2027-02-21,economy,7662458,IDR,Scoot,19:30,05:35,1,425,,,google-flights,ok,
2026-09-30 17:11:06+0700,SUB-TPE,SUB,TPE,2027-02-15,2027-03-01,economy,5035141,IDR,Scoot,09:50,13:15,1,430,,,google-flights,ok,
2026-09-30 17:11:06+0700,SUB-TPE,SUB,TPE,2027-02-23,2027-03-09,economy,5035141,IDR,Scoot,19:30,11:00,1,435,,,google-flights,ok,
2026-09-30 17:11:06+0700,SUB-TPE,SUB,TPE,2027-03-03,2027-03-17,economy,9251090,IDR,Scoot,19:30,05:35,1,425,,,google-flights,ok,
2026-09-30 17:11:06+0700,SUB-TPE,SUB,TPE,2027-03-11,2027-03-25,economy,9878414,IDR,Scoot,09:50,05:35,1,425,,,google-flights,ok,
2026-09-30 17:11:06+0700,SUB-TPE,SUB,TPE,2027-03-19,2027-04-02,economy,8137470,IDR,Scoot,19:30,17:00,1,425,,,google-flights,ok,
2026-09-30 17:11:06+0700,SUB-TPE,SUB,TPE,2027-03-27,2027-04-10,economy,6440611,IDR,Scoot,19:30,17:10,1,430,,,google-flights,ok,
2026-09-30 17:11:06+0700,SUB-TPE,SUB,TPE,2027-04-04,2027-04-18,economy,7928353,IDR,Scoot,19:50,05:45,1,430,,,google-flights,ok,
2026-09-30 17:11:06+0700,SUB-TPE,SUB,TPE,2027-04-12,2027-04-26,economy,6483696,IDR,Scoot,10:35,05:45,1,430,,,google-flights,ok,
2026-09-30 17:11:06+0700,SUB-TPE,SUB,TPE,2027-04-20,2027-05-04,economy,4545407,IDR,Scoot,19:50,05:45,1,430,,,google-flights,ok,
2026-09-30 17:11:06+0700,SUB-TPE,SUB,TPE,2027-04-28,2027-05-12,economy,4339727,IDR,Scoot,19:50,11:45,1,430,,,google-flights,ok,
2026-09-30 17:11:06+0700,SUB-TPE,SUB,TPE,2027-05-06,2027-05-20,economy,6771648,IDR,Scoot,08:35,05:45,1,430,,,google-flights,ok,
2026-09-30 17:11:06+0700,SUB-TPE,SUB,TPE,2027-05-14,2027-05-28,economy,6144324,IDR,Scoot,19:50,17:10,1,430,,,google-flights,ok,
2026-09-30 17:11:06+0700,SUB-TPE,SUB,TPE,2027-05-22,2027-06-05,economy,6144324,IDR,Scoot,19:50,17:10,1,430,,,google-flights,ok,
2026-09-30 17:11:06+0700,SUB-TPE,SUB,TPE,2027-05-30,2027-06-13,economy,5666363,IDR,Scoot,19:50,05:45,1,430,,,google-flights,ok,
2026-09-30 17:11:06+0700,SUB-TPE,SUB,TPE,2027-06-07,2027-06-21,economy,7301029,IDR,Scoot,10:35,05:45,1,430,,,google-flights,ok,
2026-09-30 17:11:06+0700,SUB-TPE,SUB,TPE,2027-06-15,2027-06-29,economy,4987619,IDR,Scoot,19:50,05:45,1,430,,,google-flights,ok,
2026-09-30 17:11:06+0700,SUB-TPE,SUB,TPE,2027-06-23,2027-07-07,economy,5121311,IDR,Scoot,19:50,14:15,1,430,,,google-flights,ok,
2026-09-30 17:11:06+0700,SUB-KUL,SUB,KUL,2026-10-01,2026-10-08,economy,3806990,IDR,Indonesia AirAsia,07:05,10:45,0,160,,,google-flights,ok,
2026-09-30 17:11:06+0700,SUB-KUL,SUB,KUL,2026-10-09,2026-10-16,economy,2724282,IDR,Indonesia AirAsia,05:05,08:40,0,155,,,google-flights,ok,
2026-09-30 17:11:06+0700,SUB-KUL,SUB,KUL,2026-10-17,2026-10-24,economy,2984921,IDR,Indonesia AirAsia,11:20,15:00,0,160,,,google-flights,ok,
2026-09-30 17:11:06+0700,SUB-KUL,SUB,KUL,2026-10-25,2026-11-01,economy,2984921,IDR,Indonesia AirAsia,16:45,20:25,0,160,,,google-flights,ok,
2026-09-30 17:11:06+0700,SUB-KUL,SUB,KUL,2026-11-02,2026-11-09,economy,3368313,IDR,Malaysia Airlines,10:00,13:40,0,160,,,google-flights,ok,
2026-09-30 17:11:06+0700,SUB-KUL,SUB,KUL,2026-11-10,2026-11-17,economy,2562214,IDR,Indonesia AirAsia,13:25,17:05,0,160,,,google-flights,ok,
2026-09-30 17:11:06+0700,SUB-KUL,SUB,KUL,2026-11-18,2026-11-25,economy,3340668,IDR,Malaysia Airlines,10:00,13:40,0,160,,,google-flights,ok,
2026-09-30 17:11:06+0700,SUB-KUL,SUB,KUL,2026-11-26,2026-12-03,economy,3635984,IDR,Malaysia Airlines,10:00,13:40,0,160,,,google-flights,ok,
2026-09-30 17:11:06+0700,SUB-KUL,SUB,KUL,2026-12-04,2026-12-11,economy,4770069,IDR,Malaysia Airlines,10:00,13:40,0,160,,,google-flights,ok,
2026-09-30 17:11:06+0700,SUB-KUL,SUB,KUL,2026-12-12,2026-12-19,economy,3288559,IDR,Indonesia AirAsia,04:00,07:35,0,155,,,google-flights,ok,
2026-09-30 17:11:06+0700,SUB-KUL,SUB,KUL,2026-12-20,2026-12-27,economy,4993391,IDR,Batik Air,10:05,13:45,0,160,,,google-flights,ok,
2026-09-30 17:11:06+0700,SUB-KUL,SUB,KUL,2026-12-28,2027-01-04,economy,4188234,IDR,Indonesia AirAsia,10:20,13:55,0,155,,,google-flights,ok,
2026-09-30 17:11:06+0700,SUB-KUL,SUB,KUL,2027-01-05,2027-01-12,economy,3808234,IDR,Indonesia AirAsia,04:00,07:35,0,155,,,google-flights,ok,
2026-09-30 17:11:06+0700,SUB-KUL,SUB,KUL,2027-01-13,2027-01-20,economy,3068245,IDR,Indonesia AirAsia,04:00,07:35,0,155,,,google-flights,ok,
2026-09-30 17:11:06+0700,SUB-KUL,SUB,KUL,2027-01-21,2027-01-28,economy,3068245,IDR,Indonesia AirAsia,04:00,07:35,0,155,,,google-flights,ok,
2026-09-30 17:11:06+0700,SUB-KUL,SUB,KUL,2027-01-29,2027-02-05,economy,3288559,IDR,Indonesia AirAsia,04:00,07:35,0,155,,,google-flights,ok,
2026-09-30 17:11:06+0700,SUB-SIN,SUB,SIN,2026-10-05,2026-10-12,economy,6030960,IDR,Lion/Batik Air,07:40,15:15,1,195,,,google-flights,ok,
2026-09-30 17:11:06+0700,SUB-SIN,SUB,SIN,2026-10-13,2026-10-20,economy,4534668,IDR,Indonesia AirAsia/AirAsia,05:05,12:15,1,230,,,google-flights,ok,
2026-09-30 17:11:06+0700,SUB-SIN,SUB,SIN,2026-10-21,2026-10-28,economy,4318072,IDR,Indonesia AirAsia/AirAsia,07:05,13:00,1,225,,,google-flights,ok,
2026-09-30 17:11:06+0700,SUB-SIN,SUB,SIN,2026-10-29,2026-11-05,economy,4836699,IDR,Indonesia AirAsia/AirAsia,13:25,19:40,1,240,,,google-flights,ok,
2026-09-30 17:11:06+0700,SUB-SIN,SUB,SIN,2026-11-06,2026-11-13,economy,4471887,IDR,Indonesia AirAsia/AirAsia,13:25,19:40,1,240,,,google-flights,ok,
2026-09-30 17:11:06+0700,SUB-SIN,SUB,SIN,2026-11-14,2026-11-21,economy,4445919,IDR,Indonesia AirAsia/AirAsia,13:25,19:40,1,240,,,google-flights,ok,
2026-09-30 17:11:06+0700,SUB-SIN,SUB,SIN,2026-11-22,2026-11-29,economy,5532173,IDR,Indonesia AirAsia/AirAsia,04:00,10:20,1,230,,,google-flights,ok,
2026-09-30 17:11:06+0700,SUB-SIN,SUB,SIN,2026-11-30,2026-12-07,economy,4255498,IDR,"Pelita Air Service, Pt",18:25,10:45,1,205,,,google-flights,ok,
2026-09-30 17:11:06+0700,SUB-SIN,SUB,SIN,2026-12-08,2026-12-15,economy,5597091,IDR,Malaysia Airlines,18:05,00:30,1,230,,,google-flights,ok,
2026-09-30 17:11:06+0700,SUB-SIN,SUB,SIN,2026-12-16,2026-12-23,economy,6301553,IDR,Garuda Indonesia,16:00,16:45,1,225,,,google-flights,ok,
2026-09-30 17:11:06+0700,SUB-SIN,SUB,SIN,2026-12-24,2026-12-31,economy,6392553,IDR,Garuda Indonesia,16:00,16:45,1,225,,,google-flights,ok,
2026-09-30 17:11:06+0700,SUB-SIN,SUB,SIN,2027-01-01,2027-01-08,economy,6514971,IDR,Garuda Indonesia,19:20,08:35,1,200,,,google-flights,ok,
2026-09-30 17:11:06+0700,SUB-SIN,SUB,SIN,2027-01-09,2027-01-16,economy,6284980,IDR,Garuda Indonesia,11:10,18:25,1,205,,,google-flights,ok,
2026-09-30 17:11:06+0700,SUB-SIN,SUB,SIN,2027-01-17,2027-01-24,economy,,IDR,,,,,,,,,error,IndexError: list index out of range
2026-09-30 17:11:06+0700,SUB-SIN,SUB,SIN,2027-01-25,2027-02-01,economy,,IDR,,,,,,,,,error,IndexError: list index out of range
2026-09-30 20:13:09+0700,DPS-MEL,DPS,MEL,2026-10-07,2026-10-21,economy,,IDR,,,,,,,,,error,IndexError: list index out of range
2026-09-30 20:13:09+0700,DPS-MEL,DPS,MEL,2026-10-15,2026-10-29,economy,,IDR,,,,,,,,,error,IndexError: list index out of range
2026-09-30 20:13:09+0700,DPS-MEL,DPS,MEL,2026-10-23,2026-11-06,economy,,IDR,,,,,,,,,error,IndexError: list index out of range
2026-09-30 20:13:09+0700,DPS-MEL,DPS,MEL,2026-10-31,2026-11-14,economy,10476811,IDR,Jetstar,14:55,23:35,0,340,,,google-flights,ok,
2026-09-30 20:13:09+0700,DPS-MEL,DPS,MEL,2026-11-08,2026-11-22,economy,10310695,IDR,Scoot,11:10,21:20,1,605,,,google-flights,ok,
2026-09-30 20:13:09+0700,DPS-MEL,DPS,MEL,2026-11-16,2026-11-30,economy,9077983,IDR,Jetstar,14:55,23:35,0,340,,,google-flights,ok,
2026-09-30 20:13:09+0700,DPS-MEL,DPS,MEL,2026-11-24,2026-12-08,economy,9180465,IDR,Jetstar,11:30,20:10,0,340,,,google-flights,ok,
2026-09-30 20:13:09+0700,DPS-MEL,DPS,MEL,2026-12-02,2026-12-16,economy,10955811,IDR,Jetstar,14:55,23:35,0,340,,,google-flights,ok,
2026-09-30 20:13:09+0700,DPS-MEL,DPS,MEL,2026-12-10,2026-12-24,economy,12422811,IDR,Jetstar,11:30,20:10,0,340,,,google-flights,ok,
2026-09-30 20:13:09+0700,DPS-MEL,DPS,MEL,2026-12-18,2027-01-01,economy,9477882,IDR,Virgin Australia,15:50,00:30,0,340,,,google-flights,ok,
2026-09-30 20:13:09+0700,DPS-MEL,DPS,MEL,2026-12-26,2027-01-09,economy,6818664,IDR,Jetstar,11:30,20:10,0,340,,,google-flights,ok,
2026-09-30 20:13:09+0700,DPS-MEL,DPS,MEL,2027-01-03,2027-01-17,economy,11609061,IDR,Garuda Indonesia,20:40,11:50,1,510,,,google-flights,ok,
2026-09-30 20:13:09+0700,DPS-MEL,DPS,MEL,2027-01-11,2027-01-25,economy,11611852,IDR,Virgin Australia,22:00,06:40,0,340,,,google-flights,ok,
2026-09-30 20:13:09+0700,DPS-MEL,DPS,MEL,2027-01-19,2027-02-02,economy,8911852,IDR,Virgin Australia,22:00,06:40,0,340,,,google-flights,ok,
2026-09-30 20:13:09+0700,DPS-MEL,DPS,MEL,2027-01-27,2027-02-10,economy,8896213,IDR,Jetstar,14:55,23:35,0,340,,,google-flights,ok,
2026-09-30 20:13:09+0700,SUB-TPE,SUB,TPE,2026-10-03,2026-10-17,economy,12477835,IDR,Scoot,19:50,05:45,1,430,,,google-flights,ok,
2026-09-30 20:13:09+0700,SUB-TPE,SUB,TPE,2026-10-11,2026-10-25,economy,9307897,IDR,Scoot,10:35,05:45,1,430,,,google-flights,ok,
2026-09-30 20:13:09+0700,SUB-TPE,SUB,TPE,2026-10-19,2026-11-02,economy,6479798,IDR,Scoot,10:35,05:45,1,430,,,google-flights,ok,
2026-09-30 20:13:09+0700,SUB-TPE,SUB,TPE,2026-10-27,2026-11-10,economy,4490089,IDR,Scoot,19:30,17:00,1,425,,,google-flights,ok,
2026-09-30 20:13:09+0700,SUB-TPE,SUB,TPE,2026-11-04,2026-11-18,economy,7323086,IDR,Scoot,09:50,05:35,1,425,,,google-flights,ok,
2026-09-30 20:13:09+0700,SUB-TPE,SUB,TPE,2026-11-12,2026-11-26,economy,,IDR,,,,,,,,,error,TypeError: 'NoneType' object is not subscriptable
2026-09-30 20:13:09+0700,SUB-TPE,SUB,TPE,2026-11-20,2026-12-04,economy,8479791,IDR,Scoot,09:50,05:35,1,425,,,google-flights,ok,
2026-09-30 20:13:09+0700,SUB-TPE,SUB,TPE,2026-11-28,2026-12-12,economy,6397526,IDR,Scoot,19:30,05:35,1,425,,,google-flights,ok,
2026-09-30 20:13:09+0700,SUB-TPE,SUB,TPE,2026-12-06,2026-12-20,economy,11287321,IDR,Scoot,19:30,17:00,1,425,,,google-flights,ok,
2026-09-30 20:13:09+0700,SUB-TPE,SUB,TPE,2026-12-14,2026-12-28,economy,13202612,IDR,Scoot,09:50,05:35,1,425,,,google-flights,ok,
2026-09-30 20:13:09+0700,SUB-TPE,SUB,TPE,2026-12-22,2027-01-05,economy,11390162,IDR,Scoot,19:30,17:00,1,425,,,google-flights,ok,
2026-09-30 20:13:09+0700,SUB-TPE,SUB,TPE,2026-12-30,2027-01-13,economy,8479791,IDR,Scoot,19:30,05:35,1,425,,,google-flights,ok,
2026-09-30 20:13:09+0700,SUB-TPE,SUB,TPE,2027-01-07,2027-01-21,economy,6058154,IDR,Scoot,09:50,11:00,1,435,,,google-flights,ok,
2026-09-30 20:13:09+0700,SUB-TPE,SUB,TPE,2027-01-15,2027-01-29,economy,5852474,IDR,Scoot,19:30,05:35,1,425,,,google-flights,ok,
2026-09-30 20:13:09+0700,SUB-TPE,SUB,TPE,2027-01-23,2027-02-06,economy,8762845,IDR,Scoot,19:30,05:35,1,425,,,google-flights,ok,
2026-09-30 20:13:09+0700,SUB-TPE,SUB,TPE,2027-01-31,2027-02-14,economy,5035141,IDR,Scoot,19:30,11:00,1,435,,,google-flights,ok,
2026-09-30 20:13:09+0700,SUB-TPE,SUB,TPE,2027-02-08,2027-02-22,economy,10575295,IDR,Scoot,09:50,05:35,1,425,,,google-flights,ok,
2026-09-30 20:13:09+0700,SUB-TPE,SUB,TPE,2027-02-16,2027-03-02,economy,4490089,IDR,Scoot,19:30,11:00,1,435,,,google-flights,ok,
2026-09-30 20:13:09+0700,SUB-TPE,SUB,TPE,2027-02-24,2027-03-10,economy,7024850,IDR,Scoot,09:50,17:00,1,425,,,google-flights,ok,
2026-09-30 20:13:09+0700,SUB-TPE,SUB,TPE,2027-03-04,2027-03-18,economy,9878414,IDR,Scoot,09:50,05:35,1,425,,,google-flights,ok,
2026-09-30 20:13:09+0700,SUB-TPE,SUB,TPE,2027-03-12,2027-03-26,economy,9878414,IDR,Scoot,09:50,17:00,1,425,,,google-flights,ok,
2026-09-30 20:13:09+0700,SUB-TPE,SUB,TPE,2027-03-20,2027-04-03,economy,7705543,IDR,Scoot,19:30,05:35,1,425,,,google-flights,ok,
2026-09-30 20:13:09+0700,SUB-TPE,SUB,TPE,2027-03-28,2027-04-11,economy,6440611,IDR,Scoot,19:50,17:10,1,430,,,google-flights,ok,
2026-09-30 20:13:09+0700,SUB-TPE,SUB,TPE,2027-04-05,2027-04-19,economy,7928353,IDR,Scoot,10:35,14:15,1,430,,,google-flights,ok,
2026-09-30 20:13:09+0700,SUB-TPE,SUB,TPE,2027-04-13,2027-04-27,economy,4781939,IDR,Scoot,19:50,17:10,1,430,,,google-flights,ok,
2026-09-30 20:13:09+0700,SUB-TPE,SUB,TPE,2027-04-21,2027-05-05,economy,4576259,IDR,Scoot,19:50,11:45,1,430,,,google-flights,ok,
2026-09-30 20:13:09+0700,SUB-TPE,SUB,TPE,2027-04-29,2027-05-13,economy,6771648,IDR,Scoot,08:35,05:45,1,430,,,google-flights,ok,
2026-09-30 20:13:09+0700,SUB-TPE,SUB,TPE,2027-05-07,2027-05-21,economy,4576259,IDR,Scoot,19:50,11:45,1,430,,,google-flights,ok,
2026-09-30 20:13:09+0700,SUB-TPE,SUB,TPE,2027-05-15,2027-05-29,economy,5666363,IDR,Scoot,19:50,17:10,1,430,,,google-flights,ok,
2026-09-30 20:13:09+0700,SUB-TPE,SUB,TPE,2027-05-23,2027-06-06,economy,5666363,IDR,Scoot,19:50,05:45,1,430,,,google-flights,ok,
2026-09-30 20:13:09+0700,SUB-TPE,SUB,TPE,2027-05-31,2027-06-14,economy,7301029,IDR,Scoot,10:35,05:45,1,430,,,google-flights,ok,
2026-09-30 20:13:09+0700,SUB-TPE,SUB,TPE,2027-06-08,2027-06-22,economy,4987619,IDR,Scoot,19:50,05:45,1,430,,,google-flights,ok,
2026-09-30 20:13:09+0700,SUB-TPE,SUB,TPE,2027-06-16,2027-06-30,economy,5326991,IDR,Scoot,19:50,05:45,1,430,,,google-flights,ok,
2026-09-30 20:13:09+0700,SUB-TPE,SUB,TPE,2027-06-24,2027-07-08,economy,6483696,IDR,Scoot,08:35,05:45,1,430,,,google-flights,ok,
2026-09-30 20:13:09+0700,SUB-KUL,SUB,KUL,2026-10-02,2026-10-09,economy,4739580,IDR,Batik Air,05:05,13:10,1,220,,,google-flights,ok,
2026-09-30 20:13:09+0700,SUB-KUL,SUB,KUL,2026-10-10,2026-10-17,economy,3756580,IDR,Batik Air,05:05,13:10,1,220,,,google-flights,ok,
2026-09-30 20:13:09+0700,SUB-KUL,SUB,KUL,2026-10-18,2026-10-25,economy,3146989,IDR,Indonesia AirAsia,17:45,21:25,0,160,,,google-flights,ok,
2026-09-30 20:13:09+0700,SUB-KUL,SUB,KUL,2026-10-26,2026-11-02,economy,3452921,IDR,Indonesia AirAsia,04:00,07:35,0,155,,,google-flights,ok,
2026-09-30 20:13:09+0700,SUB-KUL,SUB,KUL,2026-11-03,2026-11-10,economy,2184003,IDR,Indonesia AirAsia,04:00,07:35,0,155,,,google-flights,ok,
2026-09-30 20:13:09+0700,SUB-KUL,SUB,KUL,2026-11-11,2026-11-18,economy,2184003,IDR,Indonesia AirAsia,04:00,07:35,0,155,,,google-flights,ok,
2026-09-30 20:13:09+0700,SUB-KUL,SUB,KUL,2026-11-19,2026-11-26,economy,2184003,IDR,Indonesia AirAsia,04:00,07:35,0,155,,,google-flights,ok,
2026-09-30 20:13:09+0700,SUB-KUL,SUB,KUL,2026-11-27,2026-12-04,economy,3197999,IDR,Indonesia AirAsia,04:00,07:35,0,155,,,google-flights,ok,
2026-09-30 20:13:09+0700,SUB-KUL,SUB,KUL,2026-12-05,2026-12-12,economy,3288559,IDR,Indonesia AirAsia,04:00,07:35,0,155,,,google-flights,ok,
2026-09-30 20:13:09+0700,SUB-KUL,SUB,KUL,2026-12-13,2026-12-20,economy,4769561,IDR,Malaysia Airlines,10:00,13:40,0,160,,,google-flights,ok,
2026-09-30 20:13:09+0700,SUB-KUL,SUB,KUL,2026-12-21,2026-12-28,economy,4188234,IDR,Indonesia AirAsia,04:00,07:35,0,155,,,google-flights,ok,
2026-09-30 20:13:09+0700,SUB-KUL,SUB,KUL,2026-12-29,2027-01-05,economy,3808234,IDR,Indonesia AirAsia,16:45,20:25,0,160,,,google-flights,ok,
2026-09-30 20:13:09+0700,SUB-KUL,SUB,KUL,2027-01-06,2027-01-13,economy,3808234,IDR,Indonesia AirAsia,04:00,07:35,0,155,,,google-flights,ok,
2026-09-30 20:13:09+0700,SUB-KUL,SUB,KUL,2027-01-14,2027-01-21,economy,3068245,IDR,Indonesia AirAsia,04:00,07:35,0,155,,,google-flights,ok,
2026-09-30 20:13:09+0700,SUB-KUL,SUB,KUL,2027-01-22,2027-01-29,economy,3068245,IDR,Indonesia AirAsia,04:00,07:35,0,155,,,google-flights,ok,
2026-09-30 20:13:09+0700,SUB-KUL,SUB,KUL,2027-01-30,2027-02-06,economy,3288559,IDR,Indonesia AirAsia,04:00,07:35,0,155,,,google-flights,ok,
2026-09-30 20:13:09+0700,SUB-SIN,SUB,SIN,2026-10-06,2026-10-13,economy,5182960,IDR,Lion/Batik Air,06:30,13:45,1,195,,,google-flights,ok,
2026-09-30 20:13:09+0700,SUB-SIN,SUB,SIN,2026-10-14,2026-10-21,economy,4400196,IDR,Lion/Batik Air,07:40,15:15,1,195,,,google-flights,ok,
2026-09-30 20:13:09+0700,SUB-SIN,SUB,SIN,2026-10-22,2026-10-29,economy,3679786,IDR,Indonesia AirAsia/AirAsia,05:05,11:35,1,230,,,google-flights,ok,
2026-09-30 20:13:09+0700,SUB-SIN,SUB,SIN,2026-10-30,2026-11-06,economy,5281554,IDR,Indonesia AirAsia/AirAsia,13:25,19:40,1,240,,,google-flights,ok,
2026-09-30 20:13:09+0700,SUB-SIN,SUB,SIN,2026-11-07,2026-11-14,economy,4435219,IDR,Indonesia AirAsia/AirAsia,10:20,18:00,1,235,,,google-flights,ok,
2026-09-30 20:13:09+0700,SUB-SIN,SUB,SIN,2026-11-15,2026-11-22,economy,5293007,IDR,Indonesia AirAsia/AirAsia,16:45,22:45,1,235,,,google-flights,ok,
2026-09-30 20:13:09+0700,SUB-SIN,SUB,SIN,2026-11-23,2026-11-30,economy,4919002,IDR,Indonesia AirAsia/AirAsia,04:00,10:20,1,230,,,google-flights,ok,
2026-09-30 20:13:09+0700,SUB-SIN,SUB,SIN,2026-12-01,2026-12-08,economy,5597091,IDR,Malaysia Airlines,18:05,00:30,1,230,,,google-flights,ok,
2026-09-30 20:13:09+0700,SUB-SIN,SUB,SIN,2026-12-09,2026-12-16,economy,5597091,IDR,Malaysia Airlines,10:00,16:40,1,235,,,google-flights,ok,
2026-09-30 20:13:09+0700,SUB-SIN,SUB,SIN,2026-12-17,2026-12-24,economy,6586553,IDR,Garuda Indonesia,09:20,16:45,1,225,,,google-flights,ok,
2026-09-30 20:13:09+0700,SUB-SIN,SUB,SIN,2026-12-25,2027-01-01,economy,6433553,IDR,Garuda Indonesia,16:00,16:45,1,225,,,google-flights,ok,
2026-09-30 20:13:09+0700,SUB-SIN,SUB,SIN,2027-01-02,2027-01-09,economy,6420971,IDR,Garuda Indonesia,11:10,18:25,1,205,,,google-flights,ok,
2026-09-30 20:13:09+0700,SUB-SIN,SUB,SIN,2027-01-10,2027-01-17,economy,,IDR,,,,,,,,,error,IndexError: list index out of range
2026-09-30 20:13:09+0700,SUB-SIN,SUB,SIN,2027-01-18,2027-01-25,economy,,IDR,,,,,,,,,error,IndexError: list index out of range
2026-09-30 20:13:09+0700,SUB-SIN,SUB,SIN,2027-01-26,2027-02-02,economy,5946923,IDR,Indonesia AirAsia/AirAsia,04:00,10:20,1,230,,,google-flights,ok,
2026-09-30 23:11:48+0700,DPS-MEL,DPS,MEL,2026-10-08,2026-10-22,economy,,IDR,,,,,,,,,error,IndexError: list index out of range
2026-09-30 23:11:48+0700,DPS-MEL,DPS,MEL,2026-10-16,2026-10-30,economy,,IDR,,,,,,,,,error,IndexError: list index out of range
2026-09-30 23:11:48+0700,DPS-MEL,DPS,MEL,2026-10-24,2026-11-07,economy,,IDR,,,,,,,,,error,IndexError: list index out of range
2026-09-30 23:11:48+0700,DPS-MEL,DPS,MEL,2026-11-01,2026-11-15,economy,11195811,IDR,Jetstar,14:55,23:35,0,340,,,google-flights,ok,
2026-09-30 23:11:48+0700,DPS-MEL,DPS,MEL,2026-11-09,2026-11-23,economy,9838281,IDR,Jetstar,14:55,23:35,0,340,,,google-flights,ok,
2026-09-30 23:11:48+0700,DPS-MEL,DPS,MEL,2026-11-17,2026-12-01,economy,10140682,IDR,Virgin Australia,22:30,11:35,1,465,,,google-flights,ok,
2026-09-30 23:11:48+0700,DPS-MEL,DPS,MEL,2026-11-25,2026-12-09,economy,8629178,IDR,Jetstar,14:55,23:35,0,340,,,google-flights,ok,
2026-09-30 23:11:48+0700,DPS-MEL,DPS,MEL,2026-12-03,2026-12-17,economy,13513882,IDR,Virgin Australia,22:30,11:05,1,465,,,google-flights,ok,
2026-09-30 23:11:48+0700,DPS-MEL,DPS,MEL,2026-12-11,2026-12-25,economy,11818082,IDR,Virgin Australia,23:20,16:50,2,530,,,google-flights,ok,
2026-09-30 23:11:48+0700,DPS-MEL,DPS,MEL,2026-12-19,2027-01-02,economy,7946901,IDR,Jetstar,11:30,20:10,0,340,,,google-flights,ok,
2026-09-30 23:11:48+0700,DPS-MEL,DPS,MEL,2026-12-27,2027-01-10,economy,7591811,IDR,Jetstar,14:55,23:35,0,340,,,google-flights,ok,
2026-09-30 23:11:48+0700,DPS-MEL,DPS,MEL,2027-01-04,2027-01-18,economy,11606694,IDR,Garuda Indonesia,20:40,11:50,1,510,,,google-flights,ok,
2026-09-30 23:11:48+0700,DPS-MEL,DPS,MEL,2027-01-12,2027-01-26,economy,10061664,IDR,Virgin Australia,22:00,06:40,0,340,,,google-flights,ok,
2026-09-30 23:11:48+0700,DPS-MEL,DPS,MEL,2027-01-20,2027-02-03,economy,9297664,IDR,Virgin Australia,15:50,00:30,0,340,,,google-flights,ok,
2026-09-30 23:11:48+0700,DPS-MEL,DPS,MEL,2027-01-28,2027-02-11,economy,8196811,IDR,Jetstar,11:30,20:10,0,340,,,google-flights,ok,
2026-09-30 23:11:48+0700,SUB-TPE,SUB,TPE,2026-10-04,2026-10-18,economy,5852474,IDR,Scoot,19:50,14:15,1,430,,,google-flights,ok,
2026-09-30 23:11:48+0700,SUB-TPE,SUB,TPE,2026-10-12,2026-10-26,economy,8433757,IDR,Scoot,10:35,17:10,1,430,,,google-flights,ok,
2026-09-30 23:11:48+0700,SUB-TPE,SUB,TPE,2026-10-20,2026-11-03,economy,5852474,IDR,Scoot,10:35,17:10,1,430,,,google-flights,ok,
2026-09-30 23:11:48+0700,SUB-TPE,SUB,TPE,2026-10-28,2026-11-11,economy,6685478,IDR,Scoot,19:30,11:00,1,435,,,google-flights,ok,
2026-09-30 23:11:48+0700,SUB-TPE,SUB,TPE,2026-11-05,2026-11-19,economy,6058154,IDR,Scoot,09:50,05:35,1,425,,,google-flights,ok,
2026-09-30 23:11:48+0700,SUB-TPE,SUB,TPE,2026-11-13,2026-11-27,economy,7024850,IDR,Scoot,09:50,05:35,1,425,,,google-flights,ok,
2026-09-30 23:11:48+0700,SUB-TPE,SUB,TPE,2026-11-21,2026-12-05,economy,6397526,IDR,Scoot,09:50,05:35,1,425,,,google-flights,ok,
2026-09-30 23:11:48+0700,SUB-TPE,SUB,TPE,2026-11-29,2026-12-13,economy,9107115,IDR,Scoot,19:30,05:35,1,425,,,google-flights,ok,
2026-09-30 23:11:48+0700,SUB-TPE,SUB,TPE,2026-12-07,2026-12-21,economy,11390162,IDR,Scoot,09:50,05:35,1,425,,,google-flights,ok,
2026-09-30 23:11:48+0700,SUB-TPE,SUB,TPE,2026-12-15,2026-12-29,economy,9744723,IDR,Scoot,19:30,17:00,1,425,,,google-flights,ok,
2026-09-30 23:11:48+0700,SUB-TPE,SUB,TPE,2026-12-23,2027-01-06,economy,11937680,IDR,Scoot,19:30,17:00,1,425,,,google-flights,ok,
2026-09-30 23:11:48+0700,SUB-TPE,SUB,TPE,2026-12-31,2027-01-14,economy,7214859,IDR,Scoot,09:50,05:35,1,425,,,google-flights,ok,
2026-09-30 23:11:48+0700,SUB-TPE,SUB,TPE,2027-01-08,2027-01-22,economy,5035141,IDR,Scoot,19:30,11:00,1,435,,,google-flights,ok,
2026-09-30 23:11:48+0700,SUB-TPE,SUB,TPE,2027-01-16,2027-01-30,economy,6479798,IDR,Scoot,19:30,05:35,1,425,,,google-flights,ok,
2026-09-30 23:11:48+0700,SUB-TPE,SUB,TPE,2027-01-24,2027-02-07,economy,6479798,IDR,Scoot,19:30,11:00,1,435,,,google-flights,ok,
2026-09-30 23:11:48+0700,SUB-TPE,SUB,TPE,2027-02-01,2027-02-15,economy,,IDR,,,,,,,,,error,FlightsNotFound: no flights found; received error
2026-09-30 23:11:48+0700,SUB-TPE,SUB,TPE,2027-02-09,2027-02-23,economy,10575295,IDR,Scoot,19:30,05:35,1,425,,,google-flights,ok,
2026-09-30 23:11:48+0700,SUB-TPE,SUB,TPE,2027-02-17,2027-03-03,economy,5852474,IDR,Scoot,09:50,05:35,1,425,,,google-flights,ok,
2026-09-30 23:11:48+0700,SUB-TPE,SUB,TPE,2027-02-25,2027-03-11,economy,7323086,IDR,Scoot,09:50,11:00,1,435,,,google-flights,ok,
2026-09-30 23:11:48+0700,SUB-TPE,SUB,TPE,2027-03-05,2027-03-19,economy,9251090,IDR,Scoot,19:30,13:10,1,425,,,google-flights,ok,
2026-09-30 23:11:48+0700,SUB-TPE,SUB,TPE,2027-03-13,2027-03-27,economy,9251090,IDR,Scoot,09:50,05:35,1,425,,,google-flights,ok,
2026-09-30 23:11:48+0700,SUB-TPE,SUB,TPE,2027-03-21,2027-04-04,economy,6440611,IDR,Scoot,19:30,13:15,1,430,,,google-flights,ok,
2026-09-30 23:11:48+0700,SUB-TPE,SUB,TPE,2027-03-29,2027-04-12,economy,7257944,IDR,Scoot,10:35,11:45,1,430,,,google-flights,ok,
2026-09-30 23:11:48+0700,SUB-TPE,SUB,TPE,2027-04-06,2027-04-20,economy,6144324,IDR,Scoot,19:50,17:10,1,430,,,google-flights,ok,
2026-09-30 23:11:48+0700,SUB-TPE,SUB,TPE,2027-04-14,2027-04-28,economy,5121311,IDR,Scoot,19:50,11:45,1,430,,,google-flights,ok,
2026-09-30 23:11:48+0700,SUB-TPE,SUB,TPE,2027-04-22,2027-05-06,economy,5326991,IDR,Scoot,08:35,05:45,1,430,,,google-flights,ok,
2026-09-30 23:11:48+0700,SUB-TPE,SUB,TPE,2027-04-30,2027-05-14,economy,,IDR,,,,,,,,,error,FlightsNotFound: no flights found; received error
2026-09-30 23:11:48+0700,SUB-TPE,SUB,TPE,2027-05-08,2027-05-22,economy,6144324,IDR,Scoot,19:50,17:10,1,430,,,google-flights,ok,
2026-09-30 23:11:48+0700,SUB-TPE,SUB,TPE,2027-05-16,2027-05-30,economy,5326991,IDR,Scoot,19:50,05:45,1,430,,,google-flights,ok,
2026-09-30 23:11:48+0700,SUB-TPE,SUB,TPE,2027-05-24,2027-06-07,economy,6483696,IDR,Scoot,10:35,11:45,1,430,,,google-flights,ok,
2026-09-30 23:11:48+0700,SUB-TPE,SUB,TPE,2027-06-01,2027-06-15,economy,4781939,IDR,Scoot,19:50,05:45,1,430,,,google-flights,ok,
2026-09-30 23:11:48+0700,SUB-TPE,SUB,TPE,2027-06-09,2027-06-23,economy,5326991,IDR,Scoot,19:50,05:45,1,430,,,google-flights,ok,
2026-09-30 23:11:48+0700,SUB-TPE,SUB,TPE,2027-06-17,2027-07-01,economy,6483696,IDR,Scoot,08:35,05:45,1,430,,,google-flights,ok,
2026-09-30 23:11:48+0700,SUB-TPE,SUB,TPE,2027-06-25,2027-07-09,economy,5121311,IDR,Scoot,19:50,05:45,1,430,,,google-flights,ok,
2026-09-30 23:11:48+0700,SUB-KUL,SUB,KUL,2026-10-03,2026-10-10,economy,4339580,IDR,Batik Air,05:05,13:10,1,220,,,google-flights,ok,
2026-09-30 23:11:48+0700,SUB-KUL,SUB,KUL,2026-10-11,2026-10-18,economy,3614989,IDR,Indonesia AirAsia,11:20,15:00,0,160,,,google-flights,ok,
2026-09-30 23:11:48+0700,SUB-KUL,SUB,KUL,2026-10-19,2026-10-26,economy,2562214,IDR,Indonesia AirAsia,11:20,15:00,0,160,,,google-flights,ok,
2026-09-30 23:11:48+0700,SUB-KUL,SUB,KUL,2026-10-27,2026-11-03,economy,3339482,IDR,Malaysia Airlines,10:00,13:40,0,160,,,google-flights,ok,
2026-09-30 23:11:48+0700,SUB-KUL,SUB,KUL,2026-11-04,2026-11-11,economy,2184003,IDR,Indonesia AirAsia,16:45,20:25,0,160,,,google-flights,ok,
2026-09-30 23:11:48+0700,SUB-KUL,SUB,KUL,2026-11-12,2026-11-19,economy,3339482,IDR,Malaysia Airlines,10:00,13:40,0,160,,,google-flights,ok,
2026-09-30 23:11:48+0700,SUB-KUL,SUB,KUL,2026-11-20,2026-11-27,economy,2984921,IDR,Indonesia AirAsia,04:00,07:35,0,155,,,google-flights,ok,
2026-09-30 23:11:48+0700,SUB-KUL,SUB,KUL,2026-11-28,2026-12-05,economy,3831710,IDR,Malaysia Airlines,15:50,19:30,0,160,,,google-flights,ok,
2026-09-30 23:11:48+0700,SUB-KUL,SUB,KUL,2026-12-06,2026-12-13,economy,3068245,IDR,Indonesia AirAsia,04:00,07:35,0,155,,,google-flights,ok,
2026-09-30 23:11:48+0700,SUB-KUL,SUB,KUL,2026-12-14,2026-12-21,economy,4767444,IDR,Malaysia Airlines,10:00,13:40,0,160,,,google-flights,ok,
2026-09-30 23:11:48+0700,SUB-KUL,SUB,KUL,2026-12-22,2026-12-29,economy,4188234,IDR,Indonesia AirAsia,04:00,07:35,0,155,,,google-flights,ok,
2026-09-30 23:11:48+0700,SUB-KUL,SUB,KUL,2026-12-30,2027-01-06,economy,3808234,IDR,Indonesia AirAsia,04:00,07:35,0,155,,,google-flights,ok,
2026-09-30 23:11:48+0700,SUB-KUL,SUB,KUL,2027-01-07,2027-01-14,economy,3808234,IDR,Indonesia AirAsia,04:00,07:35,0,155,,,google-flights,ok,
2026-09-30 23:11:48+0700,SUB-KUL,SUB,KUL,2027-01-15,2027-01-22,economy,3068245,IDR,Indonesia AirAsia,04:00,07:35,0,155,,,google-flights,ok,
2026-09-30 23:11:48+0700,SUB-KUL,SUB,KUL,2027-01-23,2027-01-30,economy,,IDR,,,,,,,,,error,FlightsNotFound: no flights found; received error
2026-09-30 23:11:48+0700,SUB-KUL,SUB,KUL,2027-01-31,2027-02-07,economy,,IDR,,,,,,,,,error,FlightsNotFound: no flights found; received error
2026-09-30 23:11:48+0700,SUB-SIN,SUB,SIN,2026-10-07,2026-10-14,economy,4020218,IDR,Lion/Batik Air,07:40,15:15,1,195,,,google-flights,ok,
2026-09-30 23:11:48+0700,SUB-SIN,SUB,SIN,2026-10-15,2026-10-22,economy,4534668,IDR,Indonesia AirAsia/AirAsia,05:05,11:35,1,230,,,google-flights,ok,
2026-09-30 23:11:48+0700,SUB-SIN,SUB,SIN,2026-10-23,2026-10-30,economy,3706469,IDR,Indonesia AirAsia/AirAsia,11:20,18:05,1,240,,,google-flights,ok,
2026-09-30 23:11:48+0700,SUB-SIN,SUB,SIN,2026-10-31,2026-11-07,economy,4770055,IDR,Indonesia AirAsia/AirAsia,13:25,19:40,1,240,,,google-flights,ok,
2026-09-30 23:11:48+0700,SUB-SIN,SUB,SIN,2026-11-08,2026-11-15,economy,5694728,IDR,Citilink Indonesia,09:00,20:00,1,205,,,google-flights,ok,
2026-09-30 23:11:48+0700,SUB-SIN,SUB,SIN,2026-11-16,2026-11-23,economy,4654919,IDR,Indonesia AirAsia/AirAsia,04:00,10:20,1,230,,,google-flights,ok,
2026-09-30 23:11:48+0700,SUB-SIN,SUB,SIN,2026-11-24,2026-12-01,economy,4919002,IDR,Indonesia AirAsia/AirAsia,10:20,18:00,1,235,,,google-flights,ok,
2026-09-30 23:11:48+0700,SUB-SIN,SUB,SIN,2026-12-02,2026-12-09,economy,5418105,IDR,Indonesia AirAsia/AirAsia,04:00,10:20,1,230,,,google-flights,ok,
2026-09-30 23:11:48+0700,SUB-SIN,SUB,SIN,2026-12-10,2026-12-17,economy,5597091,IDR,Malaysia Airlines,10:00,16:40,1,235,,,google-flights,ok,
2026-09-30 23:11:48+0700,SUB-SIN,SUB,SIN,2026-12-18,2026-12-25,economy,6526091,IDR,Malaysia Airlines,10:00,16:40,1,235,,,google-flights,ok,
2026-09-30 23:11:48+0700,SUB-SIN,SUB,SIN,2026-12-26,2027-01-02,economy,6832553,IDR,Garuda Indonesia,09:20,16:45,1,225,,,google-flights,ok,
2026-09-30 23:11:48+0700,SUB-SIN,SUB,SIN,2027-01-03,2027-01-10,economy,,IDR,,,,,,,,,error,FlightsNotFound: no flights found; received error
2026-09-30 23:11:48+0700,SUB-SIN,SUB,SIN,2027-01-11,2027-01-18,economy,,IDR,,,,,,,,,error,IndexError: list index out of range
2026-09-30 23:11:48+0700,SUB-SIN,SUB,SIN,2027-01-19,2027-01-26,economy,5371175,IDR,Indonesia AirAsia/AirAsia,04:00,10:20,1,230,,,google-flights,ok,
2026-09-30 23:11:48+0700,SUB-SIN,SUB,SIN,2027-01-27,2027-02-03,economy,,IDR,,,,,,,,,error,IndexError: list index out of range
2026-10-01 02:11:25+0700,DPS-MEL,DPS,MEL,2026-10-02,2026-10-16,economy,,IDR,,,,,,,,,error,IndexError: list index out of range
2026-10-01 02:11:25+0700,DPS-MEL,DPS,MEL,2026-10-10,2026-10-24,economy,,IDR,,,,,,,,,error,IndexError: list index out of range
2026-10-01 02:11:25+0700,DPS-MEL,DPS,MEL,2026-10-18,2026-11-01,economy,,IDR,,,,,,,,,error,IndexError: list index out of range
2026-10-01 02:11:25+0700,DPS-MEL,DPS,MEL,2026-10-26,2026-11-09,economy,11331318,IDR,Virgin Australia,23:20,14:35,2,535,,,google-flights,ok,
2026-10-01 02:11:25+0700,DPS-MEL,DPS,MEL,2026-11-03,2026-11-17,economy,11013132,IDR,Virgin Australia,15:00,09:25,1,495,,,google-flights,ok,
2026-10-01 02:11:25+0700,DPS-MEL,DPS,MEL,2026-11-11,2026-11-25,economy,9091866,IDR,Jetstar,20:20,04:55,0,335,,,google-flights,ok,
2026-10-01 02:11:25+0700,DPS-MEL,DPS,MEL,2026-11-19,2026-12-03,economy,9708882,IDR,Virgin Australia,22:30,11:35,1,465,,,google-flights,ok,
2026-10-01 02:11:25+0700,DPS-MEL,DPS,MEL,2026-11-27,2026-12-11,economy,9694811,IDR,Jetstar,11:30,20:10,0,340,,,google-flights,ok,
2026-10-01 02:11:25+0700,DPS-MEL,DPS,MEL,2026-12-05,2026-12-19,economy,14767392,IDR,Jetstar,14:55,23:35,0,340,,,google-flights,ok,
2026-10-01 02:11:25+0700,DPS-MEL,DPS,MEL,2026-12-13,2026-12-27,economy,15769400,IDR,Jetstar,14:55,23:35,0,340,,,google-flights,ok,
2026-10-01 02:11:25+0700,DPS-MEL,DPS,MEL,2026-12-21,2027-01-04,economy,7231811,IDR,Jetstar,11:30,20:10,0,340,,,google-flights,ok,
2026-10-01 02:11:25+0700,DPS-MEL,DPS,MEL,2026-12-29,2027-01-12,economy,8161523,IDR,Jetstar,11:30,20:10,0,340,,,google-flights,ok,
2026-10-01 02:11:25+0700,DPS-MEL,DPS,MEL,2027-01-06,2027-01-20,economy,12690212,IDR,Scoot,20:00,12:10,1,605,,,google-flights,ok,
2026-10-01 02:11:25+0700,DPS-MEL,DPS,MEL,2027-01-14,2027-01-28,economy,10199811,IDR,Jetstar,14:55,23:35,0,340,,,google-flights,ok,
2026-10-01 02:11:25+0700,DPS-MEL,DPS,MEL,2027-01-22,2027-02-05,economy,9301361,IDR,Virgin Australia,22:00,06:40,0,340,,,google-flights,ok,
2026-10-01 02:11:25+0700,DPS-MEL,DPS,MEL,2027-01-30,2027-02-13,economy,7715392,IDR,Jetstar,20:20,04:55,0,335,,,google-flights,ok,
2026-10-01 02:11:25+0700,SUB-TPE,SUB,TPE,2026-10-07,2026-10-21,economy,7214859,IDR,Scoot,19:50,17:10,1,430,,,google-flights,ok,
2026-10-01 02:11:25+0700,SUB-TPE,SUB,TPE,2026-10-15,2026-10-29,economy,5035141,IDR,Scoot,10:35,17:10,1,430,,,google-flights,ok,
2026-10-01 02:11:25+0700,SUB-TPE,SUB,TPE,2026-10-23,2026-11-06,economy,5240821,IDR,Scoot,19:50,05:45,1,430,,,google-flights,ok,
2026-10-01 02:11:25+0700,SUB-TPE,SUB,TPE,2026-10-31,2026-11-14,economy,4490089,IDR,Scoot,19:30,05:35,1,425,,,google-flights,ok,
2026-10-01 02:11:25+0700,SUB-TPE,SUB,TPE,2026-11-08,2026-11-22,economy,6397526,IDR,Scoot,19:30,05:35,1,425,,,google-flights,ok,
2026-10-01 02:11:25+0700,SUB-TPE,SUB,TPE,2026-11-16,2026-11-30,economy,9878414,IDR,Scoot,09:50,05:35,1,425,,,google-flights,ok,
2026-10-01 02:11:25+0700,SUB-TPE,SUB,TPE,2026-11-24,2026-12-08,economy,6397526,IDR,Scoot,09:50,05:35,1,425,,,google-flights,ok,
2026-10-01 02:11:25+0700,SUB-TPE,SUB,TPE,2026-12-02,2026-12-16,economy,8479791,IDR,Scoot,19:30,17:00,1,425,,,google-flights,ok,
2026-10-01 02:11:25+0700,SUB-TPE,SUB,TPE,2026-12-10,2026-12-24,economy,11287321,IDR,Scoot,09:50,17:00,1,425,,,google-flights,ok,
2026-10-01 02:11:25+0700,SUB-TPE,SUB,TPE,2026-12-18,2027-01-01,economy,10516022,IDR,Scoot,19:30,17:00,1,425,,,google-flights,ok,
2026-10-01 02:11:25+0700,SUB-TPE,SUB,TPE,2026-12-26,2027-01-09,economy,12863240,IDR,Scoot,19:30,13:10,1,425,,,google-flights,ok,
2026-10-01 02:11:25+0700,SUB-TPE,SUB,TPE,2027-01-03,2027-01-17,economy,5035141,IDR,Scoot,19:30,11:00,1,435,,,google-flights,ok,
2026-10-01 02:11:25+0700,SUB-TPE,SUB,TPE,2027-01-11,2027-01-25,economy,5240821,IDR,Scoot,09:50,11:00,1,435,,,google-flights,ok,
2026-10-01 02:11:25+0700,SUB-TPE,SUB,TPE,2027-01-19,2027-02-02,economy,6685478,IDR,Scoot,09:50,11:00,1,435,,,google-flights,ok,
2026-10-01 02:11:25+0700,SUB-TPE,SUB,TPE,2027-01-27,2027-02-10,economy,6479798,IDR,Scoot,19:30,05:35,1,425,,,google-flights,ok,
2026-10-01 02:11:25+0700,SUB-TPE,SUB,TPE,2027-02-04,2027-02-18,economy,8479791,IDR,Scoot,09:50,05:35,1,425,,,google-flights,ok,
2026-10-01 02:11:25+0700,SUB-TPE,SUB,TPE,2027-02-12,2027-02-26,economy,11937680,IDR,Scoot,19:30,05:35,1,425,,,google-flights,ok,
2026-10-01 02:11:25+0700,SUB-TPE,SUB,TPE,2027-02-20,2027-03-06,economy,4901449,IDR,Scoot,09:50,13:10,1,425,,,google-flights,ok,
2026-10-01 02:11:25+0700,SUB-TPE,SUB,TPE,2027-02-28,2027-03-14,economy,10516022,IDR,Scoot,19:30,05:35,1,425,,,google-flights,ok,
2026-10-01 02:11:25+0700,SUB-TPE,SUB,TPE,2027-03-08,2027-03-22,economy,8968525,IDR,Scoot,09:50,05:35,1,425,,,google-flights,ok,
2026-10-01 02:11:25+0700,SUB-TPE,SUB,TPE,2027-03-16,2027-03-30,economy,5240821,IDR,Scoot,09:50,13:10,1,425,,,google-flights,ok,
2026-10-01 02:11:25+0700,SUB-TPE,SUB,TPE,2027-03-24,2027-04-07,economy,5078226,IDR,Scoot,19:30,13:10,1,425,,,google-flights,ok,
2026-10-01 02:11:25+0700,SUB-TPE,SUB,TPE,2027-04-01,2027-04-15,economy,7301029,IDR,Scoot,08:35,14:15,1,430,,,google-flights,ok,
2026-10-01 02:11:25+0700,SUB-TPE,SUB,TPE,2027-04-09,2027-04-23,economy,5938644,IDR,Scoot,19:50,05:45,1,430,,,google-flights,ok,
2026-10-01 02:11:25+0700,SUB-TPE,SUB,TPE,2027-04-17,2027-05-01,economy,5326991,IDR,Scoot,19:50,17:10,1,430,,,google-flights,ok,
2026-10-01 02:11:25+0700,SUB-TPE,SUB,TPE,2027-04-25,2027-05-09,economy,5666363,IDR,Scoot,19:50,05:45,1,430,,,google-flights,ok,
2026-10-01 02:11:25+0700,SUB-TPE,SUB,TPE,2027-05-03,2027-05-17,economy,7301029,IDR,Scoot,10:35,11:45,1,430,,,google-flights,ok,
2026-10-01 02:11:25+0700,SUB-TPE,SUB,TPE,2027-05-11,2027-05-25,economy,4576259,IDR,Scoot,19:50,17:10,1,430,,,google-flights,ok,
2026-10-01 02:11:25+0700,SUB-TPE,SUB,TPE,2027-05-19,2027-06-02,economy,4576259,IDR,Scoot,19:50,17:10,1,430,,,google-flights,ok,
2026-10-01 02:11:25+0700,SUB-TPE,SUB,TPE,2027-05-27,2027-06-10,economy,6483696,IDR,Scoot,08:35,05:45,1,430,,,google-flights,ok,
2026-10-01 02:11:25+0700,SUB-TPE,SUB,TPE,2027-06-04,2027-06-18,economy,5121311,IDR,Scoot,19:50,05:45,1,430,,,google-flights,ok,
2026-10-01 02:11:25+0700,SUB-TPE,SUB,TPE,2027-06-12,2027-06-26,economy,5666363,IDR,Scoot,19:50,17:10,1,430,,,google-flights,ok,
2026-10-01 02:11:25+0700,SUB-TPE,SUB,TPE,2027-06-20,2027-07-04,economy,5326991,IDR,Scoot,19:50,17:10,1,430,,,google-flights,ok,
2026-10-01 02:11:25+0700,SUB-TPE,SUB,TPE,2027-06-28,2027-07-12,economy,5326991,IDR,Scoot,10:35,17:10,1,430,,,google-flights,ok,
2026-10-01 02:11:25+0700,SUB-KUL,SUB,KUL,2026-10-07,2026-10-14,economy,3160055,IDR,Citilink Indonesia,09:00,19:10,1,230,,,google-flights,ok,
2026-10-01 02:11:25+0700,SUB-KUL,SUB,KUL,2026-10-15,2026-10-22,economy,2363931,IDR,Indonesia AirAsia,05:05,08:40,0,155,,,google-flights,ok,
2026-10-01 02:11:25+0700,SUB-KUL,SUB,KUL,2026-10-23,2026-10-30,economy,2184003,IDR,Indonesia AirAsia,05:05,08:40,0,155,,,google-flights,ok,
2026-10-01 02:11:25+0700,SUB-KUL,SUB,KUL,2026-10-31,2026-11-07,economy,3146989,IDR,Indonesia AirAsia,04:00,07:35,0,155,,,google-flights,ok,
2026-10-01 02:11:25+0700,SUB-KUL,SUB,KUL,2026-11-08,2026-11-15,economy,2184003,IDR,Indonesia AirAsia,04:00,07:35,0,155,,,google-flights,ok,
2026-10-01 02:11:25+0700,SUB-KUL,SUB,KUL,2026-11-16,2026-11-23,economy,3342971,IDR,Malaysia Airlines,10:00,13:40,0,160,,,google-flights,ok,
2026-10-01 02:11:25+0700,SUB-KUL,SUB,KUL,2026-11-24,2026-12-01,economy,2577009,IDR,Indonesia AirAsia,04:00,07:35,0,155,,,google-flights,ok,
2026-10-01 02:11:25+0700,SUB-KUL,SUB,KUL,2026-12-02,2026-12-09,economy,3948531,IDR,Scoot,09:50,16:15,1,220,,,google-flights,ok,
2026-10-01 02:11:25+0700,SUB-KUL,SUB,KUL,2026-12-10,2026-12-17,economy,3288559,IDR,Indonesia AirAsia,16:45,20:25,0,160,,,google-flights,ok,
2026-10-01 02:11:25+0700,SUB-KUL,SUB,KUL,2026-12-18,2026-12-25,economy,4993991,IDR,Batik Air,10:05,13:45,0,160,,,google-flights,ok,
2026-10-01 02:11:25+0700,SUB-KUL,SUB,KUL,2026-12-26,2027-01-02,economy,6307180,IDR,Batik Air,05:05,13:10,1,220,,,google-flights,ok,
2026-10-01 02:11:25+0700,SUB-KUL,SUB,KUL,2027-01-03,2027-01-10,economy,3808234,IDR,Indonesia AirAsia,04:00,07:35,0,155,,,google-flights,ok,
2026-10-01 02:11:25+0700,SUB-KUL,SUB,KUL,2027-01-11,2027-01-18,economy,3068245,IDR,Indonesia AirAsia,04:00,07:35,0,155,,,google-flights,ok,
2026-10-01 02:11:25+0700,SUB-KUL,SUB,KUL,2027-01-19,2027-01-26,economy,3068245,IDR,Indonesia AirAsia,04:00,07:35,0,155,,,google-flights,ok,
2026-10-01 02:11:25+0700,SUB-KUL,SUB,KUL,2027-01-27,2027-02-03,economy,3288559,IDR,Indonesia AirAsia,04:00,07:35,0,155,,,google-flights,ok,
2026-10-01 02:11:25+0700,SUB-SIN,SUB,SIN,2026-10-04,2026-10-11,economy,4800881,IDR,Lion/Batik Air,06:30,13:45,1,195,,,google-flights,ok,
2026-10-01 02:11:25+0700,SUB-SIN,SUB,SIN,2026-10-12,2026-10-19,economy,4893009,IDR,Indonesia AirAsia/AirAsia,05:05,11:35,1,230,,,google-flights,ok,
2026-10-01 02:11:25+0700,SUB-SIN,SUB,SIN,2026-10-20,2026-10-27,economy,4516808,IDR,Indonesia AirAsia/AirAsia,05:05,12:15,1,230,,,google-flights,ok,
2026-10-01 02:11:25+0700,SUB-SIN,SUB,SIN,2026-10-28,2026-11-04,economy,4192672,IDR,Indonesia AirAsia/AirAsia,04:00,10:20,1,230,,,google-flights,ok,
2026-10-01 02:11:25+0700,SUB-SIN,SUB,SIN,2026-11-05,2026-11-12,economy,4354740,IDR,Indonesia AirAsia/AirAsia,13:25,19:40,1,240,,,google-flights,ok,
2026-10-01 02:11:25+0700,SUB-SIN,SUB,SIN,2026-11-13,2026-11-20,economy,4445919,IDR,Indonesia AirAsia/AirAsia,13:25,20:55,1,240,,,google-flights,ok,
2026-10-01 02:11:25+0700,SUB-SIN,SUB,SIN,2026-11-21,2026-11-28,economy,4571319,IDR,Indonesia AirAsia/AirAsia,04:00,10:20,1,230,,,google-flights,ok,
2026-10-01 02:11:25+0700,SUB-SIN,SUB,SIN,2026-11-29,2026-12-06,economy,5578723,IDR,Indonesia AirAsia/AirAsia,04:00,10:20,1,230,,,google-flights,ok,
2026-10-01 02:11:25+0700,SUB-SIN,SUB,SIN,2026-12-07,2026-12-14,economy,5601891,IDR,Malaysia Airlines,18:05,00:30,1,230,,,google-flights,ok,
2026-10-01 02:11:25+0700,SUB-SIN,SUB,SIN,2026-12-15,2026-12-22,economy,6079262,IDR,Garuda Indonesia,09:20,16:45,1,225,,,google-flights,ok,
2026-10-01 02:11:25+0700,SUB-SIN,SUB,SIN,2026-12-23,2026-12-30,economy,6245891,IDR,Malaysia Airlines,10:00,16:40,1,235,,,google-flights,ok,
2026-10-01 02:11:25+0700,SUB-SIN,SUB,SIN,2026-12-31,2027-01-07,economy,6259991,IDR,Malaysia Airlines,15:50,00:30,1,230,,,google-flights,ok,
2026-10-01 02:11:25+0700,SUB-SIN,SUB,SIN,2027-01-08,2027-01-15,economy,6702480,IDR,Garuda Indonesia,11:10,18:25,1,205,,,google-flights,ok,
2026-10-01 02:11:25+0700,SUB-SIN,SUB,SIN,2027-01-16,2027-01-23,economy,5445224,IDR,Indonesia AirAsia/AirAsia,04:00,11:35,1,230,,,google-flights,ok,
2026-10-01 02:11:25+0700,SUB-SIN,SUB,SIN,2027-01-24,2027-01-31,economy,,IDR,,,,,,,,,error,IndexError: list index out of range
2026-10-01 02:11:25+0700,SUB-SIN,SUB,SIN,2027-02-01,2027-02-08,economy,,IDR,,,,,,,,,error,IndexError: list index out of range
2026-10-01 05:09:29+0700,DPS-MEL,DPS,MEL,2026-10-03,2026-10-17,economy,,IDR,,,,,,,,,error,IndexError: list index out of range
2026-10-01 05:09:29+0700,DPS-MEL,DPS,MEL,2026-10-11,2026-10-25,economy,,IDR,,,,,,,,,error,IndexError: list index out of range
2026-10-01 05:09:29+0700,DPS-MEL,DPS,MEL,2026-10-19,2026-11-02,economy,,IDR,,,,,,,,,error,IndexError: list index out of range
2026-10-01 05:09:29+0700,DPS-MEL,DPS,MEL,2026-10-27,2026-11-10,economy,11434437,IDR,Jetstar,07:00,21:35,1,420,,,google-flights,ok,
2026-10-01 05:09:29+0700,DPS-MEL,DPS,MEL,2026-11-04,2026-11-18,economy,11443323,IDR,Jetstar,22:50,17:45,1,375,,,google-flights,ok,
2026-10-01 05:09:29+0700,DPS-MEL,DPS,MEL,2026-11-12,2026-11-26,economy,9102392,IDR,Jetstar,11:30,20:10,0,340,,,google-flights,ok,
2026-10-01 05:09:29+0700,DPS-MEL,DPS,MEL,2026-11-20,2026-12-04,economy,9030096,IDR,Virgin Australia,15:50,00:30,0,340,,,google-flights,ok,
2026-10-01 05:09:29+0700,DPS-MEL,DPS,MEL,2026-11-28,2026-12-12,economy,11538392,IDR,Jetstar,14:55,23:35,0,340,,,google-flights,ok,
2026-10-01 05:09:29+0700,DPS-MEL,DPS,MEL,2026-12-06,2026-12-20,economy,14988821,IDR,Jetstar,14:55,23:35,0,340,,,google-flights,ok,
2026-10-01 05:09:29+0700,DPS-MEL,DPS,MEL,2026-12-14,2026-12-28,economy,11711682,IDR,Virgin Australia,21:25,07:50,1,435,,,google-flights,ok,
2026-10-01 05:09:29+0700,DPS-MEL,DPS,MEL,2026-12-22,2027-01-05,economy,6815640,IDR,Jetstar,11:30,20:10,0,340,,,google-flights,ok,
2026-10-01 05:09:29+0700,DPS-MEL,DPS,MEL,2026-12-30,2027-01-13,economy,8169815,IDR,Jetstar,14:55,23:35,0,340,,,google-flights,ok,
2026-10-01 05:09:29+0700,DPS-MEL,DPS,MEL,2027-01-07,2027-01-21,economy,13338392,IDR,Jetstar,14:55,23:35,0,340,,,google-flights,ok,
2026-10-01 05:09:29+0700,DPS-MEL,DPS,MEL,2027-01-15,2027-01-29,economy,10182392,IDR,Jetstar,11:30,20:10,0,340,,,google-flights,ok,
2026-10-01 05:09:29+0700,DPS-MEL,DPS,MEL,2027-01-23,2027-02-06,economy,9455392,IDR,Jetstar,20:20,04:55,0,335,,,google-flights,ok,
2026-10-01 05:09:29+0700,DPS-MEL,DPS,MEL,2027-01-31,2027-02-14,economy,7399707,IDR,Virgin Australia,22:00,06:40,0,340,,,google-flights,ok,
2026-10-01 05:09:29+0700,SUB-TPE,SUB,TPE,2026-10-08,2026-10-22,economy,11120347,IDR,Scoot,10:35,05:45,1,430,,,google-flights,ok,
2026-10-01 05:09:29+0700,SUB-TPE,SUB,TPE,2026-10-16,2026-10-30,economy,5035141,IDR,Scoot,19:50,11:45,1,430,,,google-flights,ok,
2026-10-01 05:09:29+0700,SUB-TPE,SUB,TPE,2026-10-24,2026-11-07,economy,5240821,IDR,Scoot,19:50,05:35,1,425,,,google-flights,ok,
2026-10-01 05:09:29+0700,SUB-TPE,SUB,TPE,2026-11-01,2026-11-15,economy,5240821,IDR,Scoot,19:30,05:35,1,425,,,google-flights,ok,
2026-10-01 05:09:29+0700,SUB-TPE,SUB,TPE,2026-11-09,2026-11-23,economy,,IDR,,,,,,,,,error,TypeError: 'NoneType' object is not subscriptable
2026-10-01 05:09:29+0700,SUB-TPE,SUB,TPE,2026-11-17,2026-12-01,economy,6397526,IDR,Scoot,19:30,05:35,1,425,,,google-flights,ok,
2026-10-01 05:09:29+0700,SUB-TPE,SUB,TPE,2026-11-25,2026-12-09,economy,5240821,IDR,Scoot,19:30,05:35,1,425,,,google-flights,ok,
2026-10-01 05:09:29+0700,SUB-TPE,SUB,TPE,2026-12-03,2026-12-17,economy,9744723,IDR,Scoot,09:50,17:00,1,425,,,google-flights,ok,
2026-10-01 05:09:29+0700,SUB-TPE,SUB,TPE,2026-12-11,2026-12-25,economy,10516022,IDR,Scoot,19:30,17:00,1,425,,,google-flights,ok,
2026-10-01 05:09:29+0700,SUB-TPE,SUB,TPE,2026-12-19,2027-01-02,economy,16660501,IDR,Scoot,19:30,05:35,1,425,,,google-flights,ok,
2026-10-01 05:09:29+0700,SUB-TPE,SUB,TPE,2026-12-27,2027-01-10,economy,10125230,IDR,Scoot,19:30,11:00,1,435,,,google-flights,ok,
2026-10-01 05:09:29+0700,SUB-TPE,SUB,TPE,2027-01-04,2027-01-18,economy,5240821,IDR,Scoot,09:50,13:15,1,430,,,google-flights,ok,
2026-10-01 05:09:29+0700,SUB-TPE,SUB,TPE,2027-01-12,2027-01-26,economy,5035141,IDR,Scoot,19:30,05:35,1,425,,,google-flights,ok,
2026-10-01 05:09:29+0700,SUB-TPE,SUB,TPE,2027-01-20,2027-02-03,economy,7888705,IDR,Scoot,19:30,05:35,1,425,,,google-flights,ok,
2026-10-01 05:09:29+0700,SUB-TPE,SUB,TPE,2027-01-28,2027-02-11,economy,6058154,IDR,Scoot,09:50,11:00,1,435,,,google-flights,ok,
2026-10-01 05:09:29+0700,SUB-TPE,SUB,TPE,2027-02-05,2027-02-19,economy,8479791,IDR,Scoot,19:30,05:35,1,425,,,google-flights,ok,
2026-10-01 05:09:29+0700,SUB-TPE,SUB,TPE,2027-02-13,2027-02-27,economy,11937680,IDR,Scoot,19:30,05:35,1,425,,,google-flights,ok,
2026-10-01 05:09:29+0700,SUB-TPE,SUB,TPE,2027-02-21,2027-03-07,economy,5035141,IDR,Scoot,19:30,11:00,1,435,,,google-flights,ok,
2026-10-01 05:09:29+0700,SUB-TPE,SUB,TPE,2027-03-01,2027-03-15,economy,9878414,IDR,Scoot,09:50,05:35,1,425,,,google-flights,ok,
2026-10-01 05:09:29+0700,SUB-TPE,SUB,TPE,2027-03-09,2027-03-23,economy,8094385,IDR,Scoot,19:30,11:00,1,435,,,google-flights,ok,
2026-10-01 05:09:29+0700,SUB-TPE,SUB,TPE,2027-03-17,2027-03-31,economy,5852474,IDR,Scoot,19:30,13:10,1,425,,,google-flights,ok,
2026-10-01 05:09:29+0700,SUB-TPE,SUB,TPE,2027-03-25,2027-04-08,economy,7885268,IDR,Scoot,09:50,11:00,1,435,,,google-flights,ok,
2026-10-01 05:09:29+0700,SUB-TPE,SUB,TPE,2027-04-02,2027-04-16,economy,6144324,IDR,Scoot,19:50,17:10,1,430,,,google-flights,ok,
2026-10-01 05:09:29+0700,SUB-TPE,SUB,TPE,2027-04-10,2027-04-24,economy,5326991,IDR,Scoot,19:50,17:10,1,430,,,google-flights,ok,
2026-10-01 05:09:29+0700,SUB-TPE,SUB,TPE,2027-04-18,2027-05-02,economy,5666363,IDR,Scoot,19:50,05:45,1,430,,,google-flights,ok,
2026-10-01 05:09:29+0700,SUB-TPE,SUB,TPE,2027-04-26,2027-05-10,economy,4987619,IDR,Scoot,10:35,17:10,1,430,,,google-flights,ok,
2026-10-01 05:09:29+0700,SUB-TPE,SUB,TPE,2027-05-04,2027-05-18,economy,4576259,IDR,Scoot,19:50,17:10,1,430,,,google-flights,ok,
2026-10-01 05:09:29+0700,SUB-TPE,SUB,TPE,2027-05-12,2027-05-26,economy,4339727,IDR,Scoot,19:50,17:10,1,430,,,google-flights,ok,
2026-10-01 05:09:29+0700,SUB-TPE,SUB,TPE,2027-05-20,2027-06-03,economy,6483696,IDR,Scoot,08:35,05:45,1,430,,,google-flights,ok,
2026-10-01 05:09:29+0700,SUB-TPE,SUB,TPE,2027-05-28,2027-06-11,economy,5121311,IDR,Scoot,19:50,11:45,1,430,,,google-flights,ok,
2026-10-01 05:09:29+0700,SUB-TPE,SUB,TPE,2027-06-05,2027-06-19,economy,5326991,IDR,Scoot,19:50,17:10,1,430,,,google-flights,ok,
2026-10-01 05:09:29+0700,SUB-TPE,SUB,TPE,2027-06-13,2027-06-27,economy,5666363,IDR,Scoot,19:50,05:45,1,430,,,google-flights,ok,
2026-10-01 05:09:29+0700,SUB-TPE,SUB,TPE,2027-06-21,2027-07-05,economy,5326991,IDR,Scoot,10:35,17:10,1,430,,,google-flights,ok,
2026-10-01 05:09:29+0700,SUB-TPE,SUB,TPE,2027-06-29,2027-07-13,economy,4576259,IDR,Scoot,19:50,17:10,1,430,,,google-flights,ok,
2026-10-01 05:09:29+0700,SUB-KUL,SUB,KUL,2026-10-08,2026-10-15,economy,2562214,IDR,Indonesia AirAsia,05:05,08:40,0,155,,,google-flights,ok,
2026-10-01 05:09:29+0700,SUB-KUL,SUB,KUL,2026-10-16,2026-10-23,economy,2363931,IDR,Indonesia AirAsia,11:20,15:00,0,160,,,google-flights,ok,
2026-10-01 05:09:29+0700,SUB-KUL,SUB,KUL,2026-10-24,2026-10-31,economy,2021935,IDR,Indonesia AirAsia,07:05,10:45,0,160,,,google-flights,ok,
2026-10-01 05:09:29+0700,SUB-KUL,SUB,KUL,2026-11-01,2026-11-08,economy,2217006,IDR,Indonesia AirAsia,04:00,07:35,0,155,,,google-flights,ok,
2026-10-01 05:09:29+0700,SUB-KUL,SUB,KUL,2026-11-09,2026-11-16,economy,2363931,IDR,Indonesia AirAsia,13:25,17:05,0,160,,,google-flights,ok,
2026-10-01 05:09:29+0700,SUB-KUL,SUB,KUL,2026-11-17,2026-11-24,economy,2184003,IDR,Indonesia AirAsia,13:25,17:05,0,160,,,google-flights,ok,
2026-10-01 05:09:29+0700,SUB-KUL,SUB,KUL,2026-11-25,2026-12-02,economy,3633376,IDR,Malaysia Airlines,10:00,13:40,0,160,,,google-flights,ok,
2026-10-01 05:09:29+0700,SUB-KUL,SUB,KUL,2026-12-03,2026-12-10,economy,4370766,IDR,Malaysia Airlines,15:50,19:30,0,160,,,google-flights,ok,
2026-10-01 05:09:29+0700,SUB-KUL,SUB,KUL,2026-12-11,2026-12-18,economy,3288559,IDR,Indonesia AirAsia,04:00,07:35,0,155,,,google-flights,ok,
2026-10-01 05:09:29+0700,SUB-KUL,SUB,KUL,2026-12-19,2026-12-26,economy,4024107,IDR,Indonesia AirAsia,04:00,07:35,0,155,,,google-flights,ok,
2026-10-01 05:09:29+0700,SUB-KUL,SUB,KUL,2026-12-27,2027-01-03,economy,4188234,IDR,Indonesia AirAsia,04:00,07:35,0,155,,,google-flights,ok,
2026-10-01 05:09:29+0700,SUB-KUL,SUB,KUL,2027-01-04,2027-01-11,economy,3808234,IDR,Indonesia AirAsia,04:00,07:35,0,155,,,google-flights,ok,
2026-10-01 05:09:29+0700,SUB-KUL,SUB,KUL,2027-01-12,2027-01-19,economy,3068245,IDR,Indonesia AirAsia,04:00,07:35,0,155,,,google-flights,ok,
2026-10-01 05:09:29+0700,SUB-KUL,SUB,KUL,2027-01-20,2027-01-27,economy,3068245,IDR,Indonesia AirAsia,04:00,07:35,0,155,,,google-flights,ok,
2026-10-01 05:09:29+0700,SUB-KUL,SUB,KUL,2027-01-28,2027-02-04,economy,3288559,IDR,Indonesia AirAsia,04:00,07:35,0,155,,,google-flights,ok,
2026-10-01 05:09:29+0700,SUB-SIN,SUB,SIN,2026-10-05,2026-10-12,economy,5681360,IDR,Lion/Batik Air,06:30,13:45,1,195,,,google-flights,ok,
2026-10-01 05:09:29+0700,SUB-SIN,SUB,SIN,2026-10-13,2026-10-20,economy,4184807,IDR,Lion/Batik Air,07:40,15:15,1,195,,,google-flights,ok,
2026-10-01 05:09:29+0700,SUB-SIN,SUB,SIN,2026-10-21,2026-10-28,economy,3675930,IDR,Indonesia AirAsia/AirAsia,11:20,18:05,1,240,,,google-flights,ok,
2026-10-01 05:09:29+0700,SUB-SIN,SUB,SIN,2026-10-29,2026-11-05,economy,4836699,IDR,Indonesia AirAsia/AirAsia,13:25,19:40,1,240,,,google-flights,ok,
2026-10-01 05:09:29+0700,SUB-SIN,SUB,SIN,2026-11-06,2026-11-13,economy,4471887,IDR,Indonesia AirAsia/AirAsia,13:25,19:40,1,240,,,google-flights,ok,
2026-10-01 05:09:29+0700,SUB-SIN,SUB,SIN,2026-11-14,2026-11-21,economy,4445919,IDR,Indonesia AirAsia/AirAsia,13:25,19:40,1,240,,,google-flights,ok,
2026-10-01 05:09:29+0700,SUB-SIN,SUB,SIN,2026-11-22,2026-11-29,economy,4905720,IDR,Indonesia AirAsia/AirAsia,04:00,10:20,1,230,,,google-flights,ok,
2026-10-01 05:09:29+0700,SUB-SIN,SUB,SIN,2026-11-30,2026-12-07,economy,4249479,IDR,"Pelita Air Service, Pt",18:25,10:45,1,205,,,google-flights,ok,
2026-10-01 05:09:29+0700,SUB-SIN,SUB,SIN,2026-12-08,2026-12-15,economy,5601891,IDR,Malaysia Airlines,18:05,00:30,1,230,,,google-flights,ok,
2026-10-01 05:09:29+0700,SUB-SIN,SUB,SIN,2026-12-16,2026-12-23,economy,6306353,IDR,Garuda Indonesia,16:00,16:45,1,225,,,google-flights,ok,
2026-10-01 05:09:29+0700,SUB-SIN,SUB,SIN,2026-12-24,2026-12-31,economy,6397353,IDR,Garuda Indonesia,16:00,16:45,1,225,,,google-flights,ok,
2026-10-01 05:09:29+0700,SUB-SIN,SUB,SIN,2027-01-01,2027-01-08,economy,6533671,IDR,Garuda Indonesia,19:20,08:35,1,200,,,google-flights,ok,
2026-10-01 05:09:29+0700,SUB-SIN,SUB,SIN,2027-01-09,2027-01-16,economy,6289480,IDR,Garuda Indonesia,11:10,18:25,1,205,,,google-flights,ok,
2026-10-01 05:09:29+0700,SUB-SIN,SUB,SIN,2027-01-17,2027-01-24,economy,,IDR,,,,,,,,,error,IndexError: list index out of range
2026-10-01 05:09:29+0700,SUB-SIN,SUB,SIN,2027-01-25,2027-02-01,economy,,IDR,,,,,,,,,error,IndexError: list index out of range
2026-10-01 08:10:59+0700,DPS-MEL,DPS,MEL,2026-10-04,2026-10-18,economy,,IDR,,,,,,,,,error,IndexError: list index out of range
2026-10-01 08:10:59+0700,DPS-MEL,DPS,MEL,2026-10-12,2026-10-26,economy,,IDR,,,,,,,,,error,IndexError: list index out of range
2026-10-01 08:10:59+0700,DPS-MEL,DPS,MEL,2026-10-20,2026-11-03,economy,,IDR,,,,,,,,,error,IndexError: list index out of range
2026-10-01 08:10:59+0700,DPS-MEL,DPS,MEL,2026-10-28,2026-11-11,economy,10584392,IDR,Jetstar,11:30,20:10,0,340,,,google-flights,ok,
2026-10-01 08:10:59+0700,DPS-MEL,DPS,MEL,2026-11-05,2026-11-19,economy,10989498,IDR,Jetstar,07:00,21:35,1,420,,,google-flights,ok,
2026-10-01 08:10:59+0700,DPS-MEL,DPS,MEL,2026-11-13,2026-11-27,economy,9562882,IDR,Virgin Australia,23:20,14:50,1,490,,,google-flights,ok,
2026-10-01 08:10:59+0700,DPS-MEL,DPS,MEL,2026-11-21,2026-12-05,economy,9443350,IDR,Jetstar,11:30,20:10,0,340,,,google-flights,ok,
2026-10-01 08:10:59+0700,DPS-MEL,DPS,MEL,2026-11-29,2026-12-13,economy,9692392,IDR,Jetstar,14:55,23:35,0,340,,,google-flights,ok,
2026-10-01 08:10:59+0700,DPS-MEL,DPS,MEL,2026-12-07,2026-12-21,economy,11747482,IDR,Virgin Australia,23:20,07:50,2,530,,,google-flights,ok,
2026-10-01 08:10:59+0700,DPS-MEL,DPS,MEL,2026-12-15,2026-12-29,economy,11429082,IDR,Virgin Australia,23:20,16:50,2,530,,,google-flights,ok,
2026-10-01 08:10:59+0700,DPS-MEL,DPS,MEL,2026-12-23,2027-01-06,economy,7567385,IDR,Jetstar,14:55,23:35,0,340,,,google-flights,ok,
2026-10-01 08:10:59+0700,DPS-MEL,DPS,MEL,2026-12-31,2027-01-14,economy,8300370,IDR,Virgin Australia,22:00,06:40,0,340,,,google-flights,ok,
2026-10-01 08:10:59+0700,DPS-MEL,DPS,MEL,2027-01-08,2027-01-22,economy,12161392,IDR,Jetstar,14:55,23:35,0,340,,,google-flights,ok,
2026-10-01 08:10:59+0700,DPS-MEL,DPS,MEL,2027-01-16,2027-01-30,economy,10907392,IDR,Jetstar,14:55,23:35,0,340,,,google-flights,ok,
2026-10-01 08:10:59+0700,DPS-MEL,DPS,MEL,2027-01-24,2027-02-07,economy,9455392,IDR,Jetstar,14:55,23:35,0,340,,,google-flights,ok,
2026-10-01 08:10:59+0700,DPS-MEL,DPS,MEL,2027-02-01,2027-02-15,economy,6828483,IDR,Jetstar,11:30,20:10,0,340,,,google-flights,ok,
2026-10-01 08:10:59+0700,SUB-TPE,SUB,TPE,2026-10-09,2026-10-23,economy,5580193,IDR,Scoot,19:50,11:45,1,430,,,google-flights,ok,
2026-10-01 08:10:59+0700,SUB-TPE,SUB,TPE,2026-10-17,2026-10-31,economy,5035141,IDR,Scoot,19:50,05:45,1,430,,,google-flights,ok,
2026-10-01 08:10:59+0700,SUB-TPE,SUB,TPE,2026-10-25,2026-11-08,economy,7024850,IDR,Scoot,09:50,05:35,1,425,,,google-flights,ok,
2026-10-01 08:10:59+0700,SUB-TPE,SUB,TPE,2026-11-02,2026-11-16,economy,6479798,IDR,Scoot,09:50,05:35,1,425,,,google-flights,ok,
2026-10-01 08:10:59+0700,SUB-TPE,SUB,TPE,2026-11-10,2026-11-24,economy,5035141,IDR,Scoot,19:30,05:35,1,425,,,google-flights,ok,
2026-10-01 08:10:59+0700,SUB-TPE,SUB,TPE,2026-11-18,2026-12-02,economy,6685478,IDR,Scoot,09:50,05:35,1,425,,,google-flights,ok,
2026-10-01 08:10:59+0700,SUB-TPE,SUB,TPE,2026-11-26,2026-12-10,economy,8469507,IDR,Scoot,09:50,05:35,1,425,,,google-flights,ok,
2026-10-01 08:10:59+0700,SUB-TPE,SUB,TPE,2026-12-04,2026-12-18,economy,10516022,IDR,Scoot,19:30,17:00,1,425,,,google-flights,ok,
2026-10-01 08:10:59+0700,SUB-TPE,SUB,TPE,2026-12-12,2026-12-26,economy,10516022,IDR,Scoot,19:30,05:35,1,425,,,google-flights,ok,
2026-10-01 08:10:59+0700,SUB-TPE,SUB,TPE,2026-12-20,2027-01-03,economy,16660501,IDR,Scoot,19:30,05:35,1,425,,,google-flights,ok,
2026-10-01 08:10:59+0700,SUB-TPE,SUB,TPE,2026-12-28,2027-01-11,economy,10125230,IDR,Scoot,09:50,05:35,1,425,,,google-flights,ok,
2026-10-01 08:10:59+0700,SUB-TPE,SUB,TPE,2027-01-05,2027-01-19,economy,5035141,IDR,Scoot,19:30,11:00,1,435,,,google-flights,ok,
2026-10-01 08:10:59+0700,SUB-TPE,SUB,TPE,2027-01-13,2027-01-27,economy,5852474,IDR,Scoot,19:30,05:35,1,425,,,google-flights,ok,
2026-10-01 08:10:59+0700,SUB-TPE,SUB,TPE,2027-01-21,2027-02-04,economy,8968525,IDR,Scoot,09:50,11:00,1,435,,,google-flights,ok,
2026-10-01 08:10:59+0700,SUB-TPE,SUB,TPE,2027-01-29,2027-02-12,economy,5035141,IDR,Scoot,19:30,05:35,1,425,,,google-flights,ok,
2026-10-01 08:10:59+0700,SUB-TPE,SUB,TPE,2027-02-06,2027-02-20,economy,8479791,IDR,Scoot,19:30,05:35,1,425,,,google-flights,ok,
2026-10-01 08:10:59+0700,SUB-TPE,SUB,TPE,2027-02-14,2027-02-28,economy,5035141,IDR,Scoot,19:30,11:00,1,435,,,google-flights,ok,
2026-10-01 08:10:59+0700,SUB-TPE,SUB,TPE,2027-02-22,2027-03-08,economy,6397526,IDR,Scoot,09:50,13:15,1,430,,,google-flights,ok,
2026-10-01 08:10:59+0700,SUB-TPE,SUB,TPE,2027-03-02,2027-03-16,economy,9878414,IDR,Scoot,19:30,05:35,1,425,,,google-flights,ok,
2026-10-01 08:10:59+0700,SUB-TPE,SUB,TPE,2027-03-10,2027-03-24,economy,7888705,IDR,Scoot,19:30,05:35,1,425,,,google-flights,ok,
2026-10-01 08:10:59+0700,SUB-TPE,SUB,TPE,2027-03-18,2027-04-01,economy,7366171,IDR,Scoot,09:50,13:10,1,425,,,google-flights,ok,
2026-10-01 08:10:59+0700,SUB-TPE,SUB,TPE,2027-03-26,2027-04-09,economy,6101239,IDR,Scoot,19:30,17:00,1,425,,,google-flights,ok,
2026-10-01 08:10:59+0700,SUB-TPE,SUB,TPE,2027-04-03,2027-04-17,economy,6483696,IDR,Scoot,19:50,17:10,1,430,,,google-flights,ok,
2026-10-01 08:10:59+0700,SUB-TPE,SUB,TPE,2027-04-11,2027-04-25,economy,5326991,IDR,Scoot,19:50,14:15,1,430,,,google-flights,ok,
2026-10-01 08:10:59+0700,SUB-TPE,SUB,TPE,2027-04-19,2027-05-03,economy,5666363,IDR,Scoot,10:35,17:10,1,430,,,google-flights,ok,
2026-10-01 08:10:59+0700,SUB-TPE,SUB,TPE,2027-04-27,2027-05-11,economy,4545407,IDR,Scoot,19:50,05:45,1,430,,,google-flights,ok,
2026-10-01 08:10:59+0700,SUB-TPE,SUB,TPE,2027-05-05,2027-05-19,economy,5121311,IDR,Scoot,19:50,11:45,1,430,,,google-flights,ok,
2026-10-01 08:10:59+0700,SUB-TPE,SUB,TPE,2027-05-13,2027-05-27,economy,7111020,IDR,Scoot,08:35,05:45,1,430,,,google-flights,ok,
2026-10-01 08:10:59+0700,SUB-TPE,SUB,TPE,2027-05-21,2027-06-04,economy,4781939,IDR,Scoot,19:50,11:45,1,430,,,google-flights,ok,
2026-10-01 08:10:59+0700,SUB-TPE,SUB,TPE,2027-05-29,2027-06-12,economy,5121311,IDR,Scoot,19:50,17:10,1,430,,,google-flights,ok,
2026-10-01 08:10:59+0700,SUB-TPE,SUB,TPE,2027-06-06,2027-06-20,economy,5666363,IDR,Scoot,19:50,05:45,1,430,,,google-flights,ok,
2026-10-01 08:10:59+0700,SUB-TPE,SUB,TPE,2027-06-14,2027-06-28,economy,6483696,IDR,Scoot,10:35,17:10,1,430,,,google-flights,ok,
2026-10-01 08:10:59+0700,SUB-TPE,SUB,TPE,2027-06-22,2027-07-06,economy,4987619,IDR,Scoot,19:50,05:45,1,430,,,google-flights,ok,
2026-10-01 08:10:59+0700,SUB-TPE,SUB,TPE,2027-06-30,2027-07-14,economy,4576259,IDR,Scoot,19:50,05:45,1,430,,,google-flights,ok,
2026-10-01 08:10:59+0700,SUB-KUL,SUB,KUL,2026-10-09,2026-10-16,economy,3698180,IDR,Batik Air,05:05,13:10,1,220,,,google-flights,ok,
2026-10-01 08:10:59+0700,SUB-KUL,SUB,KUL,2026-10-17,2026-10-24,economy,3146989,IDR,Indonesia AirAsia,11:20,15:00,0,160,,,google-flights,ok,
2026-10-01 08:10:59+0700,SUB-KUL,SUB,KUL,2026-10-25,2026-11-01,economy,2984921,IDR,Indonesia AirAsia,16:45,20:25,0,160,,,google-flights,ok,
2026-10-01 08:10:59+0700,SUB-KUL,SUB,KUL,2026-11-02,2026-11-09,economy,3368782,IDR,Malaysia Airlines,10:00,13:40,0,160,,,google-flights,ok,
2026-10-01 08:10:59+0700,SUB-KUL,SUB,KUL,2026-11-10,2026-11-17,economy,3029921,IDR,Indonesia AirAsia,10:20,13:55,0,155,,,google-flights,ok,
2026-10-01 08:10:59+0700,SUB-KUL,SUB,KUL,2026-11-18,2026-11-25,economy,3341161,IDR,Malaysia Airlines,10:00,13:40,0,160,,,google-flights,ok,
2026-10-01 08:10:59+0700,SUB-KUL,SUB,KUL,2026-11-26,2026-12-03,economy,3808440,IDR,Malaysia Airlines,10:00,13:40,0,160,,,google-flights,ok,
2026-10-01 08:10:59+0700,SUB-KUL,SUB,KUL,2026-12-04,2026-12-11,economy,4773845,IDR,Malaysia Airlines,10:00,13:40,0,160,,,google-flights,ok,
2026-10-01 08:10:59+0700,SUB-KUL,SUB,KUL,2026-12-12,2026-12-19,economy,3808234,IDR,Indonesia AirAsia,04:00,07:35,0,155,,,google-flights,ok,
2026-10-01 08:10:59+0700,SUB-KUL,SUB,KUL,2026-12-20,2026-12-27,economy,4993991,IDR,Batik Air,10:05,13:45,0,160,,,google-flights,ok,
2026-10-01 08:10:59+0700,SUB-KUL,SUB,KUL,2026-12-28,2027-01-04,economy,4188234,IDR,Indonesia AirAsia,10:20,13:55,0,155,,,google-flights,ok,
2026-10-01 08:10:59+0700,SUB-KUL,SUB,KUL,2027-01-05,2027-01-12,economy,3808234,IDR,Indonesia AirAsia,04:00,07:35,0,155,,,google-flights,ok,
2026-10-01 08:10:59+0700,SUB-KUL,SUB,KUL,2027-01-13,2027-01-20,economy,3068245,IDR,Indonesia AirAsia,04:00,07:35,0,155,,,google-flights,ok,
2026-10-01 08:10:59+0700,SUB-KUL,SUB,KUL,2027-01-21,2027-01-28,economy,3068245,IDR,Indonesia AirAsia,04:00,07:35,0,155,,,google-flights,ok,
2026-10-01 08:10:59+0700,SUB-KUL,SUB,KUL,2027-01-29,2027-02-05,economy,3288559,IDR,Indonesia AirAsia,04:00,07:35,0,155,,,google-flights,ok,
2026-10-01 08:10:59+0700,SUB-SIN,SUB,SIN,2026-10-06,2026-10-13,economy,4965760,IDR,Batik Air,05:05,13:45,1,195,,,google-flights,ok,
2026-10-01 08:10:59+0700,SUB-SIN,SUB,SIN,2026-10-14,2026-10-21,economy,4398433,IDR,Lion/Batik Air,07:40,15:15,1,195,,,google-flights,ok,
2026-10-01 08:10:59+0700,SUB-SIN,SUB,SIN,2026-10-22,2026-10-29,economy,3679184,IDR,Indonesia AirAsia/AirAsia,05:05,11:35,1,230,,,google-flights,ok,
2026-10-01 08:10:59+0700,SUB-SIN,SUB,SIN,2026-10-30,2026-11-06,economy,5601891,IDR,Malaysia Airlines,18:05,00:30,1,230,,,google-flights,ok,
2026-10-01 08:10:59+0700,SUB-SIN,SUB,SIN,2026-11-07,2026-11-14,economy,4435219,IDR,Indonesia AirAsia/AirAsia,10:20,18:00,1,235,,,google-flights,ok,
2026-10-01 08:10:59+0700,SUB-SIN,SUB,SIN,2026-11-15,2026-11-22,economy,5293007,IDR,Indonesia AirAsia/AirAsia,16:45,22:45,1,235,,,google-flights,ok,
2026-10-01 08:10:59+0700,SUB-SIN,SUB,SIN,2026-11-23,2026-11-30,economy,4919002,IDR,Indonesia AirAsia/AirAsia,04:00,10:20,1,230,,,google-flights,ok,
2026-10-01 08:10:59+0700,SUB-SIN,SUB,SIN,2026-12-01,2026-12-08,economy,5601891,IDR,Malaysia Airlines,18:05,00:30,1,230,,,google-flights,ok,
2026-10-01 08:10:59+0700,SUB-SIN,SUB,SIN,2026-12-09,2026-12-16,economy,5601891,IDR,Malaysia Airlines,10:00,16:40,1,235,,,google-flights,ok,
2026-10-01 08:10:59+0700,SUB-SIN,SUB,SIN,2026-12-17,2026-12-24,economy,6397353,IDR,Garuda Indonesia,16:00,16:45,1,225,,,google-flights,ok,
2026-10-01 08:10:59+0700,SUB-SIN,SUB,SIN,2026-12-25,2027-01-01,economy,6452453,IDR,Garuda Indonesia,16:00,16:45,1,225,,,google-flights,ok,
2026-10-01 08:10:59+0700,SUB-SIN,SUB,SIN,2027-01-02,2027-01-09,economy,6439671,IDR,Garuda Indonesia,11:10,18:25,1,205,,,google-flights,ok,
2026-10-01 08:10:59+0700,SUB-SIN,SUB,SIN,2027-01-10,2027-01-17,economy,,IDR,,,,,,,,,error,IndexError: list index out of range
2026-10-01 08:10:59+0700,SUB-SIN,SUB,SIN,2027-01-18,2027-01-25,economy,,IDR,,,,,,,,,error,IndexError: list index out of range
2026-10-01 08:10:59+0700,SUB-SIN,SUB,SIN,2027-01-26,2027-02-02,economy,5946923,IDR,Indonesia AirAsia/AirAsia,04:00,10:20,1,230,,,google-flights,ok,
2026-10-01 11:10:31+0700,DPS-MEL,DPS,MEL,2026-10-05,2026-10-19,economy,,IDR,,,,,,,,,error,IndexError: list index out of range
2026-10-01 11:10:31+0700,DPS-MEL,DPS,MEL,2026-10-13,2026-10-27,economy,,IDR,,,,,,,,,error,IndexError: list index out of range
2026-10-01 11:10:31+0700,DPS-MEL,DPS,MEL,2026-10-21,2026-11-04,economy,,IDR,,,,,,,,,error,IndexError: list index out of range
2026-10-01 11:10:31+0700,DPS-MEL,DPS,MEL,2026-10-29,2026-11-12,economy,10036227,IDR,Cebu Pacific,01:00,00:10,1,755,,,google-flights,ok,
2026-10-01 11:10:31+0700,DPS-MEL,DPS,MEL,2026-11-06,2026-11-20,economy,11451882,IDR,Virgin Australia,23:20,18:20,1,490,,,google-flights,ok,
2026-10-01 11:10:31+0700,DPS-MEL,DPS,MEL,2026-11-14,2026-11-28,economy,9800937,IDR,Jetstar,14:55,23:35,0,340,,,google-flights,ok,
2026-10-01 11:10:31+0700,DPS-MEL,DPS,MEL,2026-11-22,2026-12-06,economy,9500418,IDR,Jetstar,20:20,04:55,0,335,,,google-flights,ok,
2026-10-01 11:10:31+0700,DPS-MEL,DPS,MEL,2026-11-30,2026-12-14,economy,9624280,IDR,Jetstar,14:55,23:35,0,340,,,google-flights,ok,
2026-10-01 11:10:31+0700,DPS-MEL,DPS,MEL,2026-12-08,2026-12-22,economy,,IDR,,,,,,,,,error,FlightsNotFound: no flights found; received error
2026-10-01 11:10:31+0700,DPS-MEL,DPS,MEL,2026-12-16,2026-12-30,economy,10436370,IDR,Jetstar,11:30,20:10,0,340,,,google-flights,ok,
2026-10-01 11:10:31+0700,DPS-MEL,DPS,MEL,2026-12-24,2027-01-07,economy,8167076,IDR,Virgin Australia,22:00,06:40,0,340,,,google-flights,ok,
2026-10-01 11:10:31+0700,DPS-MEL,DPS,MEL,2027-01-01,2027-01-15,economy,11209858,IDR,Virgin Australia,22:00,06:40,0,340,,,google-flights,ok,
2026-10-01 11:10:31+0700,DPS-MEL,DPS,MEL,2027-01-09,2027-01-23,economy,13323391,IDR,Jetstar,11:30,20:10,0,340,,,google-flights,ok,
2026-10-01 11:10:31+0700,DPS-MEL,DPS,MEL,2027-01-17,2027-01-31,economy,10921272,IDR,Jetstar,14:55,23:35,0,340,,,google-flights,ok,
2026-10-01 11:10:31+0700,DPS-MEL,DPS,MEL,2027-01-25,2027-02-08,economy,10182392,IDR,Jetstar,11:30,20:10,0,340,,,google-flights,ok,
2026-10-01 11:10:31+0700,SUB-TPE,SUB,TPE,2026-10-02,2026-10-16,economy,5852474,IDR,Scoot,19:50,11:45,1,430,,,google-flights,ok,
2026-10-01 11:10:31+0700,SUB-TPE,SUB,TPE,2026-10-10,2026-10-24,economy,7024850,IDR,Scoot,19:50,05:45,1,430,,,google-flights,ok,
2026-10-01 11:10:31+0700,SUB-TPE,SUB,TPE,2026-10-18,2026-11-01,economy,4695769,IDR,Scoot,19:50,17:10,1,430,,,google-flights,ok,
2026-10-01 11:10:31+0700,SUB-TPE,SUB,TPE,2026-10-26,2026-11-09,economy,10752554,IDR,Scoot,09:50,05:35,1,425,,,google-flights,ok,
2026-10-01 11:10:31+0700,SUB-TPE,SUB,TPE,2026-11-03,2026-11-17,economy,5035141,IDR,Scoot,19:30,05:35,1,425,,,google-flights,ok,
2026-10-01 11:10:31+0700,SUB-TPE,SUB,TPE,2026-11-11,2026-11-25,economy,4695769,IDR,Scoot,19:30,05:35,1,425,,,google-flights,ok,
2026-10-01 11:10:31+0700,SUB-TPE,SUB,TPE,2026-11-19,2026-12-03,economy,7214859,IDR,Scoot,09:50,17:00,1,425,,,google-flights,ok,
2026-10-01 11:10:31+0700,SUB-TPE,SUB,TPE,2026-11-27,2026-12-11,economy,9251090,IDR,Scoot,09:50,05:35,1,425,,,google-flights,ok,
2026-10-01 11:10:31+0700,SUB-TPE,SUB,TPE,2026-12-05,2026-12-19,economy,11287321,IDR,Scoot,19:30,05:35,1,425,,,google-flights,ok,
2026-10-01 11:10:31+0700,SUB-TPE,SUB,TPE,2026-12-13,2026-12-27,economy,12161461,IDR,Scoot,19:30,05:35,1,425,,,google-flights,ok,
2026-10-01 11:10:31+0700,SUB-TPE,SUB,TPE,2026-12-21,2027-01-04,economy,15773611,IDR,Scoot,09:50,05:35,1,425,,,google-flights,ok,
2026-10-01 11:10:31+0700,SUB-TPE,SUB,TPE,2026-12-29,2027-01-12,economy,9251090,IDR,Scoot,19:30,05:35,1,425,,,google-flights,ok,
2026-10-01 11:10:31+0700,SUB-TPE,SUB,TPE,2027-01-06,2027-01-20,economy,5035141,IDR,Scoot,19:30,05:35,1,425,,,google-flights,ok,
2026-10-01 11:10:31+0700,SUB-TPE,SUB,TPE,2027-01-14,2027-01-28,economy,6058154,IDR,Scoot,09:50,11:00,1,435,,,google-flights,ok,
2026-10-01 11:10:31+0700,SUB-TPE,SUB,TPE,2027-01-22,2027-02-05,economy,8762845,IDR,Scoot,19:30,05:35,1,425,,,google-flights,ok,
2026-10-01 11:10:31+0700,SUB-TPE,SUB,TPE,2027-01-30,2027-02-13,economy,5035141,IDR,Scoot,19:30,05:35,1,425,,,google-flights,ok,
2026-10-01 11:10:31+0700,SUB-TPE,SUB,TPE,2027-02-07,2027-02-21,economy,7662458,IDR,Scoot,19:30,05:35,1,425,,,google-flights,ok,
2026-10-01 11:10:31+0700,SUB-TPE,SUB,TPE,2027-02-15,2027-03-01,economy,5035141,IDR,Scoot,09:50,13:15,1,430,,,google-flights,ok,
2026-10-01 11:10:31+0700,SUB-TPE,SUB,TPE,2027-02-23,2027-03-09,economy,5035141,IDR,Scoot,19:30,11:00,1,435,,,google-flights,ok,
2026-10-01 11:10:31+0700,SUB-TPE,SUB,TPE,2027-03-03,2027-03-17,economy,9251090,IDR,Scoot,19:30,05:35,1,425,,,google-flights,ok,
2026-10-01 11:10:31+0700,SUB-TPE,SUB,TPE,2027-03-11,2027-03-25,economy,10516022,IDR,Scoot,09:50,05:35,1,425,,,google-flights,ok,
2026-10-01 11:10:31+0700,SUB-TPE,SUB,TPE,2027-03-19,2027-04-02,economy,8137470,IDR,Scoot,19:30,17:00,1,425,,,google-flights,ok,
2026-10-01 11:10:31+0700,SUB-TPE,SUB,TPE,2027-03-27,2027-04-10,economy,6440611,IDR,Scoot,19:30,17:10,1,430,,,google-flights,ok,
2026-10-01 11:10:31+0700,SUB-TPE,SUB,TPE,2027-04-04,2027-04-18,economy,7928353,IDR,Scoot,19:50,05:45,1,430,,,google-flights,ok,
2026-10-01 11:10:31+0700,SUB-TPE,SUB,TPE,2027-04-12,2027-04-26,economy,6483696,IDR,Scoot,10:35,05:45,1,430,,,google-flights,ok,
2026-10-01 11:10:31+0700,SUB-TPE,SUB,TPE,2027-04-20,2027-05-04,economy,,IDR,,,,,,,,,error,FlightsNotFound: no flights found; received error
2026-10-01 11:10:31+0700,SUB-TPE,SUB,TPE,2027-04-28,2027-05-12,economy,4576259,IDR,Scoot,19:50,11:45,1,430,,,google-flights,ok,
2026-10-01 11:10:31+0700,SUB-TPE,SUB,TPE,2027-05-06,2027-05-20,economy,6771648,IDR,Scoot,08:35,05:45,1,430,,,google-flights,ok,
2026-10-01 11:10:31+0700,SUB-TPE,SUB,TPE,2027-05-14,2027-05-28,economy,6144324,IDR,Scoot,19:50,17:10,1,430,,,google-flights,ok,
2026-10-01 11:10:31+0700,SUB-TPE,SUB,TPE,2027-05-22,2027-06-05,economy,6144324,IDR,Scoot,19:50,17:10,1,430,,,google-flights,ok,
2026-10-01 11:10:31+0700,SUB-TPE,SUB,TPE,2027-05-30,2027-06-13,economy,5326991,IDR,Scoot,19:50,17:10,1,430,,,google-flights,ok,
2026-10-01 11:10:31+0700,SUB-TPE,SUB,TPE,2027-06-07,2027-06-21,economy,7301029,IDR,Scoot,10:35,05:45,1,430,,,google-flights,ok,
2026-10-01 11:10:31+0700,SUB-TPE,SUB,TPE,2027-06-15,2027-06-29,economy,4987619,IDR,Scoot,19:50,05:45,1,430,,,google-flights,ok,
2026-10-01 11:10:31+0700,SUB-TPE,SUB,TPE,2027-06-23,2027-07-07,economy,4781939,IDR,Scoot,19:50,17:10,1,430,,,google-flights,ok,
2026-10-01 11:10:31+0700,SUB-KUL,SUB,KUL,2026-10-02,2026-10-09,economy,3806990,IDR,Indonesia AirAsia,07:05,10:45,0,160,,,google-flights,ok,
2026-10-01 11:10:31+0700,SUB-KUL,SUB,KUL,2026-10-10,2026-10-17,economy,3272990,IDR,Indonesia AirAsia,11:20,15:00,0,160,,,google-flights,ok,
2026-10-01 11:10:31+0700,SUB-KUL,SUB,KUL,2026-10-18,2026-10-25,economy,3146989,IDR,Indonesia AirAsia,17:45,21:25,0,160,,,google-flights,ok,
2026-10-01 11:10:31+0700,SUB-KUL,SUB,KUL,2026-10-26,2026-11-02,economy,2984921,IDR,Indonesia AirAsia,10:20,13:55,0,155,,,google-flights,ok,
2026-10-01 11:10:31+0700,SUB-KUL,SUB,KUL,2026-11-03,2026-11-10,economy,2184003,IDR,Indonesia AirAsia,04:00,07:35,0,155,,,google-flights,ok,
2026-10-01 11:10:31+0700,SUB-KUL,SUB,KUL,2026-11-11,2026-11-18,economy,2184003,IDR,Indonesia AirAsia,04:00,07:35,0,155,,,google-flights,ok,
2026-10-01 11:10:31+0700,SUB-KUL,SUB,KUL,2026-11-19,2026-11-26,economy,2184003,IDR,Indonesia AirAsia,04:00,07:35,0,155,,,google-flights,ok,
2026-10-01 11:10:31+0700,SUB-KUL,SUB,KUL,2026-11-27,2026-12-04,economy,3197999,IDR,Indonesia AirAsia,04:00,07:35,0,155,,,google-flights,ok,
2026-10-01 11:10:31+0700,SUB-KUL,SUB,KUL,2026-12-05,2026-12-12,economy,4118217,IDR,Scoot,09:50,16:15,1,220,,,google-flights,ok,
2026-10-01 11:10:31+0700,SUB-KUL,SUB,KUL,2026-12-13,2026-12-20,economy,4774985,IDR,Malaysia Airlines,10:00,13:40,0,160,,,google-flights,ok,
2026-10-01 11:10:31+0700,SUB-KUL,SUB,KUL,2026-12-21,2026-12-28,economy,4188234,IDR,Indonesia AirAsia,04:00,07:35,0,155,,,google-flights,ok,
2026-10-01 11:10:31+0700,SUB-KUL,SUB,KUL,2026-12-29,2027-01-05,economy,4188234,IDR,Indonesia AirAsia,04:00,07:35,0,155,,,google-flights,ok,
2026-10-01 11:10:31+0700,SUB-KUL,SUB,KUL,2027-01-06,2027-01-13,economy,3808234,IDR,Indonesia AirAsia,04:00,07:35,0,155,,,google-flights,ok,
2026-10-01 11:10:31+0700,SUB-KUL,SUB,KUL,2027-01-14,2027-01-21,economy,3068245,IDR,Indonesia AirAsia,04:00,07:35,0,155,,,google-flights,ok,
2026-10-01 11:10:31+0700,SUB-KUL,SUB,KUL,2027-01-22,2027-01-29,economy,3068245,IDR,Indonesia AirAsia,04:00,07:35,0,155,,,google-flights,ok,
2026-10-01 11:10:31+0700,SUB-KUL,SUB,KUL,2027-01-30,2027-02-06,economy,3288559,IDR,Indonesia AirAsia,04:00,07:35,0,155,,,google-flights,ok,
2026-10-01 11:10:31+0700,SUB-SIN,SUB,SIN,2026-10-07,2026-10-14,economy,5023760,IDR,Batik Air,05:05,13:45,1,195,,,google-flights,ok,
2026-10-01 11:10:31+0700,SUB-SIN,SUB,SIN,2026-10-15,2026-10-22,economy,4534668,IDR,Indonesia AirAsia/AirAsia,05:05,11:35,1,230,,,google-flights,ok,
2026-10-01 11:10:31+0700,SUB-SIN,SUB,SIN,2026-10-23,2026-10-30,economy,3707516,IDR,Indonesia AirAsia/AirAsia,11:20,18:05,1,240,,,google-flights,ok,
2026-10-01 11:10:31+0700,SUB-SIN,SUB,SIN,2026-10-31,2026-11-07,economy,4733387,IDR,Indonesia AirAsia/AirAsia,10:20,18:00,1,235,,,google-flights,ok,
2026-10-01 11:10:31+0700,SUB-SIN,SUB,SIN,2026-11-08,2026-11-15,economy,4583143,IDR,Indonesia AirAsia/AirAsia,04:00,10:20,1,230,,,google-flights,ok,
2026-10-01 11:10:31+0700,SUB-SIN,SUB,SIN,2026-11-16,2026-11-23,economy,4654919,IDR,Indonesia AirAsia/AirAsia,04:00,10:20,1,230,,,google-flights,ok,
2026-10-01 11:10:31+0700,SUB-SIN,SUB,SIN,2026-11-24,2026-12-01,economy,4919002,IDR,Indonesia AirAsia/AirAsia,10:20,18:00,1,235,,,google-flights,ok,
2026-10-01 11:10:31+0700,SUB-SIN,SUB,SIN,2026-12-02,2026-12-09,economy,5418105,IDR,Indonesia AirAsia/AirAsia,04:00,10:20,1,230,,,google-flights,ok,
2026-10-01 11:10:31+0700,SUB-SIN,SUB,SIN,2026-12-10,2026-12-17,economy,5601891,IDR,Malaysia Airlines,10:00,16:40,1,235,,,google-flights,ok,
2026-10-01 11:10:31+0700,SUB-SIN,SUB,SIN,2026-12-18,2026-12-25,economy,6530891,IDR,Malaysia Airlines,10:00,16:40,1,235,,,google-flights,ok,
2026-10-01 11:10:31+0700,SUB-SIN,SUB,SIN,2026-12-26,2027-01-02,economy,6851453,IDR,Garuda Indonesia,09:20,16:45,1,225,,,google-flights,ok,
2026-10-01 11:10:31+0700,SUB-SIN,SUB,SIN,2027-01-03,2027-01-10,economy,6194991,IDR,Malaysia Airlines,10:00,16:40,1,235,,,google-flights,ok,
2026-10-01 11:10:31+0700,SUB-SIN,SUB,SIN,2027-01-11,2027-01-18,economy,,IDR,,,,,,,,,error,IndexError: list index out of range
2026-10-01 11:10:31+0700,SUB-SIN,SUB,SIN,2027-01-19,2027-01-26,economy,5371175,IDR,Indonesia AirAsia/AirAsia,04:00,10:20,1,230,,,google-flights,ok,
2026-10-01 11:10:31+0700,SUB-SIN,SUB,SIN,2027-01-27,2027-02-03,economy,,IDR,,,,,,,,,error,IndexError: list index out of range
2026-10-01 14:11:51+0700,DPS-MEL,DPS,MEL,2026-10-06,2026-10-20,economy,,IDR,,,,,,,,,error,IndexError: list index out of range
2026-10-01 14:11:51+0700,DPS-MEL,DPS,MEL,2026-10-14,2026-10-28,economy,,IDR,,,,,,,,,error,IndexError: list index out of range
2026-10-01 14:11:51+0700,DPS-MEL,DPS,MEL,2026-10-22,2026-11-05,economy,,IDR,,,,,,,,,error,IndexError: list index out of range
2026-10-01 14:11:51+0700,DPS-MEL,DPS,MEL,2026-10-30,2026-11-13,economy,11881882,IDR,Virgin Australia,23:20,12:20,1,490,,,google-flights,ok,
2026-10-01 14:11:51+0700,DPS-MEL,DPS,MEL,2026-11-07,2026-11-21,economy,10514306,IDR,Jetstar,07:00,00:20,1,420,,,google-flights,ok,
2026-10-01 14:11:51+0700,DPS-MEL,DPS,MEL,2026-11-15,2026-11-29,economy,9052937,IDR,Jetstar,11:30,20:10,0,340,,,google-flights,ok,
2026-10-01 14:11:51+0700,DPS-MEL,DPS,MEL,2026-11-23,2026-12-07,economy,9692392,IDR,Jetstar,14:55,23:35,0,340,,,google-flights,ok,
2026-10-01 14:11:51+0700,DPS-MEL,DPS,MEL,2026-12-01,2026-12-15,economy,10387693,IDR,Jetstar,20:20,04:55,0,335,,,google-flights,ok,
2026-10-01 14:11:51+0700,DPS-MEL,DPS,MEL,2026-12-09,2026-12-23,economy,14767025,IDR,Jetstar,14:55,23:35,0,340,,,google-flights,ok,
2026-10-01 14:11:51+0700,DPS-MEL,DPS,MEL,2026-12-17,2026-12-31,economy,8943392,IDR,Jetstar,11:30,20:10,0,340,,,google-flights,ok,
2026-10-01 14:11:51+0700,DPS-MEL,DPS,MEL,2026-12-25,2027-01-08,economy,,IDR,,,,,,,,,error,FlightsNotFound: no flights found; received error
2026-10-01 14:11:51+0700,DPS-MEL,DPS,MEL,2027-01-02,2027-01-16,economy,12113389,IDR,Jetstar,23:20,07:55,0,335,,,google-flights,ok,
2026-10-01 14:11:51+0700,DPS-MEL,DPS,MEL,2027-01-10,2027-01-24,economy,12178090,IDR,Jetstar,14:55,23:35,0,340,,,google-flights,ok,
2026-10-01 14:11:51+0700,DPS-MEL,DPS,MEL,2027-01-18,2027-02-01,economy,10170483,IDR,Jetstar,14:55,23:35,0,340,,,google-flights,ok,
2026-10-01 14:11:51+0700,DPS-MEL,DPS,MEL,2027-01-26,2027-02-09,economy,8932392,IDR,Jetstar,14:55,23:35,0,340,,,google-flights,ok,
2026-10-01 14:11:51+0700,SUB-TPE,SUB,TPE,2026-10-03,2026-10-17,economy,12480379,IDR,Scoot,19:50,05:45,1,430,,,google-flights,ok,
2026-10-01 14:11:51+0700,SUB-TPE,SUB,TPE,2026-10-11,2026-10-25,economy,,IDR,,,,,,,,,error,FlightsNotFound: no flights found; received error
2026-10-01 14:11:51+0700,SUB-TPE,SUB,TPE,2026-10-19,2026-11-02,economy,6479798,IDR,Scoot,10:35,05:45,1,430,,,google-flights,ok,
2026-10-01 14:11:51+0700,SUB-TPE,SUB,TPE,2026-10-27,2026-11-10,economy,4695769,IDR,Scoot,19:30,17:00,1,425,,,google-flights,ok,
2026-10-01 14:11:51+0700,SUB-TPE,SUB,TPE,2026-11-04,2026-11-18,economy,7322982,IDR,Scoot,09:50,05:35,1,425,,,google-flights,ok,
2026-10-01 14:11:51+0700,SUB-TPE,SUB,TPE,2026-11-12,2026-11-26,economy,,IDR,,,,,,,,,error,TypeError: 'NoneType' object is not subscriptable
2026-10-01 14:11:51+0700,SUB-TPE,SUB,TPE,2026-11-20,2026-12-04,economy,8479791,IDR,Scoot,09:50,05:35,1,425,,,google-flights,ok,
2026-10-01 14:11:51+0700,SUB-TPE,SUB,TPE,2026-11-28,2026-12-12,economy,,IDR,,,,,,,,,error,FlightsNotFound: no flights found; received error
2026-10-01 14:11:51+0700,SUB-TPE,SUB,TPE,2026-12-06,2026-12-20,economy,12164109,IDR,Scoot,19:30,17:00,1,425,,,google-flights,ok,
2026-10-01 14:11:51+0700,SUB-TPE,SUB,TPE,2026-12-14,2026-12-28,economy,13202508,IDR,Scoot,09:50,05:35,1,425,,,google-flights,ok,
2026-10-01 14:11:51+0700,SUB-TPE,SUB,TPE,2026-12-22,2027-01-05,economy,13202612,IDR,Scoot,19:30,05:35,1,425,,,google-flights,ok,
2026-10-01 14:11:51+0700,SUB-TPE,SUB,TPE,2026-12-30,2027-01-13,economy,8482439,IDR,Scoot,19:30,05:35,1,425,,,google-flights,ok,
2026-10-01 14:11:51+0700,SUB-TPE,SUB,TPE,2027-01-07,2027-01-21,economy,6058049,IDR,Scoot,09:50,11:00,1,435,,,google-flights,ok,
2026-10-01 14:11:51+0700,SUB-TPE,SUB,TPE,2027-01-15,2027-01-29,economy,5852474,IDR,Scoot,19:30,05:35,1,425,,,google-flights,ok,
2026-10-01 14:11:51+0700,SUB-TPE,SUB,TPE,2027-01-23,2027-02-06,economy,8762845,IDR,Scoot,19:30,05:35,1,425,,,google-flights,ok,
2026-10-01 14:11:51+0700,SUB-TPE,SUB,TPE,2027-01-31,2027-02-14,economy,5035141,IDR,Scoot,19:30,11:00,1,435,,,google-flights,ok,
2026-10-01 14:11:51+0700,SUB-TPE,SUB,TPE,2027-02-08,2027-02-22,economy,10780975,IDR,Scoot,09:50,05:35,1,425,,,google-flights,ok,
2026-10-01 14:11:51+0700,SUB-TPE,SUB,TPE,2027-02-16,2027-03-02,economy,4695769,IDR,Scoot,19:30,11:00,1,435,,,google-flights,ok,
2026-10-01 14:11:51+0700,SUB-TPE,SUB,TPE,2027-02-24,2027-03-10,economy,7024850,IDR,Scoot,09:50,17:00,1,425,,,google-flights,ok,
2026-10-01 14:11:51+0700,SUB-TPE,SUB,TPE,2027-03-04,2027-03-18,economy,9878414,IDR,Scoot,09:50,05:35,1,425,,,google-flights,ok,
2026-10-01 14:11:51+0700,SUB-TPE,SUB,TPE,2027-03-12,2027-03-26,economy,9878414,IDR,Scoot,09:50,17:00,1,425,,,google-flights,ok,
2026-10-01 14:11:51+0700,SUB-TPE,SUB,TPE,2027-03-20,2027-04-03,economy,7705543,IDR,Scoot,19:30,05:35,1,425,,,google-flights,ok,
2026-10-01 14:11:51+0700,SUB-TPE,SUB,TPE,2027-03-28,2027-04-11,economy,6440611,IDR,Scoot,19:50,17:10,1,430,,,google-flights,ok,
2026-10-01 14:11:51+0700,SUB-TPE,SUB,TPE,2027-04-05,2027-04-19,economy,7928353,IDR,Scoot,10:35,14:15,1,430,,,google-flights,ok,
2026-10-01 14:11:51+0700,SUB-TPE,SUB,TPE,2027-04-13,2027-04-27,economy,4781939,IDR,Scoot,19:50,17:10,1,430,,,google-flights,ok,
2026-10-01 14:11:51+0700,SUB-TPE,SUB,TPE,2027-04-21,2027-05-05,economy,4576259,IDR,Scoot,19:50,11:45,1,430,,,google-flights,ok,
2026-10-01 14:11:51+0700,SUB-TPE,SUB,TPE,2027-04-29,2027-05-13,economy,6771648,IDR,Scoot,08:35,05:45,1,430,,,google-flights,ok,
2026-10-01 14:11:51+0700,SUB-TPE,SUB,TPE,2027-05-07,2027-05-21,economy,4576259,IDR,Scoot,19:50,11:45,1,430,,,google-flights,ok,
2026-10-01 14:11:51+0700,SUB-TPE,SUB,TPE,2027-05-15,2027-05-29,economy,5666363,IDR,Scoot,19:50,17:10,1,430,,,google-flights,ok,
2026-10-01 14:11:51+0700,SUB-TPE,SUB,TPE,2027-05-23,2027-06-06,economy,5666363,IDR,Scoot,19:50,05:45,1,430,,,google-flights,ok,
2026-10-01 14:11:51+0700,SUB-TPE,SUB,TPE,2027-05-31,2027-06-14,economy,7301029,IDR,Scoot,10:35,05:45,1,430,,,google-flights,ok,
2026-10-01 14:11:51+0700,SUB-TPE,SUB,TPE,2027-06-08,2027-06-22,economy,4987619,IDR,Scoot,19:50,05:45,1,430,,,google-flights,ok,
2026-10-01 14:11:51+0700,SUB-TPE,SUB,TPE,2027-06-16,2027-06-30,economy,5326991,IDR,Scoot,19:50,05:45,1,430,,,google-flights,ok,
2026-10-01 14:11:51+0700,SUB-TPE,SUB,TPE,2027-06-24,2027-07-08,economy,6483696,IDR,Scoot,08:35,05:45,1,430,,,google-flights,ok,
2026-10-01 14:11:51+0700,SUB-KUL,SUB,KUL,2026-10-03,2026-10-10,economy,3806990,IDR,Indonesia AirAsia,17:45,21:25,0,160,,,google-flights,ok,
2026-10-01 14:11:51+0700,SUB-KUL,SUB,KUL,2026-10-11,2026-10-18,economy,3614989,IDR,Indonesia AirAsia,11:20,15:00,0,160,,,google-flights,ok,
2026-10-01 14:11:51+0700,SUB-KUL,SUB,KUL,2026-10-19,2026-10-26,economy,2363931,IDR,Indonesia AirAsia,07:05,10:45,0,160,,,google-flights,ok,
2026-10-01 14:11:51+0700,SUB-KUL,SUB,KUL,2026-10-27,2026-11-03,economy,2184003,IDR,Indonesia AirAsia,04:00,07:35,0,155,,,google-flights,ok,
2026-10-01 14:11:51+0700,SUB-KUL,SUB,KUL,2026-11-04,2026-11-11,economy,2363931,IDR,Indonesia AirAsia,10:20,13:55,0,155,,,google-flights,ok,
2026-10-01 14:11:51+0700,SUB-KUL,SUB,KUL,2026-11-12,2026-11-19,economy,2184003,IDR,Indonesia AirAsia,16:45,20:25,0,160,,,google-flights,ok,
2026-10-01 14:11:51+0700,SUB-KUL,SUB,KUL,2026-11-20,2026-11-27,economy,2984921,IDR,Indonesia AirAsia,04:00,07:35,0,155,,,google-flights,ok,
2026-10-01 14:11:51+0700,SUB-KUL,SUB,KUL,2026-11-28,2026-12-05,economy,3811360,IDR,Malaysia Airlines,15:50,19:30,0,160,,,google-flights,ok,
2026-10-01 14:11:51+0700,SUB-KUL,SUB,KUL,2026-12-06,2026-12-13,economy,3068245,IDR,Indonesia AirAsia,04:00,07:35,0,155,,,google-flights,ok,
2026-10-01 14:11:51+0700,SUB-KUL,SUB,KUL,2026-12-14,2026-12-21,economy,4778343,IDR,Malaysia Airlines,10:00,13:40,0,160,,,google-flights,ok,
2026-10-01 14:11:51+0700,SUB-KUL,SUB,KUL,2026-12-22,2026-12-29,economy,4188234,IDR,Indonesia AirAsia,04:00,07:35,0,155,,,google-flights,ok,
2026-10-01 14:11:51+0700,SUB-KUL,SUB,KUL,2026-12-30,2027-01-06,economy,3808234,IDR,Indonesia AirAsia,04:00,07:35,0,155,,,google-flights,ok,
2026-10-01 14:11:51+0700,SUB-KUL,SUB,KUL,2027-01-07,2027-01-14,economy,3808234,IDR,Indonesia AirAsia,04:00,07:35,0,155,,,google-flights,ok,
2026-10-01 14:11:51+0700,SUB-KUL,SUB,KUL,2027-01-15,2027-01-22,economy,3068245,IDR,Indonesia AirAsia,04:00,07:35,0,155,,,google-flights,ok,
2026-10-01 14:11:51+0700,SUB-KUL,SUB,KUL,2027-01-23,2027-01-30,economy,3068245,IDR,Indonesia AirAsia,04:00,07:35,0,155,,,google-flights,ok,
2026-10-01 14:11:51+0700,SUB-KUL,SUB,KUL,2027-01-31,2027-02-07,economy,3288559,IDR,Indonesia AirAsia,04:00,07:35,0,155,,,google-flights,ok,
2026-10-01 14:11:51+0700,SUB-SIN,SUB,SIN,2026-10-08,2026-10-15,economy,4024311,IDR,Lion/Batik Air,07:40,15:15,1,195,,,google-flights,ok,
2026-10-01 14:11:51+0700,SUB-SIN,SUB,SIN,2026-10-16,2026-10-23,economy,4713984,IDR,Indonesia AirAsia/AirAsia,07:05,13:00,1,225,,,google-flights,ok,
2026-10-01 14:11:51+0700,SUB-SIN,SUB,SIN,2026-10-24,2026-10-31,economy,4546784,IDR,Indonesia AirAsia/AirAsia,11:20,18:05,1,240,,,google-flights,ok,
2026-10-01 14:11:51+0700,SUB-SIN,SUB,SIN,2026-11-01,2026-11-08,economy,4614243,IDR,Indonesia AirAsia/AirAsia,04:00,10:20,1,230,,,google-flights,ok,
2026-10-01 14:11:51+0700,SUB-SIN,SUB,SIN,2026-11-09,2026-11-16,economy,5590612,IDR,Citilink Indonesia,20:15,09:10,1,205,,,google-flights,ok,
2026-10-01 14:11:51+0700,SUB-SIN,SUB,SIN,2026-11-17,2026-11-24,economy,4445919,IDR,Indonesia AirAsia/AirAsia,04:00,10:20,1,230,,,google-flights,ok,
2026-10-01 14:11:51+0700,SUB-SIN,SUB,SIN,2026-11-25,2026-12-02,economy,4919002,IDR,Indonesia AirAsia/AirAsia,10:20,18:00,1,235,,,google-flights,ok,
2026-10-01 14:11:51+0700,SUB-SIN,SUB,SIN,2026-12-03,2026-12-10,economy,,IDR,,,,,,,,,error,FlightsNotFound: no flights found; received error
2026-10-01 14:11:51+0700,SUB-SIN,SUB,SIN,2026-12-11,2026-12-18,economy,6107891,IDR,Malaysia Airlines,15:50,00:30,1,230,,,google-flights,ok,
2026-10-01 14:11:51+0700,SUB-SIN,SUB,SIN,2026-12-19,2026-12-26,economy,6397353,IDR,Garuda Indonesia,16:00,16:45,1,225,,,google-flights,ok,
2026-10-01 14:11:51+0700,SUB-SIN,SUB,SIN,2026-12-27,2027-01-03,economy,,IDR,,,,,,,,,error,IndexError: list index out of range
2026-10-01 14:11:51+0700,SUB-SIN,SUB,SIN,2027-01-04,2027-01-11,economy,5937991,IDR,Malaysia Airlines,10:00,16:40,1,235,,,google-flights,ok,
2026-10-01 14:11:51+0700,SUB-SIN,SUB,SIN,2027-01-12,2027-01-19,economy,5385175,IDR,Indonesia AirAsia/AirAsia,04:00,10:20,1,230,,,google-flights,ok,
2026-10-01 14:11:51+0700,SUB-SIN,SUB,SIN,2027-01-20,2027-01-27,economy,5385175,IDR,Indonesia AirAsia/AirAsia,04:00,10:20,1,230,,,google-flights,ok,
2026-10-01 14:11:51+0700,SUB-SIN,SUB,SIN,2027-01-28,2027-02-04,economy,,IDR,,,,,,,,,error,IndexError: list index out of range
2026-10-01 17:11:42+0700,DPS-MEL,DPS,MEL,2026-10-07,2026-10-21,economy,,IDR,,,,,,,,,error,IndexError: list index out of range
2026-10-01 17:11:42+0700,DPS-MEL,DPS,MEL,2026-10-15,2026-10-29,economy,,IDR,,,,,,,,,error,IndexError: list index out of range
2026-10-01 17:11:42+0700,DPS-MEL,DPS,MEL,2026-10-23,2026-11-06,economy,12011913,IDR,Jetstar,10:15,23:30,1,360,,,google-flights,ok,
2026-10-01 17:11:42+0700,DPS-MEL,DPS,MEL,2026-10-31,2026-11-14,economy,9814719,IDR,Jetstar,11:30,20:10,0,340,,,google-flights,ok,
2026-10-01 17:11:42+0700,DPS-MEL,DPS,MEL,2026-11-08,2026-11-22,economy,10217582,IDR,Virgin Australia,23:20,14:50,1,490,,,google-flights,ok,
2026-10-01 17:11:42+0700,DPS-MEL,DPS,MEL,2026-11-16,2026-11-30,economy,8728392,IDR,Jetstar,14:55,23:35,0,340,,,google-flights,ok,
2026-10-01 17:11:42+0700,DPS-MEL,DPS,MEL,2026-11-24,2026-12-08,economy,9073052,IDR,Jetstar,11:30,20:10,0,340,,,google-flights,ok,
2026-10-01 17:11:42+0700,DPS-MEL,DPS,MEL,2026-12-02,2026-12-16,economy,10579392,IDR,Jetstar,14:55,23:35,0,340,,,google-flights,ok,
2026-10-01 17:11:42+0700,DPS-MEL,DPS,MEL,2026-12-10,2026-12-24,economy,12420392,IDR,Jetstar,11:30,20:10,0,340,,,google-flights,ok,
2026-10-01 17:11:42+0700,DPS-MEL,DPS,MEL,2026-12-18,2027-01-01,economy,9474582,IDR,Virgin Australia,15:50,00:30,0,340,,,google-flights,ok,
2026-10-01 17:11:42+0700,DPS-MEL,DPS,MEL,2026-12-26,2027-01-09,economy,6437887,IDR,Jetstar,11:30,20:10,0,340,,,google-flights,ok,
2026-10-01 17:11:42+0700,DPS-MEL,DPS,MEL,2027-01-03,2027-01-17,economy,13295301,IDR,Jetstar,11:30,20:10,0,340,,,google-flights,ok,
2026-10-01 17:11:42+0700,DPS-MEL,DPS,MEL,2027-01-11,2027-01-25,economy,12194782,IDR,Jetstar,11:30,20:10,0,340,,,google-flights,ok,
2026-10-01 17:11:42+0700,DPS-MEL,DPS,MEL,2027-01-19,2027-02-02,economy,8908621,IDR,Virgin Australia,22:00,06:40,0,340,,,google-flights,ok,
2026-10-01 17:11:42+0700,DPS-MEL,DPS,MEL,2027-01-27,2027-02-10,economy,8928791,IDR,Jetstar,14:55,23:35,0,340,,,google-flights,ok,
2026-10-01 17:11:42+0700,SUB-TPE,SUB,TPE,2026-10-04,2026-10-18,economy,5855018,IDR,Scoot,19:50,14:15,1,430,,,google-flights,ok,
2026-10-01 17:11:42+0700,SUB-TPE,SUB,TPE,2026-10-12,2026-10-26,economy,9310440,IDR,Scoot,10:35,05:45,1,430,,,google-flights,ok,
2026-10-01 17:11:42+0700,SUB-TPE,SUB,TPE,2026-10-20,2026-11-03,economy,5855122,IDR,Scoot,10:35,17:10,1,430,,,google-flights,ok,
2026-10-01 17:11:42+0700,SUB-TPE,SUB,TPE,2026-10-28,2026-11-11,economy,6685373,IDR,Scoot,19:30,11:00,1,435,,,google-flights,ok,
2026-10-01 17:11:42+0700,SUB-TPE,SUB,TPE,2026-11-05,2026-11-19,economy,6058154,IDR,Scoot,09:50,05:35,1,425,,,google-flights,ok,
2026-10-01 17:11:42+0700,SUB-TPE,SUB,TPE,2026-11-13,2026-11-27,economy,7024850,IDR,Scoot,09:50,05:35,1,425,,,google-flights,ok,
2026-10-01 17:11:42+0700,SUB-TPE,SUB,TPE,2026-11-21,2026-12-05,economy,7214755,IDR,Scoot,09:50,05:35,1,425,,,google-flights,ok,
2026-10-01 17:11:42+0700,SUB-TPE,SUB,TPE,2026-11-29,2026-12-13,economy,9109763,IDR,Scoot,19:30,05:35,1,425,,,google-flights,ok,
2026-10-01 17:11:42+0700,SUB-TPE,SUB,TPE,2026-12-07,2026-12-21,economy,11390162,IDR,Scoot,09:50,17:00,1,425,,,google-flights,ok,
2026-10-01 17:11:42+0700,SUB-TPE,SUB,TPE,2026-12-15,2026-12-29,economy,9747267,IDR,Scoot,19:30,17:00,1,425,,,google-flights,ok,
2026-10-01 17:11:42+0700,SUB-TPE,SUB,TPE,2026-12-23,2027-01-06,economy,13490564,IDR,Scoot,19:30,05:35,1,425,,,google-flights,ok,
2026-10-01 17:11:42+0700,SUB-TPE,SUB,TPE,2026-12-31,2027-01-14,economy,7217403,IDR,Scoot,09:50,05:35,1,425,,,google-flights,ok,
2026-10-01 17:11:42+0700,SUB-TPE,SUB,TPE,2027-01-08,2027-01-22,economy,5037789,IDR,Scoot,19:30,11:00,1,435,,,google-flights,ok,
2026-10-01 17:11:42+0700,SUB-TPE,SUB,TPE,2027-01-16,2027-01-30,economy,6479798,IDR,Scoot,19:30,05:35,1,425,,,google-flights,ok,
2026-10-01 17:11:42+0700,SUB-TPE,SUB,TPE,2027-01-24,2027-02-07,economy,7120054,IDR,Scoot,19:30,11:00,1,435,,,google-flights,ok,
2026-10-01 17:11:42+0700,SUB-TPE,SUB,TPE,2027-02-01,2027-02-15,economy,4901344,IDR,Scoot,09:50,11:00,1,435,,,google-flights,ok,
2026-10-01 17:11:42+0700,SUB-TPE,SUB,TPE,2027-02-09,2027-02-23,economy,10780975,IDR,Scoot,19:30,05:35,1,425,,,google-flights,ok,
2026-10-01 17:11:42+0700,SUB-TPE,SUB,TPE,2027-02-17,2027-03-03,economy,6058154,IDR,Scoot,09:50,11:00,1,435,,,google-flights,ok,
2026-10-01 17:11:42+0700,SUB-TPE,SUB,TPE,2027-02-25,2027-03-11,economy,7325629,IDR,Scoot,09:50,11:00,1,435,,,google-flights,ok,
2026-10-01 17:11:42+0700,SUB-TPE,SUB,TPE,2027-03-05,2027-03-19,economy,9251090,IDR,Scoot,19:30,13:10,1,425,,,google-flights,ok,
2026-10-01 17:11:42+0700,SUB-TPE,SUB,TPE,2027-03-13,2027-03-27,economy,9251090,IDR,Scoot,09:50,05:35,1,425,,,google-flights,ok,
2026-10-01 17:11:42+0700,SUB-TPE,SUB,TPE,2027-03-21,2027-04-04,economy,5623278,IDR,Scoot,19:30,13:15,1,430,,,google-flights,ok,
2026-10-01 17:11:42+0700,SUB-TPE,SUB,TPE,2027-03-29,2027-04-12,economy,7257944,IDR,Scoot,10:35,11:45,1,430,,,google-flights,ok,
2026-10-01 17:11:42+0700,SUB-TPE,SUB,TPE,2027-04-06,2027-04-20,economy,6483696,IDR,Scoot,19:50,17:10,1,430,,,google-flights,ok,
2026-10-01 17:11:42+0700,SUB-TPE,SUB,TPE,2027-04-14,2027-04-28,economy,5121311,IDR,Scoot,19:50,11:45,1,430,,,google-flights,ok,
2026-10-01 17:11:42+0700,SUB-TPE,SUB,TPE,2027-04-22,2027-05-06,economy,5326991,IDR,Scoot,08:35,05:45,1,430,,,google-flights,ok,
2026-10-01 17:11:42+0700,SUB-TPE,SUB,TPE,2027-04-30,2027-05-14,economy,6144324,IDR,Scoot,19:50,11:45,1,430,,,google-flights,ok,
2026-10-01 17:11:42+0700,SUB-TPE,SUB,TPE,2027-05-08,2027-05-22,economy,6146950,IDR,Scoot,19:50,17:10,1,430,,,google-flights,ok,
2026-10-01 17:11:42+0700,SUB-TPE,SUB,TPE,2027-05-16,2027-05-30,economy,5326991,IDR,Scoot,19:50,05:45,1,430,,,google-flights,ok,
2026-10-01 17:11:42+0700,SUB-TPE,SUB,TPE,2027-05-24,2027-06-07,economy,6486196,IDR,Scoot,10:35,11:45,1,430,,,google-flights,ok,
2026-10-01 17:11:42+0700,SUB-TPE,SUB,TPE,2027-06-01,2027-06-15,economy,,IDR,,,,,,,,,error,FlightsNotFound: no flights found; received error
2026-10-01 17:11:42+0700,SUB-TPE,SUB,TPE,2027-06-09,2027-06-23,economy,,IDR,,,,,,,,,error,FlightsNotFound: no flights found; received error
2026-10-01 17:11:42+0700,SUB-TPE,SUB,TPE,2027-06-17,2027-07-01,economy,,IDR,,,,,,,,,error,FlightsNotFound: no flights found; received error
2026-10-01 17:11:42+0700,SUB-TPE,SUB,TPE,2027-06-25,2027-07-09,economy,,IDR,,,,,,,,,error,FlightsNotFound: no flights found; received error
2026-10-01 17:11:42+0700,SUB-KUL,SUB,KUL,2026-10-04,2026-10-11,economy,3806990,IDR,Indonesia AirAsia,05:05,08:40,0,155,,,google-flights,ok,
2026-10-01 17:11:42+0700,SUB-KUL,SUB,KUL,2026-10-12,2026-10-19,economy,2984921,IDR,Indonesia AirAsia,07:05,10:45,0,160,,,google-flights,ok,
2026-10-01 17:11:42+0700,SUB-KUL,SUB,KUL,2026-10-20,2026-10-27,economy,3146989,IDR,Indonesia AirAsia,17:45,21:25,0,160,,,google-flights,ok,
2026-10-01 17:11:42+0700,SUB-KUL,SUB,KUL,2026-10-28,2026-11-04,economy,3640180,IDR,Batik Air,05:05,13:10,1,220,,,google-flights,ok,
2026-10-01 17:11:42+0700,SUB-KUL,SUB,KUL,2026-11-05,2026-11-12,economy,2184003,IDR,Indonesia AirAsia,04:00,07:35,0,155,,,google-flights,ok,
2026-10-01 17:11:42+0700,SUB-KUL,SUB,KUL,2026-11-13,2026-11-20,economy,2184003,IDR,Indonesia AirAsia,04:00,07:35,0,155,,,google-flights,ok,
2026-10-01 17:11:42+0700,SUB-KUL,SUB,KUL,2026-11-21,2026-11-28,economy,3343214,IDR,Malaysia Airlines,10:00,13:40,0,160,,,google-flights,ok,
2026-10-01 17:11:42+0700,SUB-KUL,SUB,KUL,2026-11-29,2026-12-06,economy,2975212,IDR,Indonesia AirAsia,16:45,20:25,0,160,,,google-flights,ok,
2026-10-01 17:11:42+0700,SUB-KUL,SUB,KUL,2026-12-07,2026-12-14,economy,4240656,IDR,Malaysia Airlines,10:00,13:40,0,160,,,google-flights,ok,
2026-10-01 17:11:42+0700,SUB-KUL,SUB,KUL,2026-12-15,2026-12-22,economy,3948426,IDR,Scoot,09:50,16:15,1,220,,,google-flights,ok,
2026-10-01 17:11:42+0700,SUB-KUL,SUB,KUL,2026-12-23,2026-12-30,economy,4188234,IDR,Indonesia AirAsia,04:00,07:35,0,155,,,google-flights,ok,
2026-10-01 17:11:42+0700,SUB-KUL,SUB,KUL,2026-12-31,2027-01-07,economy,4188234,IDR,Indonesia AirAsia,10:20,13:55,0,155,,,google-flights,ok,
2026-10-01 17:11:42+0700,SUB-KUL,SUB,KUL,2027-01-08,2027-01-15,economy,3808234,IDR,Indonesia AirAsia,04:00,07:35,0,155,,,google-flights,ok,
2026-10-01 17:11:42+0700,SUB-KUL,SUB,KUL,2027-01-16,2027-01-23,economy,3068245,IDR,Indonesia AirAsia,04:00,07:35,0,155,,,google-flights,ok,
2026-10-01 17:11:42+0700,SUB-KUL,SUB,KUL,2027-01-24,2027-01-31,economy,3068245,IDR,Indonesia AirAsia,04:00,07:35,0,155,,,google-flights,ok,
2026-10-01 17:11:42+0700,SUB-KUL,SUB,KUL,2027-02-01,2027-02-08,economy,3288559,IDR,Indonesia AirAsia,04:00,07:35,0,155,,,google-flights,ok,
2026-10-01 17:11:42+0700,SUB-SIN,SUB,SIN,2026-10-09,2026-10-16,economy,4277379,IDR,Citilink Indonesia,07:35,20:00,1,205,,,google-flights,ok,
2026-10-01 17:11:42+0700,SUB-SIN,SUB,SIN,2026-10-17,2026-10-24,economy,4876052,IDR,Indonesia AirAsia/AirAsia,05:05,11:35,1,230,,,google-flights,ok,
2026-10-01 17:11:42+0700,SUB-SIN,SUB,SIN,2026-10-25,2026-11-01,economy,4558608,IDR,Indonesia AirAsia/AirAsia,04:00,10:20,1,230,,,google-flights,ok,
2026-10-01 17:11:42+0700,SUB-SIN,SUB,SIN,2026-11-02,2026-11-09,economy,4638778,IDR,Indonesia AirAsia/AirAsia,13:25,19:40,1,240,,,google-flights,ok,
2026-10-01 17:11:42+0700,SUB-SIN,SUB,SIN,2026-11-10,2026-11-17,economy,4827268,IDR,Indonesia AirAsia/AirAsia,04:00,10:20,1,230,,,google-flights,ok,
2026-10-01 17:11:42+0700,SUB-SIN,SUB,SIN,2026-11-18,2026-11-25,economy,4445919,IDR,Indonesia AirAsia/AirAsia,04:00,10:20,1,230,,,google-flights,ok,
2026-10-01 17:11:42+0700,SUB-SIN,SUB,SIN,2026-11-26,2026-12-03,economy,4919002,IDR,Indonesia AirAsia/AirAsia,04:00,10:20,1,230,,,google-flights,ok,
2026-10-01 17:11:42+0700,SUB-SIN,SUB,SIN,2026-12-04,2026-12-11,economy,6738571,IDR,Garuda Indonesia,11:10,18:25,1,205,,,google-flights,ok,
2026-10-01 17:11:42+0700,SUB-SIN,SUB,SIN,2026-12-12,2026-12-19,economy,6425571,IDR,Garuda Indonesia,08:20,14:25,1,200,,,google-flights,ok,
2026-10-01 17:11:42+0700,SUB-SIN,SUB,SIN,2026-12-20,2026-12-27,economy,6397353,IDR,Garuda Indonesia,16:00,16:45,1,225,,,google-flights,ok,
2026-10-01 17:11:42+0700,SUB-SIN,SUB,SIN,2026-12-28,2027-01-04,economy,,IDR,,,,,,,,,error,IndexError: list index out of range
2026-10-01 17:11:42+0700,SUB-SIN,SUB,SIN,2027-01-05,2027-01-12,economy,6420971,IDR,Garuda Indonesia,11:10,18:25,1,205,,,google-flights,ok,
2026-10-01 17:11:42+0700,SUB-SIN,SUB,SIN,2027-01-13,2027-01-20,economy,5371175,IDR,Indonesia AirAsia/AirAsia,04:00,10:20,1,230,,,google-flights,ok,
2026-10-01 17:11:42+0700,SUB-SIN,SUB,SIN,2027-01-21,2027-01-28,economy,5385175,IDR,Indonesia AirAsia/AirAsia,04:00,10:20,1,230,,,google-flights,ok,
2026-10-01 17:11:42+0700,SUB-SIN,SUB,SIN,2027-01-29,2027-02-05,economy,,IDR,,,,,,,,,error,IndexError: list index out of range
2026-10-01 20:13:33+0700,DPS-MEL,DPS,MEL,2026-10-08,2026-10-22,economy,,IDR,,,,,,,,,error,IndexError: list index out of range
2026-10-01 20:13:33+0700,DPS-MEL,DPS,MEL,2026-10-16,2026-10-30,economy,,IDR,,,,,,,,,error,IndexError: list index out of range
2026-10-01 20:13:33+0700,DPS-MEL,DPS,MEL,2026-10-24,2026-11-07,economy,,IDR,,,,,,,,,error,IndexError: list index out of range
2026-10-01 20:13:33+0700,DPS-MEL,DPS,MEL,2026-11-01,2026-11-15,economy,11160024,IDR,Jetstar,14:55,23:35,0,340,,,google-flights,ok,
2026-10-01 20:13:33+0700,DPS-MEL,DPS,MEL,2026-11-09,2026-11-23,economy,10746782,IDR,Virgin Australia,23:20,20:10,2,530,,,google-flights,ok,
2026-10-01 20:13:33+0700,DPS-MEL,DPS,MEL,2026-11-17,2026-12-01,economy,10140682,IDR,Virgin Australia,22:30,11:35,1,465,,,google-flights,ok,
2026-10-01 20:13:33+0700,DPS-MEL,DPS,MEL,2026-11-25,2026-12-09,economy,9025866,IDR,Jetstar,14:55,23:35,0,340,,,google-flights,ok,
2026-10-01 20:13:33+0700,DPS-MEL,DPS,MEL,2026-12-03,2026-12-17,economy,,IDR,,,,,,,,,error,FlightsNotFound: no flights found; received error
2026-10-01 20:13:33+0700,DPS-MEL,DPS,MEL,2026-12-11,2026-12-25,economy,,IDR,,,,,,,,,error,FlightsNotFound: no flights found; received error
2026-10-01 20:13:33+0700,DPS-MEL,DPS,MEL,2026-12-19,2027-01-02,economy,7951104,IDR,Jetstar,11:30,20:10,0,340,,,google-flights,ok,
2026-10-01 20:13:33+0700,DPS-MEL,DPS,MEL,2026-12-27,2027-01-10,economy,7568027,IDR,Jetstar,11:30,20:10,0,340,,,google-flights,ok,
2026-10-01 20:13:33+0700,DPS-MEL,DPS,MEL,2027-01-04,2027-01-18,economy,11697075,IDR,Garuda Indonesia,20:40,11:50,1,510,,,google-flights,ok,
2026-10-01 20:13:33+0700,DPS-MEL,DPS,MEL,2027-01-12,2027-01-26,economy,10069166,IDR,Virgin Australia,22:00,06:40,0,340,,,google-flights,ok,
2026-10-01 20:13:33+0700,DPS-MEL,DPS,MEL,2027-01-20,2027-02-03,economy,9375698,IDR,Jetstar,14:55,23:35,0,340,,,google-flights,ok,
2026-10-01 20:13:33+0700,DPS-MEL,DPS,MEL,2027-01-28,2027-02-11,economy,8179392,IDR,Jetstar,11:30,20:10,0,340,,,google-flights,ok,
2026-10-01 20:13:33+0700,SUB-TPE,SUB,TPE,2026-10-05,2026-10-19,economy,13765879,IDR,Scoot,10:35,05:45,1,430,,,google-flights,ok,
2026-10-01 20:13:33+0700,SUB-TPE,SUB,TPE,2026-10-13,2026-10-27,economy,,IDR,,,,,,,,,error,FlightsNotFound: no flights found; received error
2026-10-01 20:13:33+0700,SUB-TPE,SUB,TPE,2026-10-21,2026-11-04,economy,5243364,IDR,Scoot,19:50,05:45,1,430,,,google-flights,ok,
2026-10-01 20:13:33+0700,SUB-TPE,SUB,TPE,2026-10-29,2026-11-12,economy,5582736,IDR,Scoot,09:50,05:35,1,425,,,google-flights,ok,
2026-10-01 20:13:33+0700,SUB-TPE,SUB,TPE,2026-11-06,2026-11-20,economy,7844727,IDR,Scoot,19:30,05:35,1,425,,,google-flights,ok,
2026-10-01 20:13:33+0700,SUB-TPE,SUB,TPE,2026-11-14,2026-11-28,economy,5037684,IDR,Scoot,19:30,05:35,1,425,,,google-flights,ok,
2026-10-01 20:13:33+0700,SUB-TPE,SUB,TPE,2026-11-22,2026-12-06,economy,8469403,IDR,Scoot,09:50,05:35,1,425,,,google-flights,ok,
2026-10-01 20:13:33+0700,SUB-TPE,SUB,TPE,2026-11-30,2026-12-14,economy,,IDR,,,,,,,,,error,FlightsNotFound: no flights found; received error
2026-10-01 20:13:33+0700,SUB-TPE,SUB,TPE,2026-12-08,2026-12-22,economy,9881062,IDR,Scoot,09:50,17:00,1,425,,,google-flights,ok,
2026-10-01 20:13:33+0700,SUB-TPE,SUB,TPE,2026-12-16,2026-12-30,economy,10518565,IDR,Scoot,19:30,05:35,1,425,,,google-flights,ok,
2026-10-01 20:13:33+0700,SUB-TPE,SUB,TPE,2026-12-24,2027-01-07,economy,13493108,IDR,Scoot,09:50,05:35,1,425,,,google-flights,ok,
2026-10-01 20:13:33+0700,SUB-TPE,SUB,TPE,2027-01-01,2027-01-15,economy,,IDR,,,,,,,,,error,FlightsNotFound: no flights found; received error
2026-10-01 20:13:33+0700,SUB-TPE,SUB,TPE,2027-01-09,2027-01-23,economy,5852474,IDR,Scoot,19:30,05:35,1,425,,,google-flights,ok,
2026-10-01 20:13:33+0700,SUB-TPE,SUB,TPE,2027-01-17,2027-01-31,economy,7117301,IDR,Scoot,19:30,05:35,1,425,,,google-flights,ok,
2026-10-01 20:13:33+0700,SUB-TPE,SUB,TPE,2027-01-25,2027-02-08,economy,6685373,IDR,Scoot,09:50,11:00,1,435,,,google-flights,ok,
2026-10-01 20:13:33+0700,SUB-TPE,SUB,TPE,2027-02-02,2027-02-16,economy,4698417,IDR,Scoot,19:30,11:00,1,435,,,google-flights,ok,
2026-10-01 20:13:33+0700,SUB-TPE,SUB,TPE,2027-02-10,2027-02-24,economy,11120243,IDR,Scoot,19:30,05:35,1,425,,,google-flights,ok,
2026-10-01 20:13:33+0700,SUB-TPE,SUB,TPE,2027-02-18,2027-03-04,economy,,IDR,,,,,,,,,error,FlightsNotFound: no flights found; received error
2026-10-01 20:13:33+0700,SUB-TPE,SUB,TPE,2027-02-26,2027-03-12,economy,8479687,IDR,Scoot,09:50,13:10,1,425,,,google-flights,ok,
2026-10-01 20:13:33+0700,SUB-TPE,SUB,TPE,2027-03-06,2027-03-20,economy,9881062,IDR,Scoot,19:30,05:35,1,425,,,google-flights,ok,
2026-10-01 20:13:33+0700,SUB-TPE,SUB,TPE,2027-03-14,2027-03-28,economy,10516022,IDR,Scoot,19:30,05:35,1,425,,,google-flights,ok,
2026-10-01 20:13:33+0700,SUB-TPE,SUB,TPE,2027-03-22,2027-04-05,economy,7260570,IDR,Scoot,09:50,11:00,1,435,,,google-flights,ok,
2026-10-01 20:13:33+0700,SUB-TPE,SUB,TPE,2027-03-30,2027-04-13,economy,5283801,IDR,Scoot,19:50,05:45,1,430,,,google-flights,ok,
2026-10-01 20:13:33+0700,SUB-TPE,SUB,TPE,2027-04-07,2027-04-21,economy,5123810,IDR,Scoot,19:50,14:15,1,430,,,google-flights,ok,
2026-10-01 20:13:33+0700,SUB-TPE,SUB,TPE,2027-04-15,2027-04-29,economy,7113646,IDR,Scoot,08:35,05:45,1,430,,,google-flights,ok,
2026-10-01 20:13:33+0700,SUB-TPE,SUB,TPE,2027-04-23,2027-05-07,economy,4781939,IDR,Scoot,19:50,05:45,1,430,,,google-flights,ok,
2026-10-01 20:13:33+0700,SUB-TPE,SUB,TPE,2027-05-01,2027-05-15,economy,4990118,IDR,Scoot,19:50,17:10,1,430,,,google-flights,ok,
2026-10-01 20:13:33+0700,SUB-TPE,SUB,TPE,2027-05-09,2027-05-23,economy,6771648,IDR,Scoot,19:50,17:10,1,430,,,google-flights,ok,
2026-10-01 20:13:33+0700,SUB-TPE,SUB,TPE,2027-05-17,2027-05-31,economy,6483696,IDR,Scoot,10:35,11:45,1,430,,,google-flights,ok,
2026-10-01 20:13:33+0700,SUB-TPE,SUB,TPE,2027-05-25,2027-06-08,economy,4576259,IDR,Scoot,19:50,17:10,1,430,,,google-flights,ok,
2026-10-01 20:13:33+0700,SUB-TPE,SUB,TPE,2027-06-02,2027-06-16,economy,5121311,IDR,Scoot,19:50,05:45,1,430,,,google-flights,ok,
2026-10-01 20:13:33+0700,SUB-TPE,SUB,TPE,2027-06-10,2027-06-24,economy,5668989,IDR,Scoot,08:35,05:45,1,430,,,google-flights,ok,
2026-10-01 20:13:33+0700,SUB-TPE,SUB,TPE,2027-06-18,2027-07-02,economy,,IDR,,,,,,,,,error,FlightsNotFound: no flights found; received error
2026-10-01 20:13:33+0700,SUB-TPE,SUB,TPE,2027-06-26,2027-07-10,economy,5121184,IDR,Scoot,19:50,17:10,1,430,,,google-flights,ok,
2026-10-01 20:13:33+0700,SUB-KUL,SUB,KUL,2026-10-05,2026-10-12,economy,4873679,IDR,Citilink Indonesia,11:25,19:10,1,230,,,google-flights,ok,
2026-10-01 20:13:33+0700,SUB-KUL,SUB,KUL,2026-10-13,2026-10-20,economy,2984921,IDR,Indonesia AirAsia,11:20,15:00,0,160,,,google-flights,ok,
2026-10-01 20:13:33+0700,SUB-KUL,SUB,KUL,2026-10-21,2026-10-28,economy,2184003,IDR,Indonesia AirAsia,11:20,15:00,0,160,,,google-flights,ok,
2026-10-01 20:13:33+0700,SUB-KUL,SUB,KUL,2026-10-29,2026-11-05,economy,2724282,IDR,Indonesia AirAsia,04:00,07:35,0,155,,,google-flights,ok,
2026-10-01 20:13:33+0700,SUB-KUL,SUB,KUL,2026-11-06,2026-11-13,economy,2235013,IDR,Indonesia AirAsia,10:20,13:55,0,155,,,google-flights,ok,
2026-10-01 20:13:33+0700,SUB-KUL,SUB,KUL,2026-11-14,2026-11-21,economy,2184003,IDR,Indonesia AirAsia,10:20,13:55,0,155,,,google-flights,ok,
2026-10-01 20:13:33+0700,SUB-KUL,SUB,KUL,2026-11-22,2026-11-29,economy,2184003,IDR,Indonesia AirAsia,13:25,17:05,0,160,,,google-flights,ok,
2026-10-01 20:13:33+0700,SUB-KUL,SUB,KUL,2026-11-30,2026-12-07,economy,4242107,IDR,Malaysia Airlines,18:05,21:45,0,160,,,google-flights,ok,
2026-10-01 20:13:33+0700,SUB-KUL,SUB,KUL,2026-12-08,2026-12-15,economy,3288559,IDR,Indonesia AirAsia,16:45,20:25,0,160,,,google-flights,ok,
2026-10-01 20:13:33+0700,SUB-KUL,SUB,KUL,2026-12-16,2026-12-23,economy,4778568,IDR,Malaysia Airlines,10:00,13:40,0,160,,,google-flights,ok,
2026-10-01 20:13:33+0700,SUB-KUL,SUB,KUL,2026-12-24,2026-12-31,economy,4188234,IDR,Indonesia AirAsia,04:00,07:35,0,155,,,google-flights,ok,
2026-10-01 20:13:33+0700,SUB-KUL,SUB,KUL,2027-01-01,2027-01-08,economy,3808234,IDR,Indonesia AirAsia,04:00,07:35,0,155,,,google-flights,ok,
2026-10-01 20:13:33+0700,SUB-KUL,SUB,KUL,2027-01-09,2027-01-16,economy,3587920,IDR,Indonesia AirAsia,04:00,07:35,0,155,,,google-flights,ok,
2026-10-01 20:13:33+0700,SUB-KUL,SUB,KUL,2027-01-17,2027-01-24,economy,3068245,IDR,Indonesia AirAsia,04:00,07:35,0,155,,,google-flights,ok,
2026-10-01 20:13:33+0700,SUB-KUL,SUB,KUL,2027-01-25,2027-02-01,economy,3288559,IDR,Indonesia AirAsia,04:00,07:35,0,155,,,google-flights,ok,
2026-10-01 20:13:33+0700,SUB-SIN,SUB,SIN,2026-10-02,2026-10-09,economy,6027360,IDR,Lion/Batik Air,06:30,13:45,1,195,,,google-flights,ok,
2026-10-01 20:13:33+0700,SUB-SIN,SUB,SIN,2026-10-10,2026-10-17,economy,4882360,IDR,Lion/Batik Air,06:30,13:45,1,195,,,google-flights,ok,
2026-10-01 20:13:33+0700,SUB-SIN,SUB,SIN,2026-10-18,2026-10-25,economy,,IDR,,,,,,,,,error,FlightsNotFound: no flights found; received error
2026-10-01 20:13:33+0700,SUB-SIN,SUB,SIN,2026-10-26,2026-11-02,economy,4893009,IDR,Indonesia AirAsia/AirAsia,13:25,19:40,1,240,,,google-flights,ok,
2026-10-01 20:13:33+0700,SUB-SIN,SUB,SIN,2026-11-03,2026-11-10,economy,4192672,IDR,Indonesia AirAsia/AirAsia,13:25,19:40,1,240,,,google-flights,ok,
2026-10-01 20:13:33+0700,SUB-SIN,SUB,SIN,2026-11-11,2026-11-18,economy,4192672,IDR,Indonesia AirAsia/AirAsia,13:25,19:40,1,240,,,google-flights,ok,
2026-10-01 20:13:33+0700,SUB-SIN,SUB,SIN,2026-11-19,2026-11-26,economy,4445919,IDR,Indonesia AirAsia/AirAsia,13:25,19:40,1,240,,,google-flights,ok,
2026-10-01 20:13:33+0700,SUB-SIN,SUB,SIN,2026-11-27,2026-12-04,economy,5601891,IDR,Malaysia Airlines,18:05,00:30,1,230,,,google-flights,ok,
2026-10-01 20:13:33+0700,SUB-SIN,SUB,SIN,2026-12-05,2026-12-12,economy,6292480,IDR,Garuda Indonesia,11:10,18:25,1,205,,,google-flights,ok,
2026-10-01 20:13:33+0700,SUB-SIN,SUB,SIN,2026-12-13,2026-12-20,economy,5923891,IDR,Malaysia Airlines,18:05,09:05,1,235,,,google-flights,ok,
2026-10-01 20:13:33+0700,SUB-SIN,SUB,SIN,2026-12-21,2026-12-28,economy,4972153,IDR,Garuda Indonesia,16:00,16:45,1,225,,,google-flights,ok,
2026-10-01 20:13:33+0700,SUB-SIN,SUB,SIN,2026-12-29,2027-01-05,economy,6259991,IDR,Malaysia Airlines,18:05,00:30,1,230,,,google-flights,ok,
2026-10-01 20:13:33+0700,SUB-SIN,SUB,SIN,2027-01-06,2027-01-13,economy,6306580,IDR,Garuda Indonesia,11:10,18:25,1,205,,,google-flights,ok,
2026-10-01 20:13:33+0700,SUB-SIN,SUB,SIN,2027-01-14,2027-01-21,economy,5592511,IDR,Indonesia AirAsia/AirAsia,04:00,10:20,1,230,,,google-flights,ok,
2026-10-01 20:13:33+0700,SUB-SIN,SUB,SIN,2027-01-22,2027-01-29,economy,5615991,IDR,Malaysia Airlines,18:05,00:30,1,230,,,google-flights,ok,
2026-10-01 20:13:33+0700,SUB-SIN,SUB,SIN,2027-01-30,2027-02-06,economy,,IDR,,,,,,,,,error,IndexError: list index out of range
2026-10-01 23:10:20+0700,DPS-MEL,DPS,MEL,2026-10-09,2026-10-23,economy,,IDR,,,,,,,,,error,IndexError: list index out of range
2026-10-01 23:10:20+0700,DPS-MEL,DPS,MEL,2026-10-17,2026-10-31,economy,,IDR,,,,,,,,,error,IndexError: list index out of range
2026-10-01 23:10:20+0700,DPS-MEL,DPS,MEL,2026-10-25,2026-11-08,economy,12411082,IDR,Virgin Australia,22:30,11:35,1,465,,,google-flights,ok,
2026-10-01 23:10:20+0700,DPS-MEL,DPS,MEL,2026-11-02,2026-11-16,economy,9090617,IDR,Virgin Australia,23:20,22:00,1,490,,,google-flights,ok,
2026-10-01 23:10:20+0700,DPS-MEL,DPS,MEL,2026-11-10,2026-11-24,economy,,IDR,,,,,,,,,error,FlightsNotFound: no flights found; received error
2026-10-01 23:10:20+0700,DPS-MEL,DPS,MEL,2026-11-18,2026-12-02,economy,7468469,IDR,Scoot,11:10,21:20,1,605,,,google-flights,ok,
2026-10-01 23:10:20+0700,DPS-MEL,DPS,MEL,2026-11-26,2026-12-10,economy,9880282,IDR,Virgin Australia,15:50,00:30,0,340,,,google-flights,ok,
2026-10-01 23:10:20+0700,DPS-MEL,DPS,MEL,2026-12-04,2026-12-18,economy,13376351,IDR,Virgin Australia,15:50,00:30,0,340,,,google-flights,ok,
2026-10-01 23:10:20+0700,DPS-MEL,DPS,MEL,2026-12-12,2026-12-26,economy,15243281,IDR,Jetstar,14:55,23:35,0,340,,,google-flights,ok,
2026-10-01 23:10:20+0700,DPS-MEL,DPS,MEL,2026-12-20,2027-01-03,economy,9108558,IDR,Jetstar,20:20,04:55,0,335,,,google-flights,ok,
2026-10-01 23:10:20+0700,DPS-MEL,DPS,MEL,2026-12-28,2027-01-11,economy,7556451,IDR,Jetstar,11:30,20:10,0,340,,,google-flights,ok,
2026-10-01 23:10:20+0700,DPS-MEL,DPS,MEL,2027-01-05,2027-01-19,economy,12146392,IDR,Jetstar,14:55,23:35,0,340,,,google-flights,ok,
2026-10-01 23:10:20+0700,DPS-MEL,DPS,MEL,2027-01-13,2027-01-27,economy,10907392,IDR,Jetstar,11:30,20:10,0,340,,,google-flights,ok,
2026-10-01 23:10:20+0700,DPS-MEL,DPS,MEL,2027-01-21,2027-02-04,economy,9297617,IDR,Virgin Australia,15:50,00:30,0,340,,,google-flights,ok,
2026-10-01 23:10:20+0700,DPS-MEL,DPS,MEL,2027-01-29,2027-02-12,economy,7520617,IDR,Virgin Australia,15:50,00:30,0,340,,,google-flights,ok,
2026-10-01 23:10:20+0700,SUB-TPE,SUB,TPE,2026-10-06,2026-10-20,economy,5037684,IDR,Scoot,19:50,17:10,1,430,,,google-flights,ok,
2026-10-01 23:10:20+0700,SUB-TPE,SUB,TPE,2026-10-14,2026-10-28,economy,5855018,IDR,Scoot,19:50,14:15,1,430,,,google-flights,ok,
2026-10-01 23:10:20+0700,SUB-TPE,SUB,TPE,2026-10-22,2026-11-05,economy,5037684,IDR,Scoot,10:35,17:10,1,430,,,google-flights,ok,
2026-10-01 23:10:20+0700,SUB-TPE,SUB,TPE,2026-10-30,2026-11-13,economy,5243364,IDR,Scoot,19:30,11:00,1,435,,,google-flights,ok,
2026-10-01 23:10:20+0700,SUB-TPE,SUB,TPE,2026-11-07,2026-11-21,economy,5582736,IDR,Scoot,09:50,05:35,1,425,,,google-flights,ok,
2026-10-01 23:10:20+0700,SUB-TPE,SUB,TPE,2026-11-15,2026-11-29,economy,7027394,IDR,Scoot,09:50,05:35,1,425,,,google-flights,ok,
2026-10-01 23:10:20+0700,SUB-TPE,SUB,TPE,2026-11-23,2026-12-07,economy,7844727,IDR,Scoot,09:50,05:35,1,425,,,google-flights,ok,
2026-10-01 23:10:20+0700,SUB-TPE,SUB,TPE,2026-12-01,2026-12-15,economy,8482335,IDR,Scoot,09:50,17:00,1,425,,,google-flights,ok,
2026-10-01 23:10:20+0700,SUB-TPE,SUB,TPE,2026-12-09,2026-12-23,economy,10518565,IDR,Scoot,19:30,05:35,1,425,,,google-flights,ok,
2026-10-01 23:10:20+0700,SUB-TPE,SUB,TPE,2026-12-17,2026-12-31,economy,12164004,IDR,Scoot,09:50,17:00,1,425,,,google-flights,ok,
2026-10-01 23:10:20+0700,SUB-TPE,SUB,TPE,2026-12-25,2027-01-08,economy,12863136,IDR,Scoot,19:30,05:35,1,425,,,google-flights,ok,
2026-10-01 23:10:20+0700,SUB-TPE,SUB,TPE,2027-01-02,2027-01-16,economy,4698312,IDR,Scoot,19:30,13:10,1,425,,,google-flights,ok,
2026-10-01 23:10:20+0700,SUB-TPE,SUB,TPE,2027-01-10,2027-01-24,economy,5855017,IDR,Scoot,19:30,05:35,1,425,,,google-flights,ok,
2026-10-01 23:10:20+0700,SUB-TPE,SUB,TPE,2027-01-18,2027-02-01,economy,6058154,IDR,Scoot,09:50,11:00,1,435,,,google-flights,ok,
2026-10-01 23:10:20+0700,SUB-TPE,SUB,TPE,2027-01-26,2027-02-09,economy,6482341,IDR,Scoot,19:30,11:00,1,435,,,google-flights,ok,
2026-10-01 23:10:20+0700,SUB-TPE,SUB,TPE,2027-02-03,2027-02-17,economy,5035036,IDR,Scoot,19:30,05:35,1,425,,,google-flights,ok,
2026-10-01 23:10:20+0700,SUB-TPE,SUB,TPE,2027-02-11,2027-02-25,economy,11937680,IDR,Scoot,09:50,05:35,1,425,,,google-flights,ok,
2026-10-01 23:10:20+0700,SUB-TPE,SUB,TPE,2027-02-19,2027-03-05,economy,5037789,IDR,Scoot,19:30,11:00,1,435,,,google-flights,ok,
2026-10-01 23:10:20+0700,SUB-TPE,SUB,TPE,2027-02-27,2027-03-13,economy,10515917,IDR,Scoot,19:30,05:35,1,425,,,google-flights,ok,
2026-10-01 23:10:20+0700,SUB-TPE,SUB,TPE,2027-03-07,2027-03-21,economy,10752554,IDR,Scoot,19:30,11:00,1,435,,,google-flights,ok,
2026-10-01 23:10:20+0700,SUB-TPE,SUB,TPE,2027-03-15,2027-03-29,economy,10518670,IDR,Scoot,09:50,05:35,1,425,,,google-flights,ok,
2026-10-01 23:10:20+0700,SUB-TPE,SUB,TPE,2027-03-23,2027-04-06,economy,4738749,IDR,Scoot,19:30,11:00,1,435,,,google-flights,ok,
2026-10-01 23:10:20+0700,SUB-TPE,SUB,TPE,2027-03-31,2027-04-14,economy,6146950,IDR,Scoot,19:50,11:45,1,430,,,google-flights,ok,
2026-10-01 23:10:20+0700,SUB-TPE,SUB,TPE,2027-04-08,2027-04-22,economy,6483569,IDR,Scoot,08:35,05:45,1,430,,,google-flights,ok,
2026-10-01 23:10:20+0700,SUB-TPE,SUB,TPE,2027-04-16,2027-04-30,economy,7203576,IDR,Scoot,19:50,05:45,1,430,,,google-flights,ok,
2026-10-01 23:10:20+0700,SUB-TPE,SUB,TPE,2027-04-24,2027-05-08,economy,5329490,IDR,Scoot,19:50,17:10,1,430,,,google-flights,ok,
2026-10-01 23:10:20+0700,SUB-TPE,SUB,TPE,2027-05-02,2027-05-16,economy,5326991,IDR,Scoot,19:50,05:45,1,430,,,google-flights,ok,
2026-10-01 23:10:20+0700,SUB-TPE,SUB,TPE,2027-05-10,2027-05-24,economy,8565835,IDR,Scoot,10:35,11:45,1,430,,,google-flights,ok,
2026-10-01 23:10:20+0700,SUB-TPE,SUB,TPE,2027-05-18,2027-06-01,economy,4342353,IDR,Scoot,19:50,17:10,1,430,,,google-flights,ok,
2026-10-01 23:10:20+0700,SUB-TPE,SUB,TPE,2027-05-26,2027-06-09,economy,5121184,IDR,Scoot,19:50,11:45,1,430,,,google-flights,ok,
2026-10-01 23:10:20+0700,SUB-TPE,SUB,TPE,2027-06-03,2027-06-17,economy,5666236,IDR,Scoot,08:35,05:45,1,430,,,google-flights,ok,
2026-10-01 23:10:20+0700,SUB-TPE,SUB,TPE,2027-06-11,2027-06-25,economy,5326991,IDR,Scoot,19:50,14:15,1,430,,,google-flights,ok,
2026-10-01 23:10:20+0700,SUB-TPE,SUB,TPE,2027-06-19,2027-07-03,economy,5329617,IDR,Scoot,19:50,17:10,1,430,,,google-flights,ok,
2026-10-01 23:10:20+0700,SUB-TPE,SUB,TPE,2027-06-27,2027-07-11,economy,4784565,IDR,Scoot,19:50,17:10,1,430,,,google-flights,ok,
2026-10-01 23:10:20+0700,SUB-KUL,SUB,KUL,2026-10-06,2026-10-13,economy,3644922,IDR,Indonesia AirAsia,17:45,21:25,0,160,,,google-flights,ok,
2026-10-01 23:10:20+0700,SUB-KUL,SUB,KUL,2026-10-14,2026-10-21,economy,2363931,IDR,Indonesia AirAsia,07:05,10:45,0,160,,,google-flights,ok,
2026-10-01 23:10:20+0700,SUB-KUL,SUB,KUL,2026-10-22,2026-10-29,economy,2184003,IDR,Indonesia AirAsia,17:45,21:25,0,160,,,google-flights,ok,
2026-10-01 23:10:20+0700,SUB-KUL,SUB,KUL,2026-10-30,2026-11-06,economy,3146989,IDR,Indonesia AirAsia,13:25,17:05,0,160,,,google-flights,ok,
2026-10-01 23:10:20+0700,SUB-KUL,SUB,KUL,2026-11-07,2026-11-14,economy,3344481,IDR,Malaysia Airlines,10:00,13:40,0,160,,,google-flights,ok,
2026-10-01 23:10:20+0700,SUB-KUL,SUB,KUL,2026-11-15,2026-11-22,economy,3741399,IDR,Malaysia Airlines,10:00,13:40,0,160,,,google-flights,ok,
2026-10-01 23:10:20+0700,SUB-KUL,SUB,KUL,2026-11-23,2026-11-30,economy,3642475,IDR,Malaysia Airlines,18:05,21:45,0,160,,,google-flights,ok,
2026-10-01 23:10:20+0700,SUB-KUL,SUB,KUL,2026-12-01,2026-12-08,economy,3948531,IDR,Scoot,09:50,16:15,1,220,,,google-flights,ok,
2026-10-01 23:10:20+0700,SUB-KUL,SUB,KUL,2026-12-09,2026-12-16,economy,4380989,IDR,Malaysia Airlines,10:00,13:40,0,160,,,google-flights,ok,
2026-10-01 23:10:20+0700,SUB-KUL,SUB,KUL,2026-12-17,2026-12-24,economy,4781206,IDR,Malaysia Airlines,10:00,13:40,0,160,,,google-flights,ok,
2026-10-01 23:10:20+0700,SUB-KUL,SUB,KUL,2026-12-25,2027-01-01,economy,4188234,IDR,Indonesia AirAsia,04:00,07:35,0,155,,,google-flights,ok,
2026-10-01 23:10:20+0700,SUB-KUL,SUB,KUL,2027-01-02,2027-01-09,economy,3651704,IDR,Indonesia AirAsia,04:00,07:35,0,155,,,google-flights,ok,
2026-10-01 23:10:20+0700,SUB-KUL,SUB,KUL,2027-01-10,2027-01-17,economy,3587920,IDR,Indonesia AirAsia,04:00,07:35,0,155,,,google-flights,ok,
2026-10-01 23:10:20+0700,SUB-KUL,SUB,KUL,2027-01-18,2027-01-25,economy,3948531,IDR,Scoot,09:50,16:15,1,220,,,google-flights,ok,
2026-10-01 23:10:20+0700,SUB-KUL,SUB,KUL,2027-01-26,2027-02-02,economy,3288559,IDR,Indonesia AirAsia,04:00,07:35,0,155,,,google-flights,ok,
2026-10-01 23:10:20+0700,SUB-SIN,SUB,SIN,2026-10-03,2026-10-10,economy,4351658,IDR,Lion/Batik Air,07:40,20:30,1,195,,,google-flights,ok,
2026-10-01 23:10:20+0700,SUB-SIN,SUB,SIN,2026-10-11,2026-10-18,economy,5046881,IDR,Indonesia AirAsia/AirAsia,05:05,11:35,1,230,,,google-flights,ok,
2026-10-01 23:10:20+0700,SUB-SIN,SUB,SIN,2026-10-19,2026-10-26,economy,4563740,IDR,Indonesia AirAsia/AirAsia,05:05,11:35,1,230,,,google-flights,ok,
2026-10-01 23:10:20+0700,SUB-SIN,SUB,SIN,2026-10-27,2026-11-03,economy,4192672,IDR,Indonesia AirAsia/AirAsia,13:25,19:40,1,240,,,google-flights,ok,
2026-10-01 23:10:20+0700,SUB-SIN,SUB,SIN,2026-11-04,2026-11-11,economy,3583677,IDR,Indonesia AirAsia/AirAsia,13:25,19:40,1,240,,,google-flights,ok,
2026-10-01 23:10:20+0700,SUB-SIN,SUB,SIN,2026-11-12,2026-11-19,economy,4318072,IDR,Indonesia AirAsia/AirAsia,04:00,11:35,1,230,,,google-flights,ok,
2026-10-01 23:10:20+0700,SUB-SIN,SUB,SIN,2026-11-20,2026-11-27,economy,5197772,IDR,Indonesia AirAsia/AirAsia,13:25,19:40,1,240,,,google-flights,ok,
2026-10-01 23:10:20+0700,SUB-SIN,SUB,SIN,2026-11-28,2026-12-05,economy,5118922,IDR,Indonesia AirAsia/AirAsia,04:00,10:20,1,230,,,google-flights,ok,
2026-10-01 23:10:20+0700,SUB-SIN,SUB,SIN,2026-12-06,2026-12-13,economy,5601891,IDR,Malaysia Airlines,18:05,00:30,1,230,,,google-flights,ok,
2026-10-01 23:10:20+0700,SUB-SIN,SUB,SIN,2026-12-14,2026-12-21,economy,5923891,IDR,Malaysia Airlines,18:05,09:05,1,235,,,google-flights,ok,
2026-10-01 23:10:20+0700,SUB-SIN,SUB,SIN,2026-12-22,2026-12-29,economy,6212353,IDR,Garuda Indonesia,09:20,16:45,1,225,,,google-flights,ok,
2026-10-01 23:10:20+0700,SUB-SIN,SUB,SIN,2026-12-30,2027-01-06,economy,6259991,IDR,Malaysia Airlines,15:50,00:30,1,230,,,google-flights,ok,
2026-10-01 23:10:20+0700,SUB-SIN,SUB,SIN,2027-01-07,2027-01-14,economy,6306580,IDR,Garuda Indonesia,11:10,18:25,1,205,,,google-flights,ok,
2026-10-01 23:10:20+0700,SUB-SIN,SUB,SIN,2027-01-15,2027-01-22,economy,6052016,IDR,Indonesia AirAsia/AirAsia,13:25,19:40,1,240,,,google-flights,ok,
2026-10-01 23:10:20+0700,SUB-SIN,SUB,SIN,2027-01-23,2027-01-30,economy,,IDR,,,,,,,,,error,IndexError: list index out of range
2026-10-01 23:10:20+0700,SUB-SIN,SUB,SIN,2027-01-31,2027-02-07,economy,,IDR,,,,,,,,,error,IndexError: list index out of range
2026-10-02 02:10:04+0700,DPS-MEL,DPS,MEL,2026-10-03,2026-10-17,economy,,IDR,,,,,,,,,error,IndexError: list index out of range
2026-10-02 02:10:04+0700,DPS-MEL,DPS,MEL,2026-10-11,2026-10-25,economy,,IDR,,,,,,,,,error,IndexError: list index out of range
2026-10-02 02:10:04+0700,DPS-MEL,DPS,MEL,2026-10-19,2026-11-02,economy,,IDR,,,,,,,,,error,IndexError: list index out of range
2026-10-02 02:10:04+0700,DPS-MEL,DPS,MEL,2026-10-27,2026-11-10,economy,11434483,IDR,Jetstar,11:30,20:10,0,340,,,google-flights,ok,
2026-10-02 02:10:04+0700,DPS-MEL,DPS,MEL,2026-11-04,2026-11-18,economy,11064282,IDR,Virgin Australia,22:30,11:05,1,465,,,google-flights,ok,
2026-10-02 02:10:04+0700,DPS-MEL,DPS,MEL,2026-11-12,2026-11-26,economy,9447413,IDR,Jetstar,11:30,20:10,0,340,,,google-flights,ok,
2026-10-02 02:10:04+0700,DPS-MEL,DPS,MEL,2026-11-20,2026-12-04,economy,9074518,IDR,Jetstar,14:55,23:35,0,340,,,google-flights,ok,
2026-10-02 02:10:04+0700,DPS-MEL,DPS,MEL,2026-11-28,2026-12-12,economy,10441392,IDR,Jetstar,14:55,23:35,0,340,,,google-flights,ok,
2026-10-02 02:10:04+0700,DPS-MEL,DPS,MEL,2026-12-06,2026-12-20,economy,14973821,IDR,Jetstar,14:55,23:35,0,340,,,google-flights,ok,
2026-10-02 02:10:04+0700,DPS-MEL,DPS,MEL,2026-12-14,2026-12-28,economy,11853082,IDR,Virgin Australia,23:20,16:50,2,530,,,google-flights,ok,
2026-10-02 02:10:04+0700,DPS-MEL,DPS,MEL,2026-12-22,2027-01-05,economy,6820483,IDR,Jetstar,11:30,20:10,0,340,,,google-flights,ok,
2026-10-02 02:10:04+0700,DPS-MEL,DPS,MEL,2026-12-30,2027-01-13,economy,8131959,IDR,Jetstar,14:55,23:35,0,340,,,google-flights,ok,
2026-10-02 02:10:04+0700,DPS-MEL,DPS,MEL,2027-01-07,2027-01-21,economy,13338392,IDR,Jetstar,14:55,23:35,0,340,,,google-flights,ok,
2026-10-02 02:10:04+0700,DPS-MEL,DPS,MEL,2027-01-15,2027-01-29,economy,10879924,IDR,Jetstar,14:55,23:35,0,340,,,google-flights,ok,
2026-10-02 02:10:04+0700,DPS-MEL,DPS,MEL,2027-01-23,2027-02-06,economy,10200663,IDR,Jetstar,11:30,20:10,0,340,,,google-flights,ok,
2026-10-02 02:10:04+0700,DPS-MEL,DPS,MEL,2027-01-31,2027-02-14,economy,7406311,IDR,Virgin Australia,22:00,06:40,0,340,,,google-flights,ok,
2026-10-02 02:10:04+0700,SUB-TPE,SUB,TPE,2026-10-09,2026-10-23,economy,7844727,IDR,Scoot,19:50,11:45,1,430,,,google-flights,ok,
2026-10-02 02:10:04+0700,SUB-TPE,SUB,TPE,2026-10-17,2026-10-31,economy,5037684,IDR,Scoot,19:50,05:45,1,430,,,google-flights,ok,
2026-10-02 02:10:04+0700,SUB-TPE,SUB,TPE,2026-10-25,2026-11-08,economy,7027394,IDR,Scoot,09:50,05:35,1,425,,,google-flights,ok,
2026-10-02 02:10:04+0700,SUB-TPE,SUB,TPE,2026-11-02,2026-11-16,economy,6482342,IDR,Scoot,09:50,05:35,1,425,,,google-flights,ok,
2026-10-02 02:10:04+0700,SUB-TPE,SUB,TPE,2026-11-10,2026-11-24,economy,5037684,IDR,Scoot,19:30,05:35,1,425,,,google-flights,ok,
2026-10-02 02:10:04+0700,SUB-TPE,SUB,TPE,2026-11-18,2026-12-02,economy,6688022,IDR,Scoot,09:50,05:35,1,425,,,google-flights,ok,
2026-10-02 02:10:04+0700,SUB-TPE,SUB,TPE,2026-11-26,2026-12-10,economy,8472051,IDR,Scoot,09:50,05:35,1,425,,,google-flights,ok,
2026-10-02 02:10:04+0700,SUB-TPE,SUB,TPE,2026-12-04,2026-12-18,economy,10518565,IDR,Scoot,19:30,17:00,1,425,,,google-flights,ok,
2026-10-02 02:10:04+0700,SUB-TPE,SUB,TPE,2026-12-12,2026-12-26,economy,10518565,IDR,Scoot,19:30,05:35,1,425,,,google-flights,ok,
2026-10-02 02:10:04+0700,SUB-TPE,SUB,TPE,2026-12-20,2027-01-03,economy,16663045,IDR,Scoot,19:30,05:35,1,425,,,google-flights,ok,
2026-10-02 02:10:04+0700,SUB-TPE,SUB,TPE,2026-12-28,2027-01-11,economy,10127773,IDR,Scoot,09:50,05:35,1,425,,,google-flights,ok,
2026-10-02 02:10:04+0700,SUB-TPE,SUB,TPE,2027-01-05,2027-01-19,economy,5037684,IDR,Scoot,19:30,11:00,1,435,,,google-flights,ok,
2026-10-02 02:10:04+0700,SUB-TPE,SUB,TPE,2027-01-13,2027-01-27,economy,5855017,IDR,Scoot,19:30,05:35,1,425,,,google-flights,ok,
2026-10-02 02:10:04+0700,SUB-TPE,SUB,TPE,2027-01-21,2027-02-04,economy,8971068,IDR,Scoot,09:50,11:00,1,435,,,google-flights,ok,
2026-10-02 02:10:04+0700,SUB-TPE,SUB,TPE,2027-01-29,2027-02-12,economy,5035036,IDR,Scoot,19:30,05:35,1,425,,,google-flights,ok,
2026-10-02 02:10:04+0700,SUB-TPE,SUB,TPE,2027-02-06,2027-02-20,economy,8482335,IDR,Scoot,19:30,05:35,1,425,,,google-flights,ok,
2026-10-02 02:10:04+0700,SUB-TPE,SUB,TPE,2027-02-14,2027-02-28,economy,5037684,IDR,Scoot,19:30,13:15,1,430,,,google-flights,ok,
2026-10-02 02:10:04+0700,SUB-TPE,SUB,TPE,2027-02-22,2027-03-08,economy,6400174,IDR,Scoot,09:50,13:15,1,430,,,google-flights,ok,
2026-10-02 02:10:04+0700,SUB-TPE,SUB,TPE,2027-03-02,2027-03-16,economy,9880957,IDR,Scoot,19:30,05:35,1,425,,,google-flights,ok,
2026-10-02 02:10:04+0700,SUB-TPE,SUB,TPE,2027-03-10,2027-03-24,economy,8096928,IDR,Scoot,19:30,05:35,1,425,,,google-flights,ok,
2026-10-02 02:10:04+0700,SUB-TPE,SUB,TPE,2027-03-18,2027-04-01,economy,7368797,IDR,Scoot,09:50,13:10,1,425,,,google-flights,ok,
2026-10-02 02:10:04+0700,SUB-TPE,SUB,TPE,2027-03-26,2027-04-09,economy,6101239,IDR,Scoot,19:30,17:00,1,425,,,google-flights,ok,
2026-10-02 02:10:04+0700,SUB-TPE,SUB,TPE,2027-04-03,2027-04-17,economy,6486195,IDR,Scoot,19:50,17:10,1,430,,,google-flights,ok,
2026-10-02 02:10:04+0700,SUB-TPE,SUB,TPE,2027-04-11,2027-04-25,economy,5329490,IDR,Scoot,19:50,17:10,1,430,,,google-flights,ok,
2026-10-02 02:10:04+0700,SUB-TPE,SUB,TPE,2027-04-19,2027-05-03,economy,5666236,IDR,Scoot,10:35,17:10,1,430,,,google-flights,ok,
2026-10-02 02:10:04+0700,SUB-TPE,SUB,TPE,2027-04-27,2027-05-11,economy,4547906,IDR,Scoot,19:50,05:45,1,430,,,google-flights,ok,
2026-10-02 02:10:04+0700,SUB-TPE,SUB,TPE,2027-05-05,2027-05-19,economy,5121311,IDR,Scoot,19:50,11:45,1,430,,,google-flights,ok,
2026-10-02 02:10:04+0700,SUB-TPE,SUB,TPE,2027-05-13,2027-05-27,economy,7113646,IDR,Scoot,08:35,05:45,1,430,,,google-flights,ok,
2026-10-02 02:10:04+0700,SUB-TPE,SUB,TPE,2027-05-21,2027-06-04,economy,4781939,IDR,Scoot,19:50,11:45,1,430,,,google-flights,ok,
2026-10-02 02:10:04+0700,SUB-TPE,SUB,TPE,2027-05-29,2027-06-12,economy,5329490,IDR,Scoot,19:50,17:10,1,430,,,google-flights,ok,
2026-10-02 02:10:04+0700,SUB-TPE,SUB,TPE,2027-06-06,2027-06-20,economy,5329490,IDR,Scoot,19:50,05:45,1,430,,,google-flights,ok,
2026-10-02 02:10:04+0700,SUB-TPE,SUB,TPE,2027-06-14,2027-06-28,economy,6486195,IDR,Scoot,10:35,17:10,1,430,,,google-flights,ok,
2026-10-02 02:10:04+0700,SUB-TPE,SUB,TPE,2027-06-22,2027-07-06,economy,4990245,IDR,Scoot,19:50,05:45,1,430,,,google-flights,ok,
2026-10-02 02:10:04+0700,SUB-TPE,SUB,TPE,2027-06-30,2027-07-14,economy,4578758,IDR,Scoot,19:50,05:45,1,430,,,google-flights,ok,
2026-10-02 02:10:04+0700,SUB-KUL,SUB,KUL,2026-10-10,2026-10-17,economy,3754880,IDR,Batik Air,05:05,13:10,1,220,,,google-flights,ok,
2026-10-02 02:10:04+0700,SUB-KUL,SUB,KUL,2026-10-18,2026-10-25,economy,3146989,IDR,Indonesia AirAsia,17:45,21:25,0,160,,,google-flights,ok,
2026-10-02 02:10:04+0700,SUB-KUL,SUB,KUL,2026-10-26,2026-11-02,economy,2984921,IDR,Indonesia AirAsia,10:20,13:55,0,155,,,google-flights,ok,
2026-10-02 02:10:04+0700,SUB-KUL,SUB,KUL,2026-11-03,2026-11-10,economy,2184003,IDR,Indonesia AirAsia,04:00,07:35,0,155,,,google-flights,ok,
2026-10-02 02:10:04+0700,SUB-KUL,SUB,KUL,2026-11-11,2026-11-18,economy,2184003,IDR,Indonesia AirAsia,04:00,07:35,0,155,,,google-flights,ok,
2026-10-02 02:10:04+0700,SUB-KUL,SUB,KUL,2026-11-19,2026-11-26,economy,2184003,IDR,Indonesia AirAsia,04:00,07:35,0,155,,,google-flights,ok,
2026-10-02 02:10:04+0700,SUB-KUL,SUB,KUL,2026-11-27,2026-12-04,economy,3197999,IDR,Indonesia AirAsia,04:00,07:35,0,155,,,google-flights,ok,
2026-10-02 02:10:04+0700,SUB-KUL,SUB,KUL,2026-12-05,2026-12-12,economy,4118112,IDR,Scoot,09:50,16:15,1,220,,,google-flights,ok,
2026-10-02 02:10:04+0700,SUB-KUL,SUB,KUL,2026-12-13,2026-12-20,economy,4646379,IDR,Malaysia Airlines,18:05,21:45,0,160,,,google-flights,ok,
2026-10-02 02:10:04+0700,SUB-KUL,SUB,KUL,2026-12-21,2026-12-28,economy,4188234,IDR,Indonesia AirAsia,04:00,07:35,0,155,,,google-flights,ok,
2026-10-02 02:10:04+0700,SUB-KUL,SUB,KUL,2026-12-29,2027-01-05,economy,4188234,IDR,Indonesia AirAsia,04:00,07:35,0,155,,,google-flights,ok,
2026-10-02 02:10:04+0700,SUB-KUL,SUB,KUL,2027-01-06,2027-01-13,economy,3808234,IDR,Indonesia AirAsia,04:00,07:35,0,155,,,google-flights,ok,
2026-10-02 02:10:04+0700,SUB-KUL,SUB,KUL,2027-01-14,2027-01-21,economy,3068245,IDR,Indonesia AirAsia,04:00,07:35,0,155,,,google-flights,ok,
2026-10-02 02:10:04+0700,SUB-KUL,SUB,KUL,2027-01-22,2027-01-29,economy,3068245,IDR,Indonesia AirAsia,04:00,07:35,0,155,,,google-flights,ok,
2026-10-02 02:10:04+0700,SUB-KUL,SUB,KUL,2027-01-30,2027-02-06,economy,3288559,IDR,Indonesia AirAsia,04:00,07:35,0,155,,,google-flights,ok,
2026-10-02 02:10:04+0700,SUB-SIN,SUB,SIN,2026-10-08,2026-10-15,economy,5062220,IDR,Indonesia AirAsia/AirAsia,05:05,11:35,1,230,,,google-flights,ok,
2026-10-02 02:10:04+0700,SUB-SIN,SUB,SIN,2026-10-16,2026-10-23,economy,4888780,IDR,Indonesia AirAsia/AirAsia,07:05,13:00,1,225,,,google-flights,ok,
2026-10-02 02:10:04+0700,SUB-SIN,SUB,SIN,2026-10-24,2026-10-31,economy,4546784,IDR,Indonesia AirAsia/AirAsia,11:20,18:05,1,240,,,google-flights,ok,
2026-10-02 02:10:04+0700,SUB-SIN,SUB,SIN,2026-11-01,2026-11-08,economy,4614243,IDR,Indonesia AirAsia/AirAsia,04:00,10:20,1,230,,,google-flights,ok,
2026-10-02 02:10:04+0700,SUB-SIN,SUB,SIN,2026-11-09,2026-11-16,economy,5584391,IDR,Malaysia Airlines,18:05,09:05,1,235,,,google-flights,ok,
2026-10-02 02:10:04+0700,SUB-SIN,SUB,SIN,2026-11-17,2026-11-24,economy,4445919,IDR,Indonesia AirAsia/AirAsia,04:00,10:20,1,230,,,google-flights,ok,
2026-10-02 02:10:04+0700,SUB-SIN,SUB,SIN,2026-11-25,2026-12-02,economy,4919002,IDR,Indonesia AirAsia/AirAsia,10:20,18:00,1,235,,,google-flights,ok,
2026-10-02 02:10:04+0700,SUB-SIN,SUB,SIN,2026-12-03,2026-12-10,economy,5584391,IDR,Malaysia Airlines,15:50,00:30,1,230,,,google-flights,ok,
2026-10-02 02:10:04+0700,SUB-SIN,SUB,SIN,2026-12-11,2026-12-18,economy,6090391,IDR,Malaysia Airlines,15:50,00:30,1,230,,,google-flights,ok,
2026-10-02 02:10:04+0700,SUB-SIN,SUB,SIN,2026-12-19,2026-12-26,economy,6378853,IDR,Garuda Indonesia,16:00,16:45,1,225,,,google-flights,ok,
2026-10-02 02:10:04+0700,SUB-SIN,SUB,SIN,2026-12-27,2027-01-03,economy,,IDR,,,,,,,,,error,IndexError: list index out of range
2026-10-02 02:10:04+0700,SUB-SIN,SUB,SIN,2027-01-04,2027-01-11,economy,5920391,IDR,Malaysia Airlines,10:00,16:40,1,235,,,google-flights,ok,
2026-10-02 02:10:04+0700,SUB-SIN,SUB,SIN,2027-01-12,2027-01-19,economy,5385175,IDR,Indonesia AirAsia/AirAsia,04:00,10:20,1,230,,,google-flights,ok,
2026-10-02 02:10:04+0700,SUB-SIN,SUB,SIN,2027-01-20,2027-01-27,economy,5385175,IDR,Indonesia AirAsia/AirAsia,04:00,10:20,1,230,,,google-flights,ok,
2026-10-02 02:10:04+0700,SUB-SIN,SUB,SIN,2027-01-28,2027-02-04,economy,,IDR,,,,,,,,,error,IndexError: list index out of range
2026-10-02 05:08:46+0700,DPS-MEL,DPS,MEL,2026-10-04,2026-10-18,economy,,IDR,,,,,,,,,error,IndexError: list index out of range
2026-10-02 05:08:46+0700,DPS-MEL,DPS,MEL,2026-10-12,2026-10-26,economy,,IDR,,,,,,,,,error,IndexError: list index out of range
2026-10-02 05:08:46+0700,DPS-MEL,DPS,MEL,2026-10-20,2026-11-03,economy,,IDR,,,,,,,,,error,IndexError: list index out of range
2026-10-02 05:08:46+0700,DPS-MEL,DPS,MEL,2026-10-28,2026-11-11,economy,9553451,IDR,Jetstar,11:30,20:10,0,340,,,google-flights,ok,
2026-10-02 05:08:46+0700,DPS-MEL,DPS,MEL,2026-11-05,2026-11-19,economy,10609146,IDR,Jetstar,07:00,21:35,1,420,,,google-flights,ok,
2026-10-02 05:08:46+0700,DPS-MEL,DPS,MEL,2026-11-13,2026-11-27,economy,9436775,IDR,Jetstar,11:30,20:10,0,340,,,google-flights,ok,
2026-10-02 05:08:46+0700,DPS-MEL,DPS,MEL,2026-11-21,2026-12-05,economy,9077023,IDR,Jetstar,14:55,23:35,0,340,,,google-flights,ok,
2026-10-02 05:08:46+0700,DPS-MEL,DPS,MEL,2026-11-29,2026-12-13,economy,9927082,IDR,Virgin Australia,23:20,15:20,1,490,,,google-flights,ok,
2026-10-02 05:08:46+0700,DPS-MEL,DPS,MEL,2026-12-07,2026-12-21,economy,11626082,IDR,Virgin Australia,23:20,16:50,2,530,,,google-flights,ok,
2026-10-02 05:08:46+0700,DPS-MEL,DPS,MEL,2026-12-15,2026-12-29,economy,11398082,IDR,Virgin Australia,23:20,16:50,2,530,,,google-flights,ok,
2026-10-02 05:08:46+0700,DPS-MEL,DPS,MEL,2026-12-23,2027-01-06,economy,7537337,IDR,Jetstar,14:55,23:35,0,340,,,google-flights,ok,
2026-10-02 05:08:46+0700,DPS-MEL,DPS,MEL,2026-12-31,2027-01-14,economy,8298062,IDR,Virgin Australia,22:00,06:40,0,340,,,google-flights,ok,
2026-10-02 05:08:46+0700,DPS-MEL,DPS,MEL,2027-01-08,2027-01-22,economy,12185043,IDR,Jetstar,14:55,23:35,0,340,,,google-flights,ok,
2026-10-02 05:08:46+0700,DPS-MEL,DPS,MEL,2027-01-16,2027-01-30,economy,10922392,IDR,Jetstar,14:55,23:35,0,340,,,google-flights,ok,
2026-10-02 05:08:46+0700,DPS-MEL,DPS,MEL,2027-01-24,2027-02-07,economy,9422968,IDR,Jetstar,14:55,23:35,0,340,,,google-flights,ok,
2026-10-02 05:08:46+0700,DPS-MEL,DPS,MEL,2027-02-01,2027-02-15,economy,7625319,IDR,Jetstar,22:50,12:00,1,375,,,google-flights,ok,
2026-10-02 05:08:46+0700,SUB-TPE,SUB,TPE,2026-10-10,2026-10-24,economy,6688022,IDR,Scoot,19:50,05:45,1,430,,,google-flights,ok,
2026-10-02 05:08:46+0700,SUB-TPE,SUB,TPE,2026-10-18,2026-11-01,economy,4698312,IDR,Scoot,19:50,17:10,1,430,,,google-flights,ok,
2026-10-02 05:08:46+0700,SUB-TPE,SUB,TPE,2026-10-26,2026-11-09,economy,10755098,IDR,Scoot,09:50,05:35,1,425,,,google-flights,ok,
2026-10-02 05:08:46+0700,SUB-TPE,SUB,TPE,2026-11-03,2026-11-17,economy,5037684,IDR,Scoot,19:30,05:35,1,425,,,google-flights,ok,
2026-10-02 05:08:46+0700,SUB-TPE,SUB,TPE,2026-11-11,2026-11-25,economy,4698312,IDR,Scoot,19:30,05:35,1,425,,,google-flights,ok,
2026-10-02 05:08:46+0700,SUB-TPE,SUB,TPE,2026-11-19,2026-12-03,economy,7217403,IDR,Scoot,09:50,17:00,1,425,,,google-flights,ok,
2026-10-02 05:08:46+0700,SUB-TPE,SUB,TPE,2026-11-27,2026-12-11,economy,9253633,IDR,Scoot,09:50,05:35,1,425,,,google-flights,ok,
2026-10-02 05:08:46+0700,SUB-TPE,SUB,TPE,2026-12-05,2026-12-19,economy,11289864,IDR,Scoot,19:30,05:35,1,425,,,google-flights,ok,
2026-10-02 05:08:46+0700,SUB-TPE,SUB,TPE,2026-12-13,2026-12-27,economy,12164004,IDR,Scoot,19:30,05:35,1,425,,,google-flights,ok,
2026-10-02 05:08:46+0700,SUB-TPE,SUB,TPE,2026-12-21,2027-01-04,economy,15776155,IDR,Scoot,09:50,05:35,1,425,,,google-flights,ok,
2026-10-02 05:08:46+0700,SUB-TPE,SUB,TPE,2026-12-29,2027-01-12,economy,8482335,IDR,Scoot,09:50,05:35,1,425,,,google-flights,ok,
2026-10-02 05:08:46+0700,SUB-TPE,SUB,TPE,2027-01-06,2027-01-20,economy,5037684,IDR,Scoot,19:30,05:35,1,425,,,google-flights,ok,
2026-10-02 05:08:46+0700,SUB-TPE,SUB,TPE,2027-01-14,2027-01-28,economy,6060697,IDR,Scoot,09:50,11:00,1,435,,,google-flights,ok,
2026-10-02 05:08:46+0700,SUB-TPE,SUB,TPE,2027-01-22,2027-02-05,economy,8765388,IDR,Scoot,19:30,05:35,1,425,,,google-flights,ok,
2026-10-02 05:08:46+0700,SUB-TPE,SUB,TPE,2027-01-30,2027-02-13,economy,5037684,IDR,Scoot,19:30,05:35,1,425,,,google-flights,ok,
2026-10-02 05:08:46+0700,SUB-TPE,SUB,TPE,2027-02-07,2027-02-21,economy,7665002,IDR,Scoot,19:30,05:35,1,425,,,google-flights,ok,
2026-10-02 05:08:46+0700,SUB-TPE,SUB,TPE,2027-02-15,2027-03-01,economy,5243364,IDR,Scoot,09:50,13:15,1,430,,,google-flights,ok,
2026-10-02 05:08:46+0700,SUB-TPE,SUB,TPE,2027-02-23,2027-03-09,economy,5037684,IDR,Scoot,19:30,11:00,1,435,,,google-flights,ok,
2026-10-02 05:08:46+0700,SUB-TPE,SUB,TPE,2027-03-03,2027-03-17,economy,9253633,IDR,Scoot,19:30,05:35,1,425,,,google-flights,ok,
2026-10-02 05:08:46+0700,SUB-TPE,SUB,TPE,2027-03-11,2027-03-25,economy,10515917,IDR,Scoot,09:50,05:35,1,425,,,google-flights,ok,
2026-10-02 05:08:46+0700,SUB-TPE,SUB,TPE,2027-03-19,2027-04-02,economy,8139991,IDR,Scoot,19:30,17:00,1,425,,,google-flights,ok,
2026-10-02 05:08:46+0700,SUB-TPE,SUB,TPE,2027-03-27,2027-04-10,economy,6443132,IDR,Scoot,19:30,17:10,1,430,,,google-flights,ok,
2026-10-02 05:08:46+0700,SUB-TPE,SUB,TPE,2027-04-04,2027-04-18,economy,7113520,IDR,Scoot,19:50,05:45,1,430,,,google-flights,ok,
2026-10-02 05:08:46+0700,SUB-TPE,SUB,TPE,2027-04-12,2027-04-26,economy,6486322,IDR,Scoot,10:35,05:45,1,430,,,google-flights,ok,
2026-10-02 05:08:46+0700,SUB-TPE,SUB,TPE,2027-04-20,2027-05-04,economy,4547906,IDR,Scoot,19:50,05:45,1,430,,,google-flights,ok,
2026-10-02 05:08:46+0700,SUB-TPE,SUB,TPE,2027-04-28,2027-05-12,economy,4576132,IDR,Scoot,19:50,11:45,1,430,,,google-flights,ok,
2026-10-02 05:08:46+0700,SUB-TPE,SUB,TPE,2027-05-06,2027-05-20,economy,6774148,IDR,Scoot,08:35,05:45,1,430,,,google-flights,ok,
2026-10-02 05:08:46+0700,SUB-TPE,SUB,TPE,2027-05-14,2027-05-28,economy,6144198,IDR,Scoot,19:50,17:10,1,430,,,google-flights,ok,
2026-10-02 05:08:46+0700,SUB-TPE,SUB,TPE,2027-05-22,2027-06-05,economy,,IDR,,,,,,,,,error,FlightsNotFound: no flights found; received error
2026-10-02 05:08:46+0700,SUB-TPE,SUB,TPE,2027-05-30,2027-06-13,economy,5329490,IDR,Scoot,19:50,17:10,1,430,,,google-flights,ok,
2026-10-02 05:08:46+0700,SUB-TPE,SUB,TPE,2027-06-07,2027-06-21,economy,7300903,IDR,Scoot,10:35,05:45,1,430,,,google-flights,ok,
2026-10-02 05:08:46+0700,SUB-TPE,SUB,TPE,2027-06-15,2027-06-29,economy,4990118,IDR,Scoot,19:50,05:45,1,430,,,google-flights,ok,
2026-10-02 05:08:46+0700,SUB-TPE,SUB,TPE,2027-06-23,2027-07-07,economy,4784438,IDR,Scoot,19:50,17:10,1,430,,,google-flights,ok,
2026-10-02 05:08:46+0700,SUB-KUL,SUB,KUL,2026-10-03,2026-10-10,economy,3806990,IDR,Indonesia AirAsia,11:20,15:00,0,160,,,google-flights,ok,
2026-10-02 05:08:46+0700,SUB-KUL,SUB,KUL,2026-10-11,2026-10-18,economy,3146989,IDR,Indonesia AirAsia,11:20,15:00,0,160,,,google-flights,ok,
2026-10-02 05:08:46+0700,SUB-KUL,SUB,KUL,2026-10-19,2026-10-26,economy,2562214,IDR,Indonesia AirAsia,11:20,15:00,0,160,,,google-flights,ok,
2026-10-02 05:08:46+0700,SUB-KUL,SUB,KUL,2026-10-27,2026-11-03,economy,3338322,IDR,Malaysia Airlines,10:00,13:40,0,160,,,google-flights,ok,
2026-10-02 05:08:46+0700,SUB-KUL,SUB,KUL,2026-11-04,2026-11-11,economy,2363931,IDR,Indonesia AirAsia,10:20,13:55,0,155,,,google-flights,ok,
2026-10-02 05:08:46+0700,SUB-KUL,SUB,KUL,2026-11-12,2026-11-19,economy,2184003,IDR,Indonesia AirAsia,16:45,20:25,0,160,,,google-flights,ok,
2026-10-02 05:08:46+0700,SUB-KUL,SUB,KUL,2026-11-20,2026-11-27,economy,2984921,IDR,Indonesia AirAsia,04:00,07:35,0,155,,,google-flights,ok,
2026-10-02 05:08:46+0700,SUB-KUL,SUB,KUL,2026-11-28,2026-12-05,economy,3806506,IDR,Malaysia Airlines,15:50,19:30,0,160,,,google-flights,ok,
2026-10-02 05:08:46+0700,SUB-KUL,SUB,KUL,2026-12-06,2026-12-13,economy,3068245,IDR,Indonesia AirAsia,04:00,07:35,0,155,,,google-flights,ok,
2026-10-02 05:08:46+0700,SUB-KUL,SUB,KUL,2026-12-14,2026-12-21,economy,4779357,IDR,Malaysia Airlines,10:00,13:40,0,160,,,google-flights,ok,
2026-10-02 05:08:46+0700,SUB-KUL,SUB,KUL,2026-12-22,2026-12-29,economy,4188234,IDR,Indonesia AirAsia,04:00,07:35,0,155,,,google-flights,ok,
2026-10-02 05:08:46+0700,SUB-KUL,SUB,KUL,2026-12-30,2027-01-06,economy,3808234,IDR,Indonesia AirAsia,04:00,07:35,0,155,,,google-flights,ok,
2026-10-02 05:08:46+0700,SUB-KUL,SUB,KUL,2027-01-07,2027-01-14,economy,3808234,IDR,Indonesia AirAsia,04:00,07:35,0,155,,,google-flights,ok,
2026-10-02 05:08:46+0700,SUB-KUL,SUB,KUL,2027-01-15,2027-01-22,economy,3068245,IDR,Indonesia AirAsia,04:00,07:35,0,155,,,google-flights,ok,
2026-10-02 05:08:46+0700,SUB-KUL,SUB,KUL,2027-01-23,2027-01-30,economy,3068245,IDR,Indonesia AirAsia,04:00,07:35,0,155,,,google-flights,ok,
2026-10-02 05:08:46+0700,SUB-KUL,SUB,KUL,2027-01-31,2027-02-07,economy,3288559,IDR,Indonesia AirAsia,04:00,07:35,0,155,,,google-flights,ok,
2026-10-02 05:08:46+0700,SUB-SIN,SUB,SIN,2026-10-09,2026-10-16,economy,4277398,IDR,Citilink Indonesia,07:35,20:00,1,205,,,google-flights,ok,
2026-10-02 05:08:46+0700,SUB-SIN,SUB,SIN,2026-10-17,2026-10-24,economy,4876052,IDR,Indonesia AirAsia/AirAsia,05:05,11:35,1,230,,,google-flights,ok,
2026-10-02 05:08:46+0700,SUB-SIN,SUB,SIN,2026-10-25,2026-11-01,economy,4558608,IDR,Indonesia AirAsia/AirAsia,04:00,10:20,1,230,,,google-flights,ok,
2026-10-02 05:08:46+0700,SUB-SIN,SUB,SIN,2026-11-02,2026-11-09,economy,4638778,IDR,Indonesia AirAsia/AirAsia,13:25,19:40,1,240,,,google-flights,ok,
2026-10-02 05:08:46+0700,SUB-SIN,SUB,SIN,2026-11-10,2026-11-17,economy,,IDR,,,,,,,,,error,FlightsNotFound: no flights found; received error
2026-10-02 05:08:46+0700,SUB-SIN,SUB,SIN,2026-11-18,2026-11-25,economy,4445919,IDR,Indonesia AirAsia/AirAsia,04:00,10:20,1,230,,,google-flights,ok,
2026-10-02 05:08:46+0700,SUB-SIN,SUB,SIN,2026-11-26,2026-12-03,economy,4919002,IDR,Indonesia AirAsia/AirAsia,04:00,10:20,1,230,,,google-flights,ok,
2026-10-02 05:08:46+0700,SUB-SIN,SUB,SIN,2026-12-04,2026-12-11,economy,6644571,IDR,Garuda Indonesia,11:10,18:25,1,205,,,google-flights,ok,
2026-10-02 05:08:46+0700,SUB-SIN,SUB,SIN,2026-12-12,2026-12-19,economy,6407871,IDR,Garuda Indonesia,08:20,14:25,1,200,,,google-flights,ok,
2026-10-02 05:08:46+0700,SUB-SIN,SUB,SIN,2026-12-20,2026-12-27,economy,,IDR,,,,,,,,,error,FlightsNotFound: no flights found; received error
2026-10-02 05:08:46+0700,SUB-SIN,SUB,SIN,2026-12-28,2027-01-04,economy,,IDR,,,,,,,,,error,IndexError: list index out of range
2026-10-02 05:08:46+0700,SUB-SIN,SUB,SIN,2027-01-05,2027-01-12,economy,6439671,IDR,Garuda Indonesia,11:10,18:25,1,205,,,google-flights,ok,
2026-10-02 05:08:46+0700,SUB-SIN,SUB,SIN,2027-01-13,2027-01-20,economy,5385175,IDR,Indonesia AirAsia/AirAsia,04:00,10:20,1,230,,,google-flights,ok,
2026-10-02 05:08:46+0700,SUB-SIN,SUB,SIN,2027-01-21,2027-01-28,economy,5385175,IDR,Indonesia AirAsia/AirAsia,04:00,10:20,1,230,,,google-flights,ok,
2026-10-02 05:08:46+0700,SUB-SIN,SUB,SIN,2027-01-29,2027-02-05,economy,,IDR,,,,,,,,,error,IndexError: list index out of range
2026-10-02 08:10:27+0700,DPS-MEL,DPS,MEL,2026-10-05,2026-10-19,economy,,IDR,,,,,,,,,error,IndexError: list index out of range
2026-10-02 08:10:27+0700,DPS-MEL,DPS,MEL,2026-10-13,2026-10-27,economy,,IDR,,,,,,,,,error,IndexError: list index out of range
2026-10-02 08:10:27+0700,DPS-MEL,DPS,MEL,2026-10-21,2026-11-04,economy,,IDR,,,,,,,,,error,IndexError: list index out of range
2026-10-02 08:10:27+0700,DPS-MEL,DPS,MEL,2026-10-29,2026-11-12,economy,10027994,IDR,Cebu Pacific,01:00,00:10,1,755,,,google-flights,ok,
2026-10-02 08:10:27+0700,DPS-MEL,DPS,MEL,2026-11-06,2026-11-20,economy,11746179,IDR,Garuda Indonesia/Qantas,15:35,06:30,1,515,,,google-flights,ok,
2026-10-02 08:10:27+0700,DPS-MEL,DPS,MEL,2026-11-14,2026-11-28,economy,11074023,IDR,Jetstar,11:30,20:10,0,340,,,google-flights,ok,
2026-10-02 08:10:27+0700,DPS-MEL,DPS,MEL,2026-11-22,2026-12-06,economy,9530665,IDR,Jetstar,20:20,04:55,0,335,,,google-flights,ok,
2026-10-02 08:10:27+0700,DPS-MEL,DPS,MEL,2026-11-30,2026-12-14,economy,9628044,IDR,Jetstar,14:55,23:35,0,340,,,google-flights,ok,
2026-10-02 08:10:27+0700,DPS-MEL,DPS,MEL,2026-12-08,2026-12-22,economy,12149482,IDR,Virgin Australia,22:30,20:10,2,505,,,google-flights,ok,
2026-10-02 08:10:27+0700,DPS-MEL,DPS,MEL,2026-12-16,2026-12-30,economy,10423696,IDR,Jetstar,11:30,20:10,0,340,,,google-flights,ok,
2026-10-02 08:10:27+0700,DPS-MEL,DPS,MEL,2026-12-24,2027-01-07,economy,8156631,IDR,Virgin Australia,22:00,06:40,0,340,,,google-flights,ok,
2026-10-02 08:10:27+0700,DPS-MEL,DPS,MEL,2027-01-01,2027-01-15,economy,11200790,IDR,Virgin Australia,22:00,06:40,0,340,,,google-flights,ok,
2026-10-02 08:10:27+0700,DPS-MEL,DPS,MEL,2027-01-09,2027-01-23,economy,13363903,IDR,Jetstar,11:30,20:10,0,340,,,google-flights,ok,
2026-10-02 08:10:27+0700,DPS-MEL,DPS,MEL,2027-01-17,2027-01-31,economy,10891508,IDR,Jetstar,14:55,23:35,0,340,,,google-flights,ok,
2026-10-02 08:10:27+0700,DPS-MEL,DPS,MEL,2027-01-25,2027-02-08,economy,10890718,IDR,Jetstar,20:20,04:55,0,335,,,google-flights,ok,
2026-10-02 08:10:27+0700,SUB-TPE,SUB,TPE,2026-10-03,2026-10-17,economy,12480379,IDR,Scoot,19:50,05:45,1,430,,,google-flights,ok,
2026-10-02 08:10:27+0700,SUB-TPE,SUB,TPE,2026-10-11,2026-10-25,economy,9310440,IDR,Scoot,10:35,05:45,1,430,,,google-flights,ok,
2026-10-02 08:10:27+0700,SUB-TPE,SUB,TPE,2026-10-19,2026-11-02,economy,6482342,IDR,Scoot,10:35,05:45,1,430,,,google-flights,ok,
2026-10-02 08:10:27+0700,SUB-TPE,SUB,TPE,2026-10-27,2026-11-10,economy,4698312,IDR,Scoot,19:30,17:00,1,425,,,google-flights,ok,
2026-10-02 08:10:27+0700,SUB-TPE,SUB,TPE,2026-11-04,2026-11-18,economy,7119950,IDR,Scoot,09:50,05:35,1,425,,,google-flights,ok,
2026-10-02 08:10:27+0700,SUB-TPE,SUB,TPE,2026-11-12,2026-11-26,economy,,IDR,,,,,,,,,error,TypeError: 'NoneType' object is not subscriptable
2026-10-02 08:10:27+0700,SUB-TPE,SUB,TPE,2026-11-20,2026-12-04,economy,8482335,IDR,Scoot,09:50,05:35,1,425,,,google-flights,ok,
2026-10-02 08:10:27+0700,SUB-TPE,SUB,TPE,2026-11-28,2026-12-12,economy,7027393,IDR,Scoot,19:30,05:35,1,425,,,google-flights,ok,
2026-10-02 08:10:27+0700,SUB-TPE,SUB,TPE,2026-12-06,2026-12-20,economy,11289864,IDR,Scoot,19:30,17:00,1,425,,,google-flights,ok,
2026-10-02 08:10:27+0700,SUB-TPE,SUB,TPE,2026-12-14,2026-12-28,economy,11392705,IDR,Scoot,09:50,05:35,1,425,,,google-flights,ok,
2026-10-02 08:10:27+0700,SUB-TPE,SUB,TPE,2026-12-22,2027-01-05,economy,13205156,IDR,Scoot,19:30,05:35,1,425,,,google-flights,ok,
2026-10-02 08:10:27+0700,SUB-TPE,SUB,TPE,2026-12-30,2027-01-13,economy,7665002,IDR,Scoot,19:30,05:35,1,425,,,google-flights,ok,
2026-10-02 08:10:27+0700,SUB-TPE,SUB,TPE,2027-01-07,2027-01-21,economy,6060697,IDR,Scoot,09:50,11:00,1,435,,,google-flights,ok,
2026-10-02 08:10:27+0700,SUB-TPE,SUB,TPE,2027-01-15,2027-01-29,economy,5855017,IDR,Scoot,19:30,05:35,1,425,,,google-flights,ok,
2026-10-02 08:10:27+0700,SUB-TPE,SUB,TPE,2027-01-23,2027-02-06,economy,8765388,IDR,Scoot,19:30,05:35,1,425,,,google-flights,ok,
2026-10-02 08:10:27+0700,SUB-TPE,SUB,TPE,2027-01-31,2027-02-14,economy,,IDR,,,,,,,,,error,FlightsNotFound: no flights found; received error
2026-10-02 08:10:27+0700,SUB-TPE,SUB,TPE,2027-02-08,2027-02-22,economy,10783519,IDR,Scoot,09:50,05:35,1,425,,,google-flights,ok,
2026-10-02 08:10:27+0700,SUB-TPE,SUB,TPE,2027-02-16,2027-03-02,economy,4698312,IDR,Scoot,19:30,11:00,1,435,,,google-flights,ok,
2026-10-02 08:10:27+0700,SUB-TPE,SUB,TPE,2027-02-24,2027-03-10,economy,6400069,IDR,Scoot,09:50,17:00,1,425,,,google-flights,ok,
2026-10-02 08:10:27+0700,SUB-TPE,SUB,TPE,2027-03-04,2027-03-18,economy,9880957,IDR,Scoot,09:50,05:35,1,425,,,google-flights,ok,
2026-10-02 08:10:27+0700,SUB-TPE,SUB,TPE,2027-03-12,2027-03-26,economy,9880957,IDR,Scoot,09:50,17:00,1,425,,,google-flights,ok,
2026-10-02 08:10:27+0700,SUB-TPE,SUB,TPE,2027-03-20,2027-04-03,economy,7708169,IDR,Scoot,19:30,05:35,1,425,,,google-flights,ok,
2026-10-02 08:10:27+0700,SUB-TPE,SUB,TPE,2027-03-28,2027-04-11,economy,6443237,IDR,Scoot,19:50,17:10,1,430,,,google-flights,ok,
2026-10-02 08:10:27+0700,SUB-TPE,SUB,TPE,2027-04-05,2027-04-19,economy,7930979,IDR,Scoot,10:35,14:15,1,430,,,google-flights,ok,
2026-10-02 08:10:27+0700,SUB-TPE,SUB,TPE,2027-04-13,2027-04-27,economy,4784565,IDR,Scoot,19:50,17:10,1,430,,,google-flights,ok,
2026-10-02 08:10:27+0700,SUB-TPE,SUB,TPE,2027-04-21,2027-05-05,economy,4784438,IDR,Scoot,19:50,11:45,1,430,,,google-flights,ok,
2026-10-02 08:10:27+0700,SUB-TPE,SUB,TPE,2027-04-29,2027-05-13,economy,6774148,IDR,Scoot,08:35,05:45,1,430,,,google-flights,ok,
2026-10-02 08:10:27+0700,SUB-TPE,SUB,TPE,2027-05-07,2027-05-21,economy,4578758,IDR,Scoot,19:50,11:45,1,430,,,google-flights,ok,
2026-10-02 08:10:27+0700,SUB-TPE,SUB,TPE,2027-05-15,2027-05-29,economy,5668862,IDR,Scoot,19:50,17:10,1,430,,,google-flights,ok,
2026-10-02 08:10:27+0700,SUB-TPE,SUB,TPE,2027-05-23,2027-06-06,economy,5668989,IDR,Scoot,19:50,05:45,1,430,,,google-flights,ok,
2026-10-02 08:10:27+0700,SUB-TPE,SUB,TPE,2027-05-31,2027-06-14,economy,7300903,IDR,Scoot,10:35,05:45,1,430,,,google-flights,ok,
2026-10-02 08:10:27+0700,SUB-TPE,SUB,TPE,2027-06-08,2027-06-22,economy,4784438,IDR,Scoot,19:50,05:45,1,430,,,google-flights,ok,
2026-10-02 08:10:27+0700,SUB-TPE,SUB,TPE,2027-06-16,2027-06-30,economy,,IDR,,,,,,,,,error,FlightsNotFound: no flights found; received error
2026-10-02 08:10:27+0700,SUB-TPE,SUB,TPE,2027-06-24,2027-07-08,economy,6486195,IDR,Scoot,08:35,05:45,1,430,,,google-flights,ok,
2026-10-02 08:10:27+0700,SUB-KUL,SUB,KUL,2026-10-04,2026-10-11,economy,4020005,IDR,Citilink Indonesia,07:35,19:10,1,230,,,google-flights,ok,
2026-10-02 08:10:27+0700,SUB-KUL,SUB,KUL,2026-10-12,2026-10-19,economy,2984921,IDR,Indonesia AirAsia,07:05,10:45,0,160,,,google-flights,ok,
2026-10-02 08:10:27+0700,SUB-KUL,SUB,KUL,2026-10-20,2026-10-27,economy,2724282,IDR,Indonesia AirAsia,17:45,21:25,0,160,,,google-flights,ok,
2026-10-02 08:10:27+0700,SUB-KUL,SUB,KUL,2026-10-28,2026-11-04,economy,3637880,IDR,Batik Air,05:05,13:10,1,220,,,google-flights,ok,
2026-10-02 08:10:27+0700,SUB-KUL,SUB,KUL,2026-11-05,2026-11-12,economy,2184003,IDR,Indonesia AirAsia,04:00,07:35,0,155,,,google-flights,ok,
2026-10-02 08:10:27+0700,SUB-KUL,SUB,KUL,2026-11-13,2026-11-20,economy,2184003,IDR,Indonesia AirAsia,04:00,07:35,0,155,,,google-flights,ok,
2026-10-02 08:10:27+0700,SUB-KUL,SUB,KUL,2026-11-21,2026-11-28,economy,3338529,IDR,Malaysia Airlines,10:00,13:40,0,160,,,google-flights,ok,
2026-10-02 08:10:27+0700,SUB-KUL,SUB,KUL,2026-11-29,2026-12-06,economy,2975212,IDR,Indonesia AirAsia,16:45,20:25,0,160,,,google-flights,ok,
2026-10-02 08:10:27+0700,SUB-KUL,SUB,KUL,2026-12-07,2026-12-14,economy,4240545,IDR,Malaysia Airlines,10:00,13:40,0,160,,,google-flights,ok,
2026-10-02 08:10:27+0700,SUB-KUL,SUB,KUL,2026-12-15,2026-12-22,economy,4779817,IDR,Malaysia Airlines,10:00,13:40,0,160,,,google-flights,ok,
2026-10-02 08:10:27+0700,SUB-KUL,SUB,KUL,2026-12-23,2026-12-30,economy,4188234,IDR,Indonesia AirAsia,04:00,07:35,0,155,,,google-flights,ok,
2026-10-02 08:10:27+0700,SUB-KUL,SUB,KUL,2026-12-31,2027-01-07,economy,,IDR,,,,,,,,,error,FlightsNotFound: no flights found; received error
2026-10-02 08:10:27+0700,SUB-KUL,SUB,KUL,2027-01-08,2027-01-15,economy,3808234,IDR,Indonesia AirAsia,04:00,07:35,0,155,,,google-flights,ok,
2026-10-02 08:10:27+0700,SUB-KUL,SUB,KUL,2027-01-16,2027-01-23,economy,3068245,IDR,Indonesia AirAsia,04:00,07:35,0,155,,,google-flights,ok,
2026-10-02 08:10:27+0700,SUB-KUL,SUB,KUL,2027-01-24,2027-01-31,economy,3068245,IDR,Indonesia AirAsia,04:00,07:35,0,155,,,google-flights,ok,
2026-10-02 08:10:27+0700,SUB-KUL,SUB,KUL,2027-02-01,2027-02-08,economy,3288559,IDR,Indonesia AirAsia,04:00,07:35,0,155,,,google-flights,ok,
2026-10-02 08:10:27+0700,SUB-SIN,SUB,SIN,2026-10-10,2026-10-17,economy,5027260,IDR,Batik Air,05:05,13:45,1,195,,,google-flights,ok,
2026-10-02 08:10:27+0700,SUB-SIN,SUB,SIN,2026-10-18,2026-10-25,economy,3972600,IDR,Lion/Batik Air,06:30,13:45,1,195,,,google-flights,ok,
2026-10-02 08:10:27+0700,SUB-SIN,SUB,SIN,2026-10-26,2026-11-02,economy,4893009,IDR,Indonesia AirAsia/AirAsia,13:25,19:40,1,240,,,google-flights,ok,
2026-10-02 08:10:27+0700,SUB-SIN,SUB,SIN,2026-11-03,2026-11-10,economy,4192672,IDR,Indonesia AirAsia/AirAsia,13:25,19:40,1,240,,,google-flights,ok,
2026-10-02 08:10:27+0700,SUB-SIN,SUB,SIN,2026-11-11,2026-11-18,economy,4192672,IDR,Indonesia AirAsia/AirAsia,13:25,20:55,1,240,,,google-flights,ok,
2026-10-02 08:10:27+0700,SUB-SIN,SUB,SIN,2026-11-19,2026-11-26,economy,4445919,IDR,Indonesia AirAsia/AirAsia,13:25,19:40,1,240,,,google-flights,ok,
2026-10-02 08:10:27+0700,SUB-SIN,SUB,SIN,2026-11-27,2026-12-04,economy,5584391,IDR,Malaysia Airlines,18:05,00:30,1,230,,,google-flights,ok,
2026-10-02 08:10:27+0700,SUB-SIN,SUB,SIN,2026-12-05,2026-12-12,economy,6292480,IDR,Garuda Indonesia,11:10,18:25,1,205,,,google-flights,ok,
2026-10-02 08:10:27+0700,SUB-SIN,SUB,SIN,2026-12-13,2026-12-20,economy,5906391,IDR,Malaysia Airlines,18:05,09:05,1,235,,,google-flights,ok,
2026-10-02 08:10:27+0700,SUB-SIN,SUB,SIN,2026-12-21,2026-12-28,economy,4961551,IDR,Garuda Indonesia,16:00,16:45,1,225,,,google-flights,ok,
2026-10-02 08:10:27+0700,SUB-SIN,SUB,SIN,2026-12-29,2027-01-05,economy,6242391,IDR,Malaysia Airlines,18:05,00:30,1,230,,,google-flights,ok,
2026-10-02 08:10:27+0700,SUB-SIN,SUB,SIN,2027-01-06,2027-01-13,economy,,IDR,,,,,,,,,error,FlightsNotFound: no flights found; received error
2026-10-02 08:10:27+0700,SUB-SIN,SUB,SIN,2027-01-14,2027-01-21,economy,5592511,IDR,Indonesia AirAsia/AirAsia,04:00,10:20,1,230,,,google-flights,ok,
2026-10-02 08:10:27+0700,SUB-SIN,SUB,SIN,2027-01-22,2027-01-29,economy,5598391,IDR,Malaysia Airlines,18:05,00:30,1,230,,,google-flights,ok,
2026-10-02 08:10:27+0700,SUB-SIN,SUB,SIN,2027-01-30,2027-02-06,economy,,IDR,,,,,,,,,error,IndexError: list index out of range
2026-10-02 11:10:03+0700,DPS-MEL,DPS,MEL,2026-10-06,2026-10-20,economy,,IDR,,,,,,,,,error,IndexError: list index out of range
2026-10-02 11:10:03+0700,DPS-MEL,DPS,MEL,2026-10-14,2026-10-28,economy,,IDR,,,,,,,,,error,IndexError: list index out of range
2026-10-02 11:10:03+0700,DPS-MEL,DPS,MEL,2026-10-22,2026-11-05,economy,,IDR,,,,,,,,,error,IndexError: list index out of range
2026-10-02 11:10:03+0700,DPS-MEL,DPS,MEL,2026-10-30,2026-11-13,economy,11860082,IDR,Virgin Australia,23:20,17:20,1,490,,,google-flights,ok,
2026-10-02 11:10:03+0700,DPS-MEL,DPS,MEL,2026-11-07,2026-11-21,economy,10223804,IDR,Jetstar,07:00,00:20,1,420,,,google-flights,ok,
2026-10-02 11:10:03+0700,DPS-MEL,DPS,MEL,2026-11-15,2026-11-29,economy,8683217,IDR,Jetstar,11:30,20:10,0,340,,,google-flights,ok,
2026-10-02 11:10:03+0700,DPS-MEL,DPS,MEL,2026-11-23,2026-12-07,economy,9682924,IDR,Jetstar,14:55,23:35,0,340,,,google-flights,ok,
2026-10-02 11:10:03+0700,DPS-MEL,DPS,MEL,2026-12-01,2026-12-15,economy,10936547,IDR,Jetstar,20:20,04:55,0,335,,,google-flights,ok,
2026-10-02 11:10:03+0700,DPS-MEL,DPS,MEL,2026-12-09,2026-12-23,economy,14597082,IDR,Virgin Australia,23:20,14:50,1,490,,,google-flights,ok,
2026-10-02 11:10:03+0700,DPS-MEL,DPS,MEL,2026-12-17,2026-12-31,economy,8721037,IDR,Jetstar,14:55,23:35,0,340,,,google-flights,ok,
2026-10-02 11:10:03+0700,DPS-MEL,DPS,MEL,2026-12-25,2027-01-08,economy,7692655,IDR,Jetstar,23:10,14:15,1,485,,,google-flights,ok,
2026-10-02 11:10:03+0700,DPS-MEL,DPS,MEL,2027-01-02,2027-01-16,economy,12183953,IDR,Jetstar,23:20,07:55,0,335,,,google-flights,ok,
2026-10-02 11:10:03+0700,DPS-MEL,DPS,MEL,2027-01-10,2027-01-24,economy,12146392,IDR,Jetstar,14:55,23:35,0,340,,,google-flights,ok,
2026-10-02 11:10:03+0700,DPS-MEL,DPS,MEL,2027-01-18,2027-02-01,economy,10143485,IDR,Jetstar,14:55,23:35,0,340,,,google-flights,ok,
2026-10-02 11:10:03+0700,DPS-MEL,DPS,MEL,2027-01-26,2027-02-09,economy,8899968,IDR,Jetstar,14:55,23:35,0,340,,,google-flights,ok,
2026-10-02 11:10:03+0700,SUB-TPE,SUB,TPE,2026-10-04,2026-10-18,economy,5855018,IDR,Scoot,19:50,14:15,1,430,,,google-flights,ok,
2026-10-02 11:10:03+0700,SUB-TPE,SUB,TPE,2026-10-12,2026-10-26,economy,8436300,IDR,Scoot,10:35,14:15,1,430,,,google-flights,ok,
2026-10-02 11:10:03+0700,SUB-TPE,SUB,TPE,2026-10-20,2026-11-03,economy,5855018,IDR,Scoot,10:35,17:10,1,430,,,google-flights,ok,
2026-10-02 11:10:03+0700,SUB-TPE,SUB,TPE,2026-10-28,2026-11-11,economy,6060697,IDR,Scoot,19:30,11:00,1,435,,,google-flights,ok,
2026-10-02 11:10:03+0700,SUB-TPE,SUB,TPE,2026-11-05,2026-11-19,economy,5855018,IDR,Scoot,09:50,05:35,1,425,,,google-flights,ok,
2026-10-02 11:10:03+0700,SUB-TPE,SUB,TPE,2026-11-13,2026-11-27,economy,7027394,IDR,Scoot,09:50,05:35,1,425,,,google-flights,ok,
2026-10-02 11:10:03+0700,SUB-TPE,SUB,TPE,2026-11-21,2026-12-05,economy,7217403,IDR,Scoot,09:50,05:35,1,425,,,google-flights,ok,
2026-10-02 11:10:03+0700,SUB-TPE,SUB,TPE,2026-11-29,2026-12-13,economy,8472051,IDR,Scoot,19:30,05:35,1,425,,,google-flights,ok,
2026-10-02 11:10:03+0700,SUB-TPE,SUB,TPE,2026-12-07,2026-12-21,economy,11392705,IDR,Scoot,09:50,05:35,1,425,,,google-flights,ok,
2026-10-02 11:10:03+0700,SUB-TPE,SUB,TPE,2026-12-15,2026-12-29,economy,9747267,IDR,Scoot,19:30,17:00,1,425,,,google-flights,ok,
2026-10-02 11:10:03+0700,SUB-TPE,SUB,TPE,2026-12-23,2027-01-06,economy,12865784,IDR,Scoot,19:30,05:35,1,425,,,google-flights,ok,
2026-10-02 11:10:03+0700,SUB-TPE,SUB,TPE,2026-12-31,2027-01-14,economy,7217403,IDR,Scoot,09:50,05:35,1,425,,,google-flights,ok,
2026-10-02 11:10:03+0700,SUB-TPE,SUB,TPE,2027-01-08,2027-01-22,economy,5037684,IDR,Scoot,19:30,05:35,1,425,,,google-flights,ok,
2026-10-02 11:10:03+0700,SUB-TPE,SUB,TPE,2027-01-16,2027-01-30,economy,6482341,IDR,Scoot,19:30,05:35,1,425,,,google-flights,ok,
2026-10-02 11:10:03+0700,SUB-TPE,SUB,TPE,2027-01-24,2027-02-07,economy,7119949,IDR,Scoot,19:30,11:00,1,435,,,google-flights,ok,
2026-10-02 11:10:03+0700,SUB-TPE,SUB,TPE,2027-02-01,2027-02-15,economy,4901344,IDR,Scoot,09:50,11:00,1,435,,,google-flights,ok,
2026-10-02 11:10:03+0700,SUB-TPE,SUB,TPE,2027-02-09,2027-02-23,economy,10783519,IDR,Scoot,19:30,05:35,1,425,,,google-flights,ok,
2026-10-02 11:10:03+0700,SUB-TPE,SUB,TPE,2027-02-17,2027-03-03,economy,6060698,IDR,Scoot,09:50,11:00,1,435,,,google-flights,ok,
2026-10-02 11:10:03+0700,SUB-TPE,SUB,TPE,2027-02-25,2027-03-11,economy,7325629,IDR,Scoot,09:50,11:00,1,435,,,google-flights,ok,
2026-10-02 11:10:03+0700,SUB-TPE,SUB,TPE,2027-03-05,2027-03-19,economy,9253633,IDR,Scoot,19:30,13:10,1,425,,,google-flights,ok,
2026-10-02 11:10:03+0700,SUB-TPE,SUB,TPE,2027-03-13,2027-03-27,economy,9253633,IDR,Scoot,09:50,05:35,1,425,,,google-flights,ok,
2026-10-02 11:10:03+0700,SUB-TPE,SUB,TPE,2027-03-21,2027-04-04,economy,5623173,IDR,Scoot,19:30,13:15,1,430,,,google-flights,ok,
2026-10-02 11:10:03+0700,SUB-TPE,SUB,TPE,2027-03-29,2027-04-12,economy,7260466,IDR,Scoot,10:35,11:45,1,430,,,google-flights,ok,
2026-10-02 11:10:03+0700,SUB-TPE,SUB,TPE,2027-04-06,2027-04-20,economy,6486322,IDR,Scoot,19:50,17:10,1,430,,,google-flights,ok,
2026-10-02 11:10:03+0700,SUB-TPE,SUB,TPE,2027-04-14,2027-04-28,economy,5121184,IDR,Scoot,19:50,11:45,1,430,,,google-flights,ok,
2026-10-02 11:10:03+0700,SUB-TPE,SUB,TPE,2027-04-22,2027-05-06,economy,5326991,IDR,Scoot,08:35,05:45,1,430,,,google-flights,ok,
2026-10-02 11:10:03+0700,SUB-TPE,SUB,TPE,2027-04-30,2027-05-14,economy,5941144,IDR,Scoot,19:50,11:45,1,430,,,google-flights,ok,
2026-10-02 11:10:03+0700,SUB-TPE,SUB,TPE,2027-05-08,2027-05-22,economy,6146823,IDR,Scoot,19:50,17:10,1,430,,,google-flights,ok,
2026-10-02 11:10:03+0700,SUB-TPE,SUB,TPE,2027-05-16,2027-05-30,economy,5329490,IDR,Scoot,19:50,05:45,1,430,,,google-flights,ok,
2026-10-02 11:10:03+0700,SUB-TPE,SUB,TPE,2027-05-24,2027-06-07,economy,6486196,IDR,Scoot,10:35,11:45,1,430,,,google-flights,ok,
2026-10-02 11:10:03+0700,SUB-TPE,SUB,TPE,2027-06-01,2027-06-15,economy,4784438,IDR,Scoot,19:50,05:45,1,430,,,google-flights,ok,
2026-10-02 11:10:03+0700,SUB-TPE,SUB,TPE,2027-06-09,2027-06-23,economy,5329490,IDR,Scoot,19:50,05:45,1,430,,,google-flights,ok,
2026-10-02 11:10:03+0700,SUB-TPE,SUB,TPE,2027-06-17,2027-07-01,economy,6486196,IDR,Scoot,08:35,05:45,1,430,,,google-flights,ok,
2026-10-02 11:10:03+0700,SUB-TPE,SUB,TPE,2027-06-25,2027-07-09,economy,5123810,IDR,Scoot,19:50,05:45,1,430,,,google-flights,ok,
2026-10-02 11:10:03+0700,SUB-KUL,SUB,KUL,2026-10-05,2026-10-12,economy,4037012,IDR,Citilink Indonesia,11:25,19:10,1,230,,,google-flights,ok,
2026-10-02 11:10:03+0700,SUB-KUL,SUB,KUL,2026-10-13,2026-10-20,economy,3614989,IDR,Indonesia AirAsia,17:45,21:25,0,160,,,google-flights,ok,
2026-10-02 11:10:03+0700,SUB-KUL,SUB,KUL,2026-10-21,2026-10-28,economy,2184003,IDR,Indonesia AirAsia,17:45,21:25,0,160,,,google-flights,ok,
2026-10-02 11:10:03+0700,SUB-KUL,SUB,KUL,2026-10-29,2026-11-05,economy,2904210,IDR,Indonesia AirAsia,04:00,07:35,0,155,,,google-flights,ok,
2026-10-02 11:10:03+0700,SUB-KUL,SUB,KUL,2026-11-06,2026-11-13,economy,3336661,IDR,Malaysia Airlines,10:00,13:40,0,160,,,google-flights,ok,
2026-10-02 11:10:03+0700,SUB-KUL,SUB,KUL,2026-11-14,2026-11-21,economy,2184003,IDR,Indonesia AirAsia,16:45,20:25,0,160,,,google-flights,ok,
2026-10-02 11:10:03+0700,SUB-KUL,SUB,KUL,2026-11-22,2026-11-29,economy,2184003,IDR,Indonesia AirAsia,13:25,17:05,0,160,,,google-flights,ok,
2026-10-02 11:10:03+0700,SUB-KUL,SUB,KUL,2026-11-30,2026-12-07,economy,4237097,IDR,Malaysia Airlines,18:05,21:45,0,160,,,google-flights,ok,
2026-10-02 11:10:03+0700,SUB-KUL,SUB,KUL,2026-12-08,2026-12-15,economy,3288559,IDR,Indonesia AirAsia,16:45,20:25,0,160,,,google-flights,ok,
2026-10-02 11:10:03+0700,SUB-KUL,SUB,KUL,2026-12-16,2026-12-23,economy,4777361,IDR,Malaysia Airlines,10:00,13:40,0,160,,,google-flights,ok,
2026-10-02 11:10:03+0700,SUB-KUL,SUB,KUL,2026-12-24,2026-12-31,economy,4188234,IDR,Indonesia AirAsia,04:00,07:35,0,155,,,google-flights,ok,
2026-10-02 11:10:03+0700,SUB-KUL,SUB,KUL,2027-01-01,2027-01-08,economy,3808234,IDR,Indonesia AirAsia,04:00,07:35,0,155,,,google-flights,ok,
2026-10-02 11:10:03+0700,SUB-KUL,SUB,KUL,2027-01-09,2027-01-16,economy,3587920,IDR,Indonesia AirAsia,04:00,07:35,0,155,,,google-flights,ok,
2026-10-02 11:10:03+0700,SUB-KUL,SUB,KUL,2027-01-17,2027-01-24,economy,3068245,IDR,Indonesia AirAsia,04:00,07:35,0,155,,,google-flights,ok,
2026-10-02 11:10:03+0700,SUB-KUL,SUB,KUL,2027-01-25,2027-02-01,economy,3288559,IDR,Indonesia AirAsia,04:00,07:35,0,155,,,google-flights,ok,
2026-10-02 11:10:03+0700,SUB-SIN,SUB,SIN,2026-10-03,2026-10-10,economy,5128860,IDR,Lion/Batik Air,07:40,15:15,1,195,,,google-flights,ok,
2026-10-02 11:10:03+0700,SUB-SIN,SUB,SIN,2026-10-11,2026-10-18,economy,4898142,IDR,Indonesia AirAsia/AirAsia,05:05,11:35,1,230,,,google-flights,ok,
2026-10-02 11:10:03+0700,SUB-SIN,SUB,SIN,2026-10-19,2026-10-26,economy,4563740,IDR,Indonesia AirAsia/AirAsia,05:05,11:35,1,230,,,google-flights,ok,
2026-10-02 11:10:03+0700,SUB-SIN,SUB,SIN,2026-10-27,2026-11-03,economy,4192672,IDR,Indonesia AirAsia/AirAsia,13:25,19:40,1,240,,,google-flights,ok,
2026-10-02 11:10:03+0700,SUB-SIN,SUB,SIN,2026-11-04,2026-11-11,economy,3580453,IDR,Indonesia AirAsia/AirAsia,13:25,19:40,1,240,,,google-flights,ok,
2026-10-02 11:10:03+0700,SUB-SIN,SUB,SIN,2026-11-12,2026-11-19,economy,4318072,IDR,Indonesia AirAsia/AirAsia,04:00,11:35,1,230,,,google-flights,ok,
2026-10-02 11:10:03+0700,SUB-SIN,SUB,SIN,2026-11-20,2026-11-27,economy,5197772,IDR,Indonesia AirAsia/AirAsia,13:25,19:40,1,240,,,google-flights,ok,
2026-10-02 11:10:03+0700,SUB-SIN,SUB,SIN,2026-11-28,2026-12-05,economy,5118922,IDR,Indonesia AirAsia/AirAsia,04:00,10:20,1,230,,,google-flights,ok,
2026-10-02 11:10:03+0700,SUB-SIN,SUB,SIN,2026-12-06,2026-12-13,economy,5584391,IDR,Malaysia Airlines,18:05,00:30,1,230,,,google-flights,ok,
2026-10-02 11:10:03+0700,SUB-SIN,SUB,SIN,2026-12-14,2026-12-21,economy,5906391,IDR,Malaysia Airlines,18:05,09:05,1,235,,,google-flights,ok,
2026-10-02 11:10:03+0700,SUB-SIN,SUB,SIN,2026-12-22,2026-12-29,economy,6228391,IDR,Malaysia Airlines,10:00,16:40,1,235,,,google-flights,ok,
2026-10-02 11:10:03+0700,SUB-SIN,SUB,SIN,2026-12-30,2027-01-06,economy,6242391,IDR,Malaysia Airlines,15:50,00:30,1,230,,,google-flights,ok,
2026-10-02 11:10:03+0700,SUB-SIN,SUB,SIN,2027-01-07,2027-01-14,economy,6306580,IDR,Garuda Indonesia,11:10,18:25,1,205,,,google-flights,ok,
2026-10-02 11:10:03+0700,SUB-SIN,SUB,SIN,2027-01-15,2027-01-22,economy,6066016,IDR,Indonesia AirAsia/AirAsia,13:25,19:40,1,240,,,google-flights,ok,
2026-10-02 11:10:03+0700,SUB-SIN,SUB,SIN,2027-01-23,2027-01-30,economy,,IDR,,,,,,,,,error,IndexError: list index out of range
2026-10-02 11:10:03+0700,SUB-SIN,SUB,SIN,2027-01-31,2027-02-07,economy,,IDR,,,,,,,,,error,IndexError: list index out of range
2026-10-02 14:11:22+0700,DPS-MEL,DPS,MEL,2026-10-07,2026-10-21,economy,13334532,IDR,Jetstar,15:10,23:45,0,335,,,google-flights,ok,
2026-10-02 14:11:22+0700,DPS-MEL,DPS,MEL,2026-10-15,2026-10-29,economy,,IDR,,,,,,,,,error,IndexError: list index out of range
2026-10-02 14:11:22+0700,DPS-MEL,DPS,MEL,2026-10-23,2026-11-06,economy,,IDR,,,,,,,,,error,IndexError: list index out of range
2026-10-02 14:11:22+0700,DPS-MEL,DPS,MEL,2026-10-31,2026-11-14,economy,13569591,IDR,Scoot,20:00,12:10,1,605,,,google-flights,ok,
2026-10-02 14:11:22+0700,DPS-MEL,DPS,MEL,2026-11-08,2026-11-22,economy,10337398,IDR,Scoot,14:25,21:20,1,620,,,google-flights,ok,
2026-10-02 14:11:22+0700,DPS-MEL,DPS,MEL,2026-11-16,2026-11-30,economy,9695963,IDR,Jetstar,23:10,14:15,1,485,,,google-flights,ok,
2026-10-02 14:11:22+0700,DPS-MEL,DPS,MEL,2026-11-24,2026-12-08,economy,8673065,IDR,Jetstar,11:30,20:10,0,340,,,google-flights,ok,
2026-10-02 14:11:22+0700,DPS-MEL,DPS,MEL,2026-12-02,2026-12-16,economy,10564392,IDR,Jetstar,14:55,23:35,0,340,,,google-flights,ok,
2026-10-02 14:11:22+0700,DPS-MEL,DPS,MEL,2026-12-10,2026-12-24,economy,13624250,IDR,Jetstar,11:30,20:10,0,340,,,google-flights,ok,
2026-10-02 14:11:22+0700,DPS-MEL,DPS,MEL,2026-12-18,2027-01-01,economy,9455982,IDR,Virgin Australia,15:50,00:30,0,340,,,google-flights,ok,
2026-10-02 14:11:22+0700,DPS-MEL,DPS,MEL,2026-12-26,2027-01-09,economy,6480392,IDR,Jetstar,11:30,20:10,0,340,,,google-flights,ok,
2026-10-02 14:11:22+0700,DPS-MEL,DPS,MEL,2027-01-03,2027-01-17,economy,11667623,IDR,Garuda Indonesia,20:40,11:50,1,510,,,google-flights,ok,
2026-10-02 14:11:22+0700,DPS-MEL,DPS,MEL,2027-01-11,2027-01-25,economy,11593414,IDR,Virgin Australia,22:00,06:40,0,340,,,google-flights,ok,
2026-10-02 14:11:22+0700,DPS-MEL,DPS,MEL,2027-01-19,2027-02-02,economy,9455392,IDR,Jetstar,11:30,20:10,0,340,,,google-flights,ok,
2026-10-02 14:11:22+0700,DPS-MEL,DPS,MEL,2027-01-27,2027-02-10,economy,8932392,IDR,Jetstar,14:55,23:35,0,340,,,google-flights,ok,
2026-10-02 14:11:22+0700,SUB-TPE,SUB,TPE,2026-10-05,2026-10-19,economy,13971559,IDR,Scoot,10:35,05:45,1,430,,,google-flights,ok,
2026-10-02 14:11:22+0700,SUB-TPE,SUB,TPE,2026-10-13,2026-10-27,economy,6482342,IDR,Scoot,19:50,05:45,1,430,,,google-flights,ok,
2026-10-02 14:11:22+0700,SUB-TPE,SUB,TPE,2026-10-21,2026-11-04,economy,5037684,IDR,Scoot,19:50,05:45,1,430,,,google-flights,ok,
2026-10-02 14:11:22+0700,SUB-TPE,SUB,TPE,2026-10-29,2026-11-12,economy,5582736,IDR,Scoot,09:50,17:00,1,425,,,google-flights,ok,
2026-10-02 14:11:22+0700,SUB-TPE,SUB,TPE,2026-11-06,2026-11-20,economy,7844727,IDR,Scoot,19:30,05:35,1,425,,,google-flights,ok,
2026-10-02 14:11:22+0700,SUB-TPE,SUB,TPE,2026-11-14,2026-11-28,economy,5243364,IDR,Scoot,19:30,05:35,1,425,,,google-flights,ok,
2026-10-02 14:11:22+0700,SUB-TPE,SUB,TPE,2026-11-22,2026-12-06,economy,8472051,IDR,Scoot,09:50,05:35,1,425,,,google-flights,ok,
2026-10-02 14:11:22+0700,SUB-TPE,SUB,TPE,2026-11-30,2026-12-14,economy,,IDR,,,,,,,,,error,TypeError: 'NoneType' object is not subscriptable
2026-10-02 14:11:22+0700,SUB-TPE,SUB,TPE,2026-12-08,2026-12-22,economy,9880957,IDR,Scoot,09:50,17:00,1,425,,,google-flights,ok,
2026-10-02 14:11:22+0700,SUB-TPE,SUB,TPE,2026-12-16,2026-12-30,economy,10518565,IDR,Scoot,19:30,05:35,1,425,,,google-flights,ok,
2026-10-02 14:11:22+0700,SUB-TPE,SUB,TPE,2026-12-24,2027-01-07,economy,13493108,IDR,Scoot,09:50,05:35,1,425,,,google-flights,ok,
2026-10-02 14:11:22+0700,SUB-TPE,SUB,TPE,2027-01-01,2027-01-15,economy,4698312,IDR,Scoot,19:30,11:00,1,435,,,google-flights,ok,
2026-10-02 14:11:22+0700,SUB-TPE,SUB,TPE,2027-01-09,2027-01-23,economy,5855017,IDR,Scoot,19:30,05:35,1,425,,,google-flights,ok,
2026-10-02 14:11:22+0700,SUB-TPE,SUB,TPE,2027-01-17,2027-01-31,economy,6482341,IDR,Scoot,19:30,05:35,1,425,,,google-flights,ok,
2026-10-02 14:11:22+0700,SUB-TPE,SUB,TPE,2027-01-25,2027-02-08,economy,6685373,IDR,Scoot,09:50,11:00,1,435,,,google-flights,ok,
2026-10-02 14:11:22+0700,SUB-TPE,SUB,TPE,2027-02-02,2027-02-16,economy,4256100,IDR,Scoot,19:30,11:00,1,435,,,google-flights,ok,
2026-10-02 14:11:22+0700,SUB-TPE,SUB,TPE,2027-02-10,2027-02-24,economy,11122891,IDR,Scoot,19:30,05:35,1,425,,,google-flights,ok,
2026-10-02 14:11:22+0700,SUB-TPE,SUB,TPE,2027-02-18,2027-03-04,economy,6060697,IDR,Scoot,09:50,11:00,1,435,,,google-flights,ok,
2026-10-02 14:11:22+0700,SUB-TPE,SUB,TPE,2027-02-26,2027-03-12,economy,8482335,IDR,Scoot,09:50,13:10,1,425,,,google-flights,ok,
2026-10-02 14:11:22+0700,SUB-TPE,SUB,TPE,2027-03-06,2027-03-20,economy,9880957,IDR,Scoot,19:30,05:35,1,425,,,google-flights,ok,
2026-10-02 14:11:22+0700,SUB-TPE,SUB,TPE,2027-03-14,2027-03-28,economy,10518565,IDR,Scoot,19:30,05:35,1,425,,,google-flights,ok,
2026-10-02 14:11:22+0700,SUB-TPE,SUB,TPE,2027-03-22,2027-04-05,economy,7260570,IDR,Scoot,09:50,11:00,1,435,,,google-flights,ok,
2026-10-02 14:11:22+0700,SUB-TPE,SUB,TPE,2027-03-30,2027-04-13,economy,5286427,IDR,Scoot,19:50,05:45,1,430,,,google-flights,ok,
2026-10-02 14:11:22+0700,SUB-TPE,SUB,TPE,2027-04-07,2027-04-21,economy,5123810,IDR,Scoot,19:50,14:15,1,430,,,google-flights,ok,
2026-10-02 14:11:22+0700,SUB-TPE,SUB,TPE,2027-04-15,2027-04-29,economy,7113646,IDR,Scoot,08:35,05:45,1,430,,,google-flights,ok,
2026-10-02 14:11:22+0700,SUB-TPE,SUB,TPE,2027-04-23,2027-05-07,economy,4784438,IDR,Scoot,19:50,05:45,1,430,,,google-flights,ok,
2026-10-02 14:11:22+0700,SUB-TPE,SUB,TPE,2027-05-01,2027-05-15,economy,4990118,IDR,Scoot,19:50,17:10,1,430,,,google-flights,ok,
2026-10-02 14:11:22+0700,SUB-TPE,SUB,TPE,2027-05-09,2027-05-23,economy,6774147,IDR,Scoot,19:50,17:10,1,430,,,google-flights,ok,
2026-10-02 14:11:22+0700,SUB-TPE,SUB,TPE,2027-05-17,2027-05-31,economy,6486322,IDR,Scoot,10:35,11:45,1,430,,,google-flights,ok,
2026-10-02 14:11:22+0700,SUB-TPE,SUB,TPE,2027-05-25,2027-06-08,economy,4578758,IDR,Scoot,19:50,17:10,1,430,,,google-flights,ok,
2026-10-02 14:11:22+0700,SUB-TPE,SUB,TPE,2027-06-02,2027-06-16,economy,5121184,IDR,Scoot,19:50,05:45,1,430,,,google-flights,ok,
2026-10-02 14:11:22+0700,SUB-TPE,SUB,TPE,2027-06-10,2027-06-24,economy,5668862,IDR,Scoot,08:35,05:45,1,430,,,google-flights,ok,
2026-10-02 14:11:22+0700,SUB-TPE,SUB,TPE,2027-06-18,2027-07-02,economy,5123810,IDR,Scoot,19:50,05:45,1,430,,,google-flights,ok,
2026-10-02 14:11:22+0700,SUB-TPE,SUB,TPE,2027-06-26,2027-07-10,economy,5123810,IDR,Scoot,19:50,17:10,1,430,,,google-flights,ok,
2026-10-02 14:11:22+0700,SUB-KUL,SUB,KUL,2026-10-06,2026-10-13,economy,3806990,IDR,Indonesia AirAsia,11:20,15:00,0,160,,,google-flights,ok,
2026-10-02 14:11:22+0700,SUB-KUL,SUB,KUL,2026-10-14,2026-10-21,economy,2562214,IDR,Indonesia AirAsia,11:20,15:00,0,160,,,google-flights,ok,
2026-10-02 14:11:22+0700,SUB-KUL,SUB,KUL,2026-10-22,2026-10-29,economy,2184003,IDR,Indonesia AirAsia,17:45,21:25,0,160,,,google-flights,ok,
2026-10-02 14:11:22+0700,SUB-KUL,SUB,KUL,2026-10-30,2026-11-06,economy,3730239,IDR,Malaysia Airlines,10:00,13:40,0,160,,,google-flights,ok,
2026-10-02 14:11:22+0700,SUB-KUL,SUB,KUL,2026-11-07,2026-11-14,economy,3333876,IDR,Malaysia Airlines,10:00,13:40,0,160,,,google-flights,ok,
2026-10-02 14:11:22+0700,SUB-KUL,SUB,KUL,2026-11-15,2026-11-22,economy,3730239,IDR,Malaysia Airlines,10:00,13:40,0,160,,,google-flights,ok,
2026-10-02 14:11:22+0700,SUB-KUL,SUB,KUL,2026-11-23,2026-11-30,economy,2184003,IDR,Indonesia AirAsia,13:25,17:05,0,160,,,google-flights,ok,
2026-10-02 14:11:22+0700,SUB-KUL,SUB,KUL,2026-12-01,2026-12-08,economy,3939751,IDR,Malaysia Airlines,10:00,13:40,0,160,,,google-flights,ok,
2026-10-02 14:11:22+0700,SUB-KUL,SUB,KUL,2026-12-09,2026-12-16,economy,4372064,IDR,Malaysia Airlines,10:00,13:40,0,160,,,google-flights,ok,
2026-10-02 14:11:22+0700,SUB-KUL,SUB,KUL,2026-12-17,2026-12-24,economy,4772014,IDR,Malaysia Airlines,10:00,13:40,0,160,,,google-flights,ok,
2026-10-02 14:11:22+0700,SUB-KUL,SUB,KUL,2026-12-25,2027-01-01,economy,4188234,IDR,Indonesia AirAsia,04:00,07:35,0,155,,,google-flights,ok,
2026-10-02 14:11:22+0700,SUB-KUL,SUB,KUL,2027-01-02,2027-01-09,economy,3646417,IDR,Indonesia AirAsia,04:00,07:35,0,155,,,google-flights,ok,
2026-10-02 14:11:22+0700,SUB-KUL,SUB,KUL,2027-01-10,2027-01-17,economy,3587920,IDR,Indonesia AirAsia,04:00,07:35,0,155,,,google-flights,ok,
2026-10-02 14:11:22+0700,SUB-KUL,SUB,KUL,2027-01-18,2027-01-25,economy,3948426,IDR,Scoot,09:50,16:15,1,220,,,google-flights,ok,
2026-10-02 14:11:22+0700,SUB-KUL,SUB,KUL,2027-01-26,2027-02-02,economy,3288559,IDR,Indonesia AirAsia,04:00,07:35,0,155,,,google-flights,ok,
2026-10-02 14:11:22+0700,SUB-SIN,SUB,SIN,2026-10-04,2026-10-11,economy,5145675,IDR,Lion/Batik Air,07:40,15:15,1,195,,,google-flights,ok,
2026-10-02 14:11:22+0700,SUB-SIN,SUB,SIN,2026-10-12,2026-10-19,economy,4725207,IDR,Indonesia AirAsia/AirAsia,05:05,11:35,1,230,,,google-flights,ok,
2026-10-02 14:11:22+0700,SUB-SIN,SUB,SIN,2026-10-20,2026-10-27,economy,3835859,IDR,Indonesia AirAsia/AirAsia,05:05,12:15,1,230,,,google-flights,ok,
2026-10-02 14:11:22+0700,SUB-SIN,SUB,SIN,2026-10-28,2026-11-04,economy,4516808,IDR,Indonesia AirAsia/AirAsia,04:00,10:20,1,230,,,google-flights,ok,
2026-10-02 14:11:22+0700,SUB-SIN,SUB,SIN,2026-11-05,2026-11-12,economy,4192672,IDR,Indonesia AirAsia/AirAsia,13:25,19:40,1,240,,,google-flights,ok,
2026-10-02 14:11:22+0700,SUB-SIN,SUB,SIN,2026-11-13,2026-11-20,economy,4445919,IDR,Indonesia AirAsia/AirAsia,13:25,20:55,1,240,,,google-flights,ok,
2026-10-02 14:11:22+0700,SUB-SIN,SUB,SIN,2026-11-21,2026-11-28,economy,4571319,IDR,Indonesia AirAsia/AirAsia,04:00,10:20,1,230,,,google-flights,ok,
2026-10-02 14:11:22+0700,SUB-SIN,SUB,SIN,2026-11-29,2026-12-06,economy,5578723,IDR,Indonesia AirAsia/AirAsia,04:00,10:20,1,230,,,google-flights,ok,
2026-10-02 14:11:22+0700,SUB-SIN,SUB,SIN,2026-12-07,2026-12-14,economy,5584391,IDR,Malaysia Airlines,18:05,00:30,1,230,,,google-flights,ok,
2026-10-02 14:11:22+0700,SUB-SIN,SUB,SIN,2026-12-15,2026-12-22,economy,5819662,IDR,Garuda Indonesia,16:00,16:45,1,225,,,google-flights,ok,
2026-10-02 14:11:22+0700,SUB-SIN,SUB,SIN,2026-12-23,2026-12-30,economy,6228391,IDR,Malaysia Airlines,10:00,16:40,1,235,,,google-flights,ok,
2026-10-02 14:11:22+0700,SUB-SIN,SUB,SIN,2026-12-31,2027-01-07,economy,6242391,IDR,Malaysia Airlines,15:50,00:30,1,230,,,google-flights,ok,
2026-10-02 14:11:22+0700,SUB-SIN,SUB,SIN,2027-01-08,2027-01-15,economy,7074580,IDR,Garuda Indonesia,11:10,18:25,1,205,,,google-flights,ok,
2026-10-02 14:11:22+0700,SUB-SIN,SUB,SIN,2027-01-16,2027-01-23,economy,5459224,IDR,Indonesia AirAsia/AirAsia,04:00,11:35,1,230,,,google-flights,ok,
2026-10-02 14:11:22+0700,SUB-SIN,SUB,SIN,2027-01-24,2027-01-31,economy,,IDR,,,,,,,,,error,IndexError: list index out of range
2026-10-02 14:11:22+0700,SUB-SIN,SUB,SIN,2027-02-01,2027-02-08,economy,,IDR,,,,,,,,,error,IndexError: list index out of range
2026-10-02 17:09:40+0700,DPS-MEL,DPS,MEL,2026-10-08,2026-10-22,economy,,IDR,,,,,,,,,error,IndexError: list index out of range
2026-10-02 17:09:40+0700,DPS-MEL,DPS,MEL,2026-10-16,2026-10-30,economy,,IDR,,,,,,,,,error,IndexError: list index out of range
2026-10-02 17:09:40+0700,DPS-MEL,DPS,MEL,2026-10-24,2026-11-07,economy,,IDR,,,,,,,,,error,IndexError: list index out of range
2026-10-02 17:09:40+0700,DPS-MEL,DPS,MEL,2026-11-01,2026-11-15,economy,11223392,IDR,Jetstar,14:55,23:35,0,340,,,google-flights,ok,
2026-10-02 17:09:40+0700,DPS-MEL,DPS,MEL,2026-11-09,2026-11-23,economy,10266482,IDR,Virgin Australia,23:20,16:35,2,535,,,google-flights,ok,
2026-10-02 17:09:40+0700,DPS-MEL,DPS,MEL,2026-11-17,2026-12-01,economy,9981763,IDR,Jetstar,11:30,20:10,0,340,,,google-flights,ok,
2026-10-02 17:09:40+0700,DPS-MEL,DPS,MEL,2026-11-25,2026-12-09,economy,9392230,IDR,Jetstar,11:30,20:10,0,340,,,google-flights,ok,
2026-10-02 17:09:40+0700,DPS-MEL,DPS,MEL,2026-12-03,2026-12-17,economy,12920482,IDR,Virgin Australia,22:30,12:35,1,465,,,google-flights,ok,
2026-10-02 17:09:40+0700,DPS-MEL,DPS,MEL,2026-12-11,2026-12-25,economy,13737035,IDR,Jetstar,14:55,23:35,0,340,,,google-flights,ok,
2026-10-02 17:09:40+0700,DPS-MEL,DPS,MEL,2026-12-19,2027-01-02,economy,7917424,IDR,Jetstar,11:30,20:10,0,340,,,google-flights,ok,
2026-10-02 17:09:40+0700,DPS-MEL,DPS,MEL,2026-12-27,2027-01-10,economy,7573257,IDR,Jetstar,11:30,20:10,0,340,,,google-flights,ok,
2026-10-02 17:09:40+0700,DPS-MEL,DPS,MEL,2027-01-04,2027-01-18,economy,11671298,IDR,Garuda Indonesia,20:40,11:50,1,510,,,google-flights,ok,
2026-10-02 17:09:40+0700,DPS-MEL,DPS,MEL,2027-01-12,2027-01-26,economy,10054089,IDR,Virgin Australia,22:00,06:40,0,340,,,google-flights,ok,
2026-10-02 17:09:40+0700,DPS-MEL,DPS,MEL,2027-01-20,2027-02-03,economy,9455392,IDR,Jetstar,14:55,23:35,0,340,,,google-flights,ok,
2026-10-02 17:09:40+0700,DPS-MEL,DPS,MEL,2027-01-28,2027-02-11,economy,8142533,IDR,Jetstar,11:30,20:10,0,340,,,google-flights,ok,
2026-10-02 17:09:40+0700,SUB-TPE,SUB,TPE,2026-10-06,2026-10-20,economy,5855018,IDR,Scoot,19:50,05:45,1,430,,,google-flights,ok,
2026-10-02 17:09:40+0700,SUB-TPE,SUB,TPE,2026-10-14,2026-10-28,economy,5855018,IDR,Scoot,19:50,14:15,1,430,,,google-flights,ok,
2026-10-02 17:09:40+0700,SUB-TPE,SUB,TPE,2026-10-22,2026-11-05,economy,5037684,IDR,Scoot,10:35,17:10,1,430,,,google-flights,ok,
2026-10-02 17:09:40+0700,SUB-TPE,SUB,TPE,2026-10-30,2026-11-13,economy,5243364,IDR,Scoot,19:30,11:00,1,435,,,google-flights,ok,
2026-10-02 17:09:40+0700,SUB-TPE,SUB,TPE,2026-11-07,2026-11-21,economy,5582736,IDR,Scoot,09:50,05:35,1,425,,,google-flights,ok,
2026-10-02 17:09:40+0700,SUB-TPE,SUB,TPE,2026-11-15,2026-11-29,economy,7027394,IDR,Scoot,09:50,05:35,1,425,,,google-flights,ok,
2026-10-02 17:09:40+0700,SUB-TPE,SUB,TPE,2026-11-23,2026-12-07,economy,7844727,IDR,Scoot,09:50,05:35,1,425,,,google-flights,ok,
2026-10-02 17:09:40+0700,SUB-TPE,SUB,TPE,2026-12-01,2026-12-15,economy,8482335,IDR,Scoot,09:50,17:00,1,425,,,google-flights,ok,
2026-10-02 17:09:40+0700,SUB-TPE,SUB,TPE,2026-12-09,2026-12-23,economy,9880957,IDR,Scoot,19:30,05:35,1,425,,,google-flights,ok,
2026-10-02 17:09:40+0700,SUB-TPE,SUB,TPE,2026-12-17,2026-12-31,economy,12164004,IDR,Scoot,09:50,17:00,1,425,,,google-flights,ok,
2026-10-02 17:09:40+0700,SUB-TPE,SUB,TPE,2026-12-25,2027-01-08,economy,12865784,IDR,Scoot,19:30,05:35,1,425,,,google-flights,ok,
2026-10-02 17:09:40+0700,SUB-TPE,SUB,TPE,2027-01-02,2027-01-16,economy,4698312,IDR,Scoot,19:30,13:10,1,425,,,google-flights,ok,
2026-10-02 17:09:40+0700,SUB-TPE,SUB,TPE,2027-01-10,2027-01-24,economy,5855017,IDR,Scoot,19:30,05:35,1,425,,,google-flights,ok,
2026-10-02 17:09:40+0700,SUB-TPE,SUB,TPE,2027-01-18,2027-02-01,economy,6060697,IDR,Scoot,09:50,11:00,1,435,,,google-flights,ok,
2026-10-02 17:09:40+0700,SUB-TPE,SUB,TPE,2027-01-26,2027-02-09,economy,6482341,IDR,Scoot,19:30,11:00,1,435,,,google-flights,ok,
2026-10-02 17:09:40+0700,SUB-TPE,SUB,TPE,2027-02-03,2027-02-17,economy,5037684,IDR,Scoot,19:30,05:35,1,425,,,google-flights,ok,
2026-10-02 17:09:40+0700,SUB-TPE,SUB,TPE,2027-02-11,2027-02-25,economy,11940224,IDR,Scoot,09:50,05:35,1,425,,,google-flights,ok,
2026-10-02 17:09:40+0700,SUB-TPE,SUB,TPE,2027-02-19,2027-03-05,economy,5037684,IDR,Scoot,19:30,11:00,1,435,,,google-flights,ok,
2026-10-02 17:09:40+0700,SUB-TPE,SUB,TPE,2027-02-27,2027-03-13,economy,10518565,IDR,Scoot,19:30,05:35,1,425,,,google-flights,ok,
2026-10-02 17:09:40+0700,SUB-TPE,SUB,TPE,2027-03-07,2027-03-21,economy,10755097,IDR,Scoot,19:30,11:00,1,435,,,google-flights,ok,
2026-10-02 17:09:40+0700,SUB-TPE,SUB,TPE,2027-03-15,2027-03-29,economy,10518565,IDR,Scoot,09:50,05:35,1,425,,,google-flights,ok,
2026-10-02 17:09:40+0700,SUB-TPE,SUB,TPE,2027-03-23,2027-04-06,economy,4741375,IDR,Scoot,19:30,11:00,1,435,,,google-flights,ok,
2026-10-02 17:09:40+0700,SUB-TPE,SUB,TPE,2027-03-31,2027-04-14,economy,6146823,IDR,Scoot,19:50,11:45,1,430,,,google-flights,ok,
2026-10-02 17:09:40+0700,SUB-TPE,SUB,TPE,2027-04-08,2027-04-22,economy,6483569,IDR,Scoot,08:35,14:15,1,430,,,google-flights,ok,
2026-10-02 17:09:40+0700,SUB-TPE,SUB,TPE,2027-04-16,2027-04-30,economy,7206075,IDR,Scoot,19:50,05:45,1,430,,,google-flights,ok,
2026-10-02 17:09:40+0700,SUB-TPE,SUB,TPE,2027-04-24,2027-05-08,economy,5329490,IDR,Scoot,19:50,17:10,1,430,,,google-flights,ok,
2026-10-02 17:09:40+0700,SUB-TPE,SUB,TPE,2027-05-02,2027-05-16,economy,5123810,IDR,Scoot,19:50,05:45,1,430,,,google-flights,ok,
2026-10-02 17:09:40+0700,SUB-TPE,SUB,TPE,2027-05-10,2027-05-24,economy,8568461,IDR,Scoot,10:35,11:45,1,430,,,google-flights,ok,
2026-10-02 17:09:40+0700,SUB-TPE,SUB,TPE,2027-05-18,2027-06-01,economy,4342226,IDR,Scoot,19:50,17:10,1,430,,,google-flights,ok,
2026-10-02 17:09:40+0700,SUB-TPE,SUB,TPE,2027-05-26,2027-06-09,economy,5121184,IDR,Scoot,19:50,11:45,1,430,,,google-flights,ok,
2026-10-02 17:09:40+0700,SUB-TPE,SUB,TPE,2027-06-03,2027-06-17,economy,5668862,IDR,Scoot,08:35,05:45,1,430,,,google-flights,ok,
2026-10-02 17:09:40+0700,SUB-TPE,SUB,TPE,2027-06-11,2027-06-25,economy,5326991,IDR,Scoot,19:50,14:15,1,430,,,google-flights,ok,
2026-10-02 17:09:40+0700,SUB-TPE,SUB,TPE,2027-06-19,2027-07-03,economy,5329490,IDR,Scoot,19:50,17:10,1,430,,,google-flights,ok,
2026-10-02 17:09:40+0700,SUB-TPE,SUB,TPE,2027-06-27,2027-07-11,economy,4784438,IDR,Scoot,19:50,17:10,1,430,,,google-flights,ok,
2026-10-02 17:09:40+0700,SUB-KUL,SUB,KUL,2026-10-07,2026-10-14,economy,4316990,IDR,Indonesia AirAsia,11:20,15:00,0,160,,,google-flights,ok,
2026-10-02 17:09:40+0700,SUB-KUL,SUB,KUL,2026-10-15,2026-10-22,economy,2984921,IDR,Indonesia AirAsia,11:20,15:00,0,160,,,google-flights,ok,
2026-10-02 17:09:40+0700,SUB-KUL,SUB,KUL,2026-10-23,2026-10-30,economy,2184003,IDR,Indonesia AirAsia,05:05,08:40,0,155,,,google-flights,ok,
2026-10-02 17:09:40+0700,SUB-KUL,SUB,KUL,2026-10-31,2026-11-07,economy,3146989,IDR,Indonesia AirAsia,04:00,07:35,0,155,,,google-flights,ok,
2026-10-02 17:09:40+0700,SUB-KUL,SUB,KUL,2026-11-08,2026-11-15,economy,2184003,IDR,Indonesia AirAsia,13:25,17:05,0,160,,,google-flights,ok,
2026-10-02 17:09:40+0700,SUB-KUL,SUB,KUL,2026-11-16,2026-11-23,economy,2984921,IDR,Indonesia AirAsia,04:00,07:35,0,155,,,google-flights,ok,
2026-10-02 17:09:40+0700,SUB-KUL,SUB,KUL,2026-11-24,2026-12-01,economy,2525999,IDR,Indonesia AirAsia,04:00,07:35,0,155,,,google-flights,ok,
2026-10-02 17:09:40+0700,SUB-KUL,SUB,KUL,2026-12-02,2026-12-09,economy,2648011,IDR,Indonesia AirAsia,04:00,07:35,0,155,,,google-flights,ok,
2026-10-02 17:09:40+0700,SUB-KUL,SUB,KUL,2026-12-10,2026-12-17,economy,3288559,IDR,Indonesia AirAsia,16:45,20:25,0,160,,,google-flights,ok,
2026-10-02 17:09:40+0700,SUB-KUL,SUB,KUL,2026-12-18,2026-12-25,economy,4957538,IDR,Malaysia Airlines,18:05,21:45,0,160,,,google-flights,ok,
2026-10-02 17:09:40+0700,SUB-KUL,SUB,KUL,2026-12-26,2027-01-02,economy,5629540,IDR,Lion,09:05,15:15,1,250,,,google-flights,ok,
2026-10-02 17:09:40+0700,SUB-KUL,SUB,KUL,2027-01-03,2027-01-10,economy,3808234,IDR,Indonesia AirAsia,04:00,07:35,0,155,,,google-flights,ok,
2026-10-02 17:09:40+0700,SUB-KUL,SUB,KUL,2027-01-11,2027-01-18,economy,,IDR,,,,,,,,,error,FlightsNotFound: no flights found; received error
2026-10-02 17:09:40+0700,SUB-KUL,SUB,KUL,2027-01-19,2027-01-26,economy,,IDR,,,,,,,,,error,FlightsNotFound: no flights found; received error
2026-10-02 17:09:40+0700,SUB-KUL,SUB,KUL,2027-01-27,2027-02-03,economy,,IDR,,,,,,,,,error,FlightsNotFound: no flights found; received error
2026-10-02 17:09:40+0700,SUB-SIN,SUB,SIN,2026-10-05,2026-10-12,economy,5774860,IDR,Lion/Batik Air,06:30,13:45,1,195,,,google-flights,ok,
2026-10-02 17:09:40+0700,SUB-SIN,SUB,SIN,2026-10-13,2026-10-20,economy,4396031,IDR,Lion/Batik Air,07:40,15:15,1,195,,,google-flights,ok,
2026-10-02 17:09:40+0700,SUB-SIN,SUB,SIN,2026-10-21,2026-10-28,economy,,IDR,,,,,,,,,error,FlightsNotFound: no flights found; received error
2026-10-02 17:09:40+0700,SUB-SIN,SUB,SIN,2026-10-29,2026-11-05,economy,5014551,IDR,Indonesia AirAsia/AirAsia,13:25,19:40,1,240,,,google-flights,ok,
2026-10-02 17:09:40+0700,SUB-SIN,SUB,SIN,2026-11-06,2026-11-13,economy,4471887,IDR,Indonesia AirAsia/AirAsia,13:25,19:40,1,240,,,google-flights,ok,
2026-10-02 17:09:40+0700,SUB-SIN,SUB,SIN,2026-11-14,2026-11-21,economy,4445919,IDR,Indonesia AirAsia/AirAsia,13:25,19:40,1,240,,,google-flights,ok,
2026-10-02 17:09:40+0700,SUB-SIN,SUB,SIN,2026-11-22,2026-11-29,economy,4905720,IDR,Indonesia AirAsia/AirAsia,04:00,10:20,1,230,,,google-flights,ok,
2026-10-02 17:09:40+0700,SUB-SIN,SUB,SIN,2026-11-30,2026-12-07,economy,5411522,IDR,Indonesia AirAsia/AirAsia,04:00,10:20,1,230,,,google-flights,ok,
2026-10-02 17:09:40+0700,SUB-SIN,SUB,SIN,2026-12-08,2026-12-15,economy,5584391,IDR,Malaysia Airlines,18:05,00:30,1,230,,,google-flights,ok,
2026-10-02 17:09:40+0700,SUB-SIN,SUB,SIN,2026-12-16,2026-12-23,economy,,IDR,,,,,,,,,error,FlightsNotFound: no flights found; received error
2026-10-02 17:09:40+0700,SUB-SIN,SUB,SIN,2026-12-24,2026-12-31,economy,6378853,IDR,Garuda Indonesia,16:00,16:45,1,225,,,google-flights,ok,
2026-10-02 17:09:40+0700,SUB-SIN,SUB,SIN,2027-01-01,2027-01-08,economy,,IDR,,,,,,,,,error,FlightsNotFound: no flights found; received error
2026-10-02 17:09:40+0700,SUB-SIN,SUB,SIN,2027-01-09,2027-01-16,economy,6306580,IDR,Garuda Indonesia,11:10,18:25,1,205,,,google-flights,ok,
2026-10-02 17:09:40+0700,SUB-SIN,SUB,SIN,2027-01-17,2027-01-24,economy,,IDR,,,,,,,,,error,IndexError: list index out of range
2026-10-02 17:09:40+0700,SUB-SIN,SUB,SIN,2027-01-25,2027-02-01,economy,,IDR,,,,,,,,,error,IndexError: list index out of range
2026-10-02 20:12:13+0700,DPS-MEL,DPS,MEL,2026-10-09,2026-10-23,economy,,IDR,,,,,,,,,error,IndexError: list index out of range
2026-10-02 20:12:13+0700,DPS-MEL,DPS,MEL,2026-10-17,2026-10-31,economy,,IDR,,,,,,,,,error,IndexError: list index out of range
2026-10-02 20:12:13+0700,DPS-MEL,DPS,MEL,2026-10-25,2026-11-08,economy,11924151,IDR,Scoot,01:05,12:10,1,610,,,google-flights,ok,
2026-10-02 20:12:13+0700,DPS-MEL,DPS,MEL,2026-11-02,2026-11-16,economy,11428082,IDR,Virgin Australia,21:25,15:40,1,435,,,google-flights,ok,
2026-10-02 20:12:13+0700,DPS-MEL,DPS,MEL,2026-11-10,2026-11-24,economy,8849609,IDR,Jetstar,14:55,23:35,0,340,,,google-flights,ok,
2026-10-02 20:12:13+0700,DPS-MEL,DPS,MEL,2026-11-18,2026-12-02,economy,9071624,IDR,Jetstar,11:30,20:10,0,340,,,google-flights,ok,
2026-10-02 20:12:13+0700,DPS-MEL,DPS,MEL,2026-11-26,2026-12-10,economy,10034755,IDR,Jetstar,14:55,23:35,0,340,,,google-flights,ok,
2026-10-02 20:12:13+0700,DPS-MEL,DPS,MEL,2026-12-04,2026-12-18,economy,13396284,IDR,Virgin Australia,15:50,00:30,0,340,,,google-flights,ok,
2026-10-02 20:12:13+0700,DPS-MEL,DPS,MEL,2026-12-12,2026-12-26,economy,15210392,IDR,Jetstar,14:55,23:35,0,340,,,google-flights,ok,
2026-10-02 20:12:13+0700,DPS-MEL,DPS,MEL,2026-12-20,2027-01-03,economy,9124405,IDR,Jetstar,20:20,04:55,0,335,,,google-flights,ok,
2026-10-02 20:12:13+0700,DPS-MEL,DPS,MEL,2026-12-28,2027-01-11,economy,7603392,IDR,Jetstar,14:55,23:35,0,340,,,google-flights,ok,
2026-10-02 20:12:13+0700,DPS-MEL,DPS,MEL,2027-01-05,2027-01-19,economy,13365529,IDR,Jetstar,23:20,07:55,0,335,,,google-flights,ok,
2026-10-02 20:12:13+0700,DPS-MEL,DPS,MEL,2027-01-13,2027-01-27,economy,10872892,IDR,Jetstar,11:30,20:10,0,340,,,google-flights,ok,
2026-10-02 20:12:13+0700,DPS-MEL,DPS,MEL,2027-01-21,2027-02-04,economy,9302637,IDR,Virgin Australia,15:50,00:30,0,340,,,google-flights,ok,
2026-10-02 20:12:13+0700,DPS-MEL,DPS,MEL,2027-01-29,2027-02-12,economy,7525637,IDR,Virgin Australia,15:50,00:30,0,340,,,google-flights,ok,
2026-10-02 20:12:13+0700,SUB-TPE,SUB,TPE,2026-10-07,2026-10-21,economy,7217403,IDR,Scoot,19:50,17:10,1,430,,,google-flights,ok,
2026-10-02 20:12:13+0700,SUB-TPE,SUB,TPE,2026-10-15,2026-10-29,economy,5037684,IDR,Scoot,10:35,17:10,1,430,,,google-flights,ok,
2026-10-02 20:12:13+0700,SUB-TPE,SUB,TPE,2026-10-23,2026-11-06,economy,5243364,IDR,Scoot,19:50,05:45,1,430,,,google-flights,ok,
2026-10-02 20:12:13+0700,SUB-TPE,SUB,TPE,2026-10-31,2026-11-14,economy,4492632,IDR,Scoot,19:30,05:35,1,425,,,google-flights,ok,
2026-10-02 20:12:13+0700,SUB-TPE,SUB,TPE,2026-11-08,2026-11-22,economy,6060698,IDR,Scoot,19:30,05:35,1,425,,,google-flights,ok,
2026-10-02 20:12:13+0700,SUB-TPE,SUB,TPE,2026-11-16,2026-11-30,economy,9880958,IDR,Scoot,09:50,05:35,1,425,,,google-flights,ok,
2026-10-02 20:12:13+0700,SUB-TPE,SUB,TPE,2026-11-24,2026-12-08,economy,6060698,IDR,Scoot,09:50,05:35,1,425,,,google-flights,ok,
2026-10-02 20:12:13+0700,SUB-TPE,SUB,TPE,2026-12-02,2026-12-16,economy,8096928,IDR,Scoot,19:30,05:35,1,425,,,google-flights,ok,
2026-10-02 20:12:13+0700,SUB-TPE,SUB,TPE,2026-12-10,2026-12-24,economy,11289864,IDR,Scoot,09:50,17:00,1,425,,,google-flights,ok,
2026-10-02 20:12:13+0700,SUB-TPE,SUB,TPE,2026-12-18,2027-01-01,economy,10518565,IDR,Scoot,19:30,17:00,1,425,,,google-flights,ok,
2026-10-02 20:12:13+0700,SUB-TPE,SUB,TPE,2026-12-26,2027-01-09,economy,12865784,IDR,Scoot,19:30,13:10,1,425,,,google-flights,ok,
2026-10-02 20:12:13+0700,SUB-TPE,SUB,TPE,2027-01-03,2027-01-17,economy,5037684,IDR,Scoot,19:30,11:00,1,435,,,google-flights,ok,
2026-10-02 20:12:13+0700,SUB-TPE,SUB,TPE,2027-01-11,2027-01-25,economy,5243364,IDR,Scoot,09:50,11:00,1,435,,,google-flights,ok,
2026-10-02 20:12:13+0700,SUB-TPE,SUB,TPE,2027-01-19,2027-02-02,economy,6688021,IDR,Scoot,09:50,05:35,1,425,,,google-flights,ok,
2026-10-02 20:12:13+0700,SUB-TPE,SUB,TPE,2027-01-27,2027-02-10,economy,6482341,IDR,Scoot,19:30,05:35,1,425,,,google-flights,ok,
2026-10-02 20:12:13+0700,SUB-TPE,SUB,TPE,2027-02-04,2027-02-18,economy,8482335,IDR,Scoot,09:50,05:35,1,425,,,google-flights,ok,
2026-10-02 20:12:13+0700,SUB-TPE,SUB,TPE,2027-02-12,2027-02-26,economy,12567548,IDR,Scoot,19:30,05:35,1,425,,,google-flights,ok,
2026-10-02 20:12:13+0700,SUB-TPE,SUB,TPE,2027-02-20,2027-03-06,economy,5243364,IDR,Scoot,09:50,13:10,1,425,,,google-flights,ok,
2026-10-02 20:12:13+0700,SUB-TPE,SUB,TPE,2027-02-28,2027-03-14,economy,10518565,IDR,Scoot,19:30,05:35,1,425,,,google-flights,ok,
2026-10-02 20:12:13+0700,SUB-TPE,SUB,TPE,2027-03-08,2027-03-22,economy,9310440,IDR,Scoot,09:50,11:00,1,435,,,google-flights,ok,
2026-10-02 20:12:13+0700,SUB-TPE,SUB,TPE,2027-03-16,2027-03-30,economy,5243364,IDR,Scoot,09:50,13:10,1,425,,,google-flights,ok,
2026-10-02 20:12:13+0700,SUB-TPE,SUB,TPE,2027-03-24,2027-04-07,economy,5080747,IDR,Scoot,19:30,13:10,1,425,,,google-flights,ok,
2026-10-02 20:12:13+0700,SUB-TPE,SUB,TPE,2027-04-01,2027-04-15,economy,7303529,IDR,Scoot,08:35,14:15,1,430,,,google-flights,ok,
2026-10-02 20:12:13+0700,SUB-TPE,SUB,TPE,2027-04-09,2027-04-23,economy,5941143,IDR,Scoot,19:50,11:45,1,430,,,google-flights,ok,
2026-10-02 20:12:13+0700,SUB-TPE,SUB,TPE,2027-04-17,2027-05-01,economy,4990118,IDR,Scoot,19:50,17:10,1,430,,,google-flights,ok,
2026-10-02 20:12:13+0700,SUB-TPE,SUB,TPE,2027-04-25,2027-05-09,economy,5666236,IDR,Scoot,19:50,05:45,1,430,,,google-flights,ok,
2026-10-02 20:12:13+0700,SUB-TPE,SUB,TPE,2027-05-03,2027-05-17,economy,7303529,IDR,Scoot,10:35,11:45,1,430,,,google-flights,ok,
2026-10-02 20:12:13+0700,SUB-TPE,SUB,TPE,2027-05-11,2027-05-25,economy,,IDR,,,,,,,,,error,FlightsNotFound: no flights found; received error
2026-10-02 20:12:13+0700,SUB-TPE,SUB,TPE,2027-05-19,2027-06-02,economy,4578758,IDR,Scoot,19:50,17:10,1,430,,,google-flights,ok,
2026-10-02 20:12:13+0700,SUB-TPE,SUB,TPE,2027-05-27,2027-06-10,economy,6486196,IDR,Scoot,08:35,05:45,1,430,,,google-flights,ok,
2026-10-02 20:12:13+0700,SUB-TPE,SUB,TPE,2027-06-04,2027-06-18,economy,5123810,IDR,Scoot,19:50,05:45,1,430,,,google-flights,ok,
2026-10-02 20:12:13+0700,SUB-TPE,SUB,TPE,2027-06-12,2027-06-26,economy,6486196,IDR,Scoot,19:50,05:45,1,430,,,google-flights,ok,
2026-10-02 20:12:13+0700,SUB-TPE,SUB,TPE,2027-06-20,2027-07-04,economy,5329617,IDR,Scoot,19:50,05:45,1,430,,,google-flights,ok,
2026-10-02 20:12:13+0700,SUB-TPE,SUB,TPE,2027-06-28,2027-07-12,economy,5329490,IDR,Scoot,10:35,14:15,1,430,,,google-flights,ok,
2026-10-02 20:12:13+0700,SUB-KUL,SUB,KUL,2026-10-08,2026-10-15,economy,3286990,IDR,Indonesia AirAsia,17:45,21:25,0,160,,,google-flights,ok,
2026-10-02 20:12:13+0700,SUB-KUL,SUB,KUL,2026-10-16,2026-10-23,economy,2363931,IDR,Indonesia AirAsia,07:05,10:45,0,160,,,google-flights,ok,
2026-10-02 20:12:13+0700,SUB-KUL,SUB,KUL,2026-10-24,2026-10-31,economy,2184003,IDR,Indonesia AirAsia,11:20,15:00,0,160,,,google-flights,ok,
2026-10-02 20:12:13+0700,SUB-KUL,SUB,KUL,2026-11-01,2026-11-08,economy,3017924,IDR,Indonesia AirAsia,16:45,20:25,0,160,,,google-flights,ok,
2026-10-02 20:12:13+0700,SUB-KUL,SUB,KUL,2026-11-09,2026-11-16,economy,2184003,IDR,Indonesia AirAsia,13:25,17:05,0,160,,,google-flights,ok,
2026-10-02 20:12:13+0700,SUB-KUL,SUB,KUL,2026-11-17,2026-11-24,economy,3340315,IDR,Malaysia Airlines,10:00,13:40,0,160,,,google-flights,ok,
2026-10-02 20:12:13+0700,SUB-KUL,SUB,KUL,2026-11-25,2026-12-02,economy,3804851,IDR,Malaysia Airlines,10:00,13:40,0,160,,,google-flights,ok,
2026-10-02 20:12:13+0700,SUB-KUL,SUB,KUL,2026-12-03,2026-12-10,economy,4243841,IDR,Malaysia Airlines,15:50,19:30,0,160,,,google-flights,ok,
2026-10-02 20:12:13+0700,SUB-KUL,SUB,KUL,2026-12-11,2026-12-18,economy,3808234,IDR,Indonesia AirAsia,16:45,20:25,0,160,,,google-flights,ok,
2026-10-02 20:12:13+0700,SUB-KUL,SUB,KUL,2026-12-19,2026-12-26,economy,4029452,IDR,Indonesia AirAsia,04:00,07:35,0,155,,,google-flights,ok,
2026-10-02 20:12:13+0700,SUB-KUL,SUB,KUL,2026-12-27,2027-01-03,economy,4188234,IDR,Indonesia AirAsia,04:00,07:35,0,155,,,google-flights,ok,
2026-10-02 20:12:13+0700,SUB-KUL,SUB,KUL,2027-01-04,2027-01-11,economy,3808234,IDR,Indonesia AirAsia,04:00,07:35,0,155,,,google-flights,ok,
2026-10-02 20:12:13+0700,SUB-KUL,SUB,KUL,2027-01-12,2027-01-19,economy,3068245,IDR,Indonesia AirAsia,04:00,07:35,0,155,,,google-flights,ok,
2026-10-02 20:12:13+0700,SUB-KUL,SUB,KUL,2027-01-20,2027-01-27,economy,3068245,IDR,Indonesia AirAsia,04:00,07:35,0,155,,,google-flights,ok,
2026-10-02 20:12:13+0700,SUB-KUL,SUB,KUL,2027-01-28,2027-02-04,economy,3288559,IDR,Indonesia AirAsia,04:00,07:35,0,155,,,google-flights,ok,
2026-10-02 20:12:13+0700,SUB-SIN,SUB,SIN,2026-10-06,2026-10-13,economy,4960260,IDR,Batik Air,05:05,15:15,1,195,,,google-flights,ok,
2026-10-02 20:12:13+0700,SUB-SIN,SUB,SIN,2026-10-14,2026-10-21,economy,,IDR,,,,,,,,,error,FlightsNotFound: no flights found; received error
2026-10-02 20:12:13+0700,SUB-SIN,SUB,SIN,2026-10-22,2026-10-29,economy,3684610,IDR,Indonesia AirAsia/AirAsia,05:05,11:35,1,230,,,google-flights,ok,
2026-10-02 20:12:13+0700,SUB-SIN,SUB,SIN,2026-10-30,2026-11-06,economy,5461482,IDR,Indonesia AirAsia/AirAsia,04:00,10:20,1,230,,,google-flights,ok,
2026-10-02 20:12:13+0700,SUB-SIN,SUB,SIN,2026-11-07,2026-11-14,economy,4434867,IDR,Indonesia AirAsia/AirAsia,10:20,18:00,1,235,,,google-flights,ok,
2026-10-02 20:12:13+0700,SUB-SIN,SUB,SIN,2026-11-15,2026-11-22,economy,5584391,IDR,Malaysia Airlines,18:05,00:30,1,230,,,google-flights,ok,
2026-10-02 20:12:13+0700,SUB-SIN,SUB,SIN,2026-11-23,2026-11-30,economy,4775188,IDR,Indonesia AirAsia/AirAsia,04:00,10:20,1,230,,,google-flights,ok,
2026-10-02 20:12:13+0700,SUB-SIN,SUB,SIN,2026-12-01,2026-12-08,economy,5553598,IDR,Indonesia AirAsia/AirAsia,04:00,10:20,1,230,,,google-flights,ok,
2026-10-02 20:12:13+0700,SUB-SIN,SUB,SIN,2026-12-09,2026-12-16,economy,5584391,IDR,Malaysia Airlines,10:00,16:40,1,235,,,google-flights,ok,
2026-10-02 20:12:13+0700,SUB-SIN,SUB,SIN,2026-12-17,2026-12-24,economy,,IDR,,,,,,,,,error,FlightsNotFound: no flights found; received error
2026-10-02 20:12:13+0700,SUB-SIN,SUB,SIN,2026-12-25,2027-01-01,economy,6271853,IDR,Garuda Indonesia,16:00,16:45,1,225,,,google-flights,ok,
2026-10-02 20:12:13+0700,SUB-SIN,SUB,SIN,2027-01-02,2027-01-09,economy,6421871,IDR,Garuda Indonesia,11:10,18:25,1,205,,,google-flights,ok,
2026-10-02 20:12:13+0700,SUB-SIN,SUB,SIN,2027-01-10,2027-01-17,economy,,IDR,,,,,,,,,error,IndexError: list index out of range
2026-10-02 20:12:13+0700,SUB-SIN,SUB,SIN,2027-01-18,2027-01-25,economy,,IDR,,,,,,,,,error,IndexError: list index out of range
2026-10-02 20:12:13+0700,SUB-SIN,SUB,SIN,2027-01-26,2027-02-02,economy,5960923,IDR,Indonesia AirAsia/AirAsia,04:00,10:20,1,230,,,google-flights,ok,
2026-10-02 23:09:36+0700,DPS-MEL,DPS,MEL,2026-10-10,2026-10-24,economy,,IDR,,,,,,,,,error,IndexError: list index out of range
2026-10-02 23:09:36+0700,DPS-MEL,DPS,MEL,2026-10-18,2026-11-01,economy,,IDR,,,,,,,,,error,IndexError: list index out of range
2026-10-02 23:09:36+0700,DPS-MEL,DPS,MEL,2026-10-26,2026-11-09,economy,11784882,IDR,Virgin Australia,21:25,15:40,1,435,,,google-flights,ok,
2026-10-02 23:09:36+0700,DPS-MEL,DPS,MEL,2026-11-03,2026-11-17,economy,11000032,IDR,Virgin Australia,15:00,09:25,1,495,,,google-flights,ok,
2026-10-02 23:09:36+0700,DPS-MEL,DPS,MEL,2026-11-11,2026-11-25,economy,9418138,IDR,Jetstar,11:30,20:10,0,340,,,google-flights,ok,
2026-10-02 23:09:36+0700,DPS-MEL,DPS,MEL,2026-11-19,2026-12-03,economy,8235495,IDR,Scoot,11:10,21:20,1,605,,,google-flights,ok,
2026-10-02 23:09:36+0700,DPS-MEL,DPS,MEL,2026-11-27,2026-12-11,economy,9651515,IDR,Jetstar,14:55,23:35,0,340,,,google-flights,ok,
2026-10-02 23:09:36+0700,DPS-MEL,DPS,MEL,2026-12-05,2026-12-19,economy,13774884,IDR,Jetstar,23:10,14:15,1,485,,,google-flights,ok,
2026-10-02 23:09:36+0700,DPS-MEL,DPS,MEL,2026-12-13,2026-12-27,economy,14548532,IDR,Jetstar,14:55,23:35,0,340,,,google-flights,ok,
2026-10-02 23:09:36+0700,DPS-MEL,DPS,MEL,2026-12-21,2027-01-04,economy,7214392,IDR,Jetstar,11:30,20:10,0,340,,,google-flights,ok,
2026-10-02 23:09:36+0700,DPS-MEL,DPS,MEL,2026-12-29,2027-01-12,economy,8194392,IDR,Jetstar,11:30,20:10,0,340,,,google-flights,ok,
2026-10-02 23:09:36+0700,DPS-MEL,DPS,MEL,2027-01-06,2027-01-20,economy,13396327,IDR,Jetstar,14:55,23:35,0,340,,,google-flights,ok,
2026-10-02 23:09:36+0700,DPS-MEL,DPS,MEL,2027-01-14,2027-01-28,economy,10171182,IDR,Jetstar,14:55,23:35,0,340,,,google-flights,ok,
2026-10-02 23:09:36+0700,DPS-MEL,DPS,MEL,2027-01-22,2027-02-05,economy,9470842,IDR,Jetstar,14:55,23:35,0,340,,,google-flights,ok,
2026-10-02 23:09:36+0700,DPS-MEL,DPS,MEL,2027-01-30,2027-02-13,economy,8194392,IDR,Jetstar,11:30,20:10,0,340,,,google-flights,ok,
2026-10-02 23:09:36+0700,SUB-TPE,SUB,TPE,2026-10-08,2026-10-22,economy,14310931,IDR,Scoot,10:35,05:45,1,430,,,google-flights,ok,
2026-10-02 23:09:36+0700,SUB-TPE,SUB,TPE,2026-10-16,2026-10-30,economy,5243364,IDR,Scoot,19:50,11:45,1,430,,,google-flights,ok,
2026-10-02 23:09:36+0700,SUB-TPE,SUB,TPE,2026-10-24,2026-11-07,economy,5243364,IDR,Scoot,19:50,05:35,1,425,,,google-flights,ok,
2026-10-02 23:09:36+0700,SUB-TPE,SUB,TPE,2026-11-01,2026-11-15,economy,5243364,IDR,Scoot,19:30,05:35,1,425,,,google-flights,ok,
2026-10-02 23:09:36+0700,SUB-TPE,SUB,TPE,2026-11-09,2026-11-23,economy,,IDR,,,,,,,,,error,FlightsNotFound: no flights found; received error
2026-10-02 23:09:36+0700,SUB-TPE,SUB,TPE,2026-11-17,2026-12-01,economy,5582736,IDR,Scoot,19:30,05:35,1,425,,,google-flights,ok,
2026-10-02 23:09:36+0700,SUB-TPE,SUB,TPE,2026-11-25,2026-12-09,economy,5037684,IDR,Scoot,19:30,05:35,1,425,,,google-flights,ok,
2026-10-02 23:09:36+0700,SUB-TPE,SUB,TPE,2026-12-03,2026-12-17,economy,9747267,IDR,Scoot,09:50,17:00,1,425,,,google-flights,ok,
2026-10-02 23:09:36+0700,SUB-TPE,SUB,TPE,2026-12-11,2026-12-25,economy,10518565,IDR,Scoot,19:30,17:00,1,425,,,google-flights,ok,
2026-10-02 23:09:36+0700,SUB-TPE,SUB,TPE,2026-12-19,2027-01-02,economy,16663045,IDR,Scoot,19:30,05:35,1,425,,,google-flights,ok,
2026-10-02 23:09:36+0700,SUB-TPE,SUB,TPE,2026-12-27,2027-01-10,economy,10127773,IDR,Scoot,19:30,11:00,1,435,,,google-flights,ok,
2026-10-02 23:09:36+0700,SUB-TPE,SUB,TPE,2027-01-04,2027-01-18,economy,5243364,IDR,Scoot,09:50,13:15,1,430,,,google-flights,ok,
2026-10-02 23:09:36+0700,SUB-TPE,SUB,TPE,2027-01-12,2027-01-26,economy,5037684,IDR,Scoot,19:30,05:35,1,425,,,google-flights,ok,
2026-10-02 23:09:36+0700,SUB-TPE,SUB,TPE,2027-01-20,2027-02-03,economy,7891248,IDR,Scoot,19:30,05:35,1,425,,,google-flights,ok,
2026-10-02 23:09:36+0700,SUB-TPE,SUB,TPE,2027-01-28,2027-02-11,economy,6060697,IDR,Scoot,09:50,11:00,1,435,,,google-flights,ok,
2026-10-02 23:09:36+0700,SUB-TPE,SUB,TPE,2027-02-05,2027-02-19,economy,8482335,IDR,Scoot,19:30,05:35,1,425,,,google-flights,ok,
2026-10-02 23:09:36+0700,SUB-TPE,SUB,TPE,2027-02-13,2027-02-27,economy,11940224,IDR,Scoot,19:30,05:35,1,425,,,google-flights,ok,
2026-10-02 23:09:36+0700,SUB-TPE,SUB,TPE,2027-02-21,2027-03-07,economy,5037684,IDR,Scoot,19:30,11:00,1,435,,,google-flights,ok,
2026-10-02 23:09:36+0700,SUB-TPE,SUB,TPE,2027-03-01,2027-03-15,economy,9880957,IDR,Scoot,09:50,05:35,1,425,,,google-flights,ok,
2026-10-02 23:09:36+0700,SUB-TPE,SUB,TPE,2027-03-09,2027-03-23,economy,8096928,IDR,Scoot,19:30,11:00,1,435,,,google-flights,ok,
2026-10-02 23:09:36+0700,SUB-TPE,SUB,TPE,2027-03-17,2027-03-31,economy,5855017,IDR,Scoot,19:30,13:10,1,425,,,google-flights,ok,
2026-10-02 23:09:36+0700,SUB-TPE,SUB,TPE,2027-03-25,2027-04-08,economy,7887790,IDR,Scoot,09:50,11:00,1,435,,,google-flights,ok,
2026-10-02 23:09:36+0700,SUB-TPE,SUB,TPE,2027-04-02,2027-04-16,economy,6146823,IDR,Scoot,19:50,17:10,1,430,,,google-flights,ok,
2026-10-02 23:09:36+0700,SUB-TPE,SUB,TPE,2027-04-10,2027-04-24,economy,5329490,IDR,Scoot,19:50,17:10,1,430,,,google-flights,ok,
2026-10-02 23:09:36+0700,SUB-TPE,SUB,TPE,2027-04-18,2027-05-02,economy,5668862,IDR,Scoot,19:50,05:45,1,430,,,google-flights,ok,
2026-10-02 23:09:36+0700,SUB-TPE,SUB,TPE,2027-04-26,2027-05-10,economy,4990118,IDR,Scoot,10:35,17:10,1,430,,,google-flights,ok,
2026-10-02 23:09:36+0700,SUB-TPE,SUB,TPE,2027-05-04,2027-05-18,economy,4578758,IDR,Scoot,19:50,17:10,1,430,,,google-flights,ok,
2026-10-02 23:09:36+0700,SUB-TPE,SUB,TPE,2027-05-12,2027-05-26,economy,4342226,IDR,Scoot,19:50,17:10,1,430,,,google-flights,ok,
2026-10-02 23:09:36+0700,SUB-TPE,SUB,TPE,2027-05-20,2027-06-03,economy,6486196,IDR,Scoot,08:35,05:45,1,430,,,google-flights,ok,
2026-10-02 23:09:36+0700,SUB-TPE,SUB,TPE,2027-05-28,2027-06-11,economy,5123810,IDR,Scoot,19:50,11:45,1,430,,,google-flights,ok,
2026-10-02 23:09:36+0700,SUB-TPE,SUB,TPE,2027-06-05,2027-06-19,economy,5329490,IDR,Scoot,19:50,17:10,1,430,,,google-flights,ok,
2026-10-02 23:09:36+0700,SUB-TPE,SUB,TPE,2027-06-13,2027-06-27,economy,5668862,IDR,Scoot,19:50,05:45,1,430,,,google-flights,ok,
2026-10-02 23:09:36+0700,SUB-TPE,SUB,TPE,2027-06-21,2027-07-05,economy,5329490,IDR,Scoot,10:35,17:10,1,430,,,google-flights,ok,
2026-10-02 23:09:36+0700,SUB-TPE,SUB,TPE,2027-06-29,2027-07-13,economy,4578758,IDR,Scoot,19:50,17:10,1,430,,,google-flights,ok,
2026-10-02 23:09:36+0700,SUB-KUL,SUB,KUL,2026-10-09,2026-10-16,economy,3695611,IDR,Batik Air,10:05,13:45,0,160,,,google-flights,ok,
2026-10-02 23:09:36+0700,SUB-KUL,SUB,KUL,2026-10-17,2026-10-24,economy,3452921,IDR,Indonesia AirAsia,11:20,15:00,0,160,,,google-flights,ok,
2026-10-02 23:09:36+0700,SUB-KUL,SUB,KUL,2026-10-25,2026-11-01,economy,2984921,IDR,Indonesia AirAsia,16:45,20:25,0,160,,,google-flights,ok,
2026-10-02 23:09:36+0700,SUB-KUL,SUB,KUL,2026-11-02,2026-11-09,economy,3363317,IDR,Malaysia Airlines,10:00,13:40,0,160,,,google-flights,ok,
2026-10-02 23:09:36+0700,SUB-KUL,SUB,KUL,2026-11-10,2026-11-17,economy,3029921,IDR,Indonesia AirAsia,10:20,13:55,0,155,,,google-flights,ok,
2026-10-02 23:09:36+0700,SUB-KUL,SUB,KUL,2026-11-18,2026-11-25,economy,2184003,IDR,Indonesia AirAsia,10:20,13:55,0,155,,,google-flights,ok,
2026-10-02 23:09:36+0700,SUB-KUL,SUB,KUL,2026-11-26,2026-12-03,economy,2397081,IDR,Indonesia AirAsia,13:25,17:05,0,160,,,google-flights,ok,
2026-10-02 23:09:36+0700,SUB-KUL,SUB,KUL,2026-12-04,2026-12-11,economy,4635553,IDR,Malaysia Airlines,15:50,19:30,0,160,,,google-flights,ok,
2026-10-02 23:09:36+0700,SUB-KUL,SUB,KUL,2026-12-12,2026-12-19,economy,3288559,IDR,Indonesia AirAsia,16:45,20:25,0,160,,,google-flights,ok,
2026-10-02 23:09:36+0700,SUB-KUL,SUB,KUL,2026-12-20,2026-12-27,economy,4991691,IDR,Batik Air,10:05,13:45,0,160,,,google-flights,ok,
2026-10-02 23:09:36+0700,SUB-KUL,SUB,KUL,2026-12-28,2027-01-04,economy,4188234,IDR,Indonesia AirAsia,10:20,13:55,0,155,,,google-flights,ok,
2026-10-02 23:09:36+0700,SUB-KUL,SUB,KUL,2027-01-05,2027-01-12,economy,3808234,IDR,Indonesia AirAsia,04:00,07:35,0,155,,,google-flights,ok,
2026-10-02 23:09:36+0700,SUB-KUL,SUB,KUL,2027-01-13,2027-01-20,economy,3068245,IDR,Indonesia AirAsia,04:00,07:35,0,155,,,google-flights,ok,
2026-10-02 23:09:36+0700,SUB-KUL,SUB,KUL,2027-01-21,2027-01-28,economy,3068245,IDR,Indonesia AirAsia,04:00,07:35,0,155,,,google-flights,ok,
2026-10-02 23:09:36+0700,SUB-KUL,SUB,KUL,2027-01-29,2027-02-05,economy,3288559,IDR,Indonesia AirAsia,04:00,07:35,0,155,,,google-flights,ok,
2026-10-02 23:09:36+0700,SUB-SIN,SUB,SIN,2026-10-07,2026-10-14,economy,5018260,IDR,Batik Air,05:05,13:45,1,195,,,google-flights,ok,
2026-10-02 23:09:36+0700,SUB-SIN,SUB,SIN,2026-10-15,2026-10-22,economy,4533208,IDR,Indonesia AirAsia/AirAsia,07:05,13:00,1,225,,,google-flights,ok,
2026-10-02 23:09:36+0700,SUB-SIN,SUB,SIN,2026-10-23,2026-10-30,economy,3678736,IDR,Indonesia AirAsia/AirAsia,11:20,18:05,1,240,,,google-flights,ok,
2026-10-02 23:09:36+0700,SUB-SIN,SUB,SIN,2026-10-31,2026-11-07,economy,4949983,IDR,Indonesia AirAsia/AirAsia,10:20,18:00,1,235,,,google-flights,ok,
2026-10-02 23:09:36+0700,SUB-SIN,SUB,SIN,2026-11-08,2026-11-15,economy,4419371,IDR,Indonesia AirAsia/AirAsia,04:00,10:20,1,230,,,google-flights,ok,
2026-10-02 23:09:36+0700,SUB-SIN,SUB,SIN,2026-11-16,2026-11-23,economy,4815097,IDR,Indonesia AirAsia/AirAsia,10:20,18:00,1,235,,,google-flights,ok,
2026-10-02 23:09:36+0700,SUB-SIN,SUB,SIN,2026-11-24,2026-12-01,economy,4772920,IDR,Indonesia AirAsia/AirAsia,10:20,18:00,1,235,,,google-flights,ok,
2026-10-02 23:09:36+0700,SUB-SIN,SUB,SIN,2026-12-02,2026-12-09,economy,5418105,IDR,Indonesia AirAsia/AirAsia,04:00,10:20,1,230,,,google-flights,ok,
2026-10-02 23:09:36+0700,SUB-SIN,SUB,SIN,2026-12-10,2026-12-17,economy,5584391,IDR,Malaysia Airlines,10:00,16:40,1,235,,,google-flights,ok,
2026-10-02 23:09:36+0700,SUB-SIN,SUB,SIN,2026-12-18,2026-12-25,economy,5946853,IDR,Garuda Indonesia,16:00,16:45,1,225,,,google-flights,ok,
2026-10-02 23:09:36+0700,SUB-SIN,SUB,SIN,2026-12-26,2027-01-02,economy,6993853,IDR,Garuda Indonesia,09:20,16:45,1,225,,,google-flights,ok,
2026-10-02 23:09:36+0700,SUB-SIN,SUB,SIN,2027-01-03,2027-01-10,economy,6177391,IDR,Malaysia Airlines,10:00,16:40,1,235,,,google-flights,ok,
2026-10-02 23:09:36+0700,SUB-SIN,SUB,SIN,2027-01-11,2027-01-18,economy,,IDR,,,,,,,,,error,IndexError: list index out of range
2026-10-02 23:09:36+0700,SUB-SIN,SUB,SIN,2027-01-19,2027-01-26,economy,5385175,IDR,Indonesia AirAsia/AirAsia,04:00,10:20,1,230,,,google-flights,ok,
2026-10-02 23:09:36+0700,SUB-SIN,SUB,SIN,2027-01-27,2027-02-03,economy,,IDR,,,,,,,,,error,IndexError: list index out of range
2026-10-03 02:10:45+0700,DPS-MEL,DPS,MEL,2026-10-04,2026-10-18,economy,,IDR,,,,,,,,,error,IndexError: list index out of range
2026-10-03 02:10:45+0700,DPS-MEL,DPS,MEL,2026-10-12,2026-10-26,economy,,IDR,,,,,,,,,error,IndexError: list index out of range
2026-10-03 02:10:45+0700,DPS-MEL,DPS,MEL,2026-10-20,2026-11-03,economy,,IDR,,,,,,,,,error,IndexError: list index out of range
2026-10-03 02:10:45+0700,DPS-MEL,DPS,MEL,2026-10-28,2026-11-11,economy,12882682,IDR,Virgin Australia,22:30,11:05,1,465,,,google-flights,ok,
2026-10-03 02:10:45+0700,DPS-MEL,DPS,MEL,2026-11-05,2026-11-19,economy,11379498,IDR,Jetstar,07:00,21:35,1,420,,,google-flights,ok,
2026-10-03 02:10:45+0700,DPS-MEL,DPS,MEL,2026-11-13,2026-11-27,economy,9461392,IDR,Jetstar,11:30,20:10,0,340,,,google-flights,ok,
2026-10-03 02:10:45+0700,DPS-MEL,DPS,MEL,2026-11-21,2026-12-05,economy,10815392,IDR,Jetstar,11:30,20:10,0,340,,,google-flights,ok,
2026-10-03 02:10:45+0700,DPS-MEL,DPS,MEL,2026-11-29,2026-12-13,economy,9926482,IDR,Virgin Australia,23:20,14:50,1,490,,,google-flights,ok,
2026-10-03 02:10:45+0700,DPS-MEL,DPS,MEL,2026-12-07,2026-12-21,economy,11815082,IDR,Virgin Australia,21:25,09:25,1,435,,,google-flights,ok,
2026-10-03 02:10:45+0700,DPS-MEL,DPS,MEL,2026-12-15,2026-12-29,economy,10303482,IDR,Virgin Australia,21:25,07:50,1,435,,,google-flights,ok,
2026-10-03 02:10:45+0700,DPS-MEL,DPS,MEL,2026-12-23,2027-01-06,economy,7940744,IDR,Jetstar,14:55,23:35,0,340,,,google-flights,ok,
2026-10-03 02:10:45+0700,DPS-MEL,DPS,MEL,2026-12-31,2027-01-14,economy,8304273,IDR,Virgin Australia,22:00,06:40,0,340,,,google-flights,ok,
2026-10-03 02:10:45+0700,DPS-MEL,DPS,MEL,2027-01-08,2027-01-22,economy,12161392,IDR,Jetstar,14:55,23:35,0,340,,,google-flights,ok,
2026-10-03 02:10:45+0700,DPS-MEL,DPS,MEL,2027-01-16,2027-01-30,economy,10925369,IDR,Jetstar,14:55,23:35,0,340,,,google-flights,ok,
2026-10-03 02:10:45+0700,DPS-MEL,DPS,MEL,2027-01-24,2027-02-07,economy,9440392,IDR,Jetstar,14:55,23:35,0,340,,,google-flights,ok,
2026-10-03 02:10:45+0700,DPS-MEL,DPS,MEL,2027-02-01,2027-02-15,economy,5667002,IDR,Jetstar,11:30,20:10,0,340,,,google-flights,ok,
2026-10-03 02:10:45+0700,SUB-TPE,SUB,TPE,2026-10-11,2026-10-25,economy,11122891,IDR,Scoot,10:35,05:45,1,430,,,google-flights,ok,
2026-10-03 02:10:45+0700,SUB-TPE,SUB,TPE,2026-10-19,2026-11-02,economy,6482342,IDR,Scoot,10:35,05:45,1,430,,,google-flights,ok,
2026-10-03 02:10:45+0700,SUB-TPE,SUB,TPE,2026-10-27,2026-11-10,economy,4698312,IDR,Scoot,19:30,17:00,1,425,,,google-flights,ok,
2026-10-03 02:10:45+0700,SUB-TPE,SUB,TPE,2026-11-04,2026-11-18,economy,7119950,IDR,Scoot,09:50,05:35,1,425,,,google-flights,ok,
2026-10-03 02:10:45+0700,SUB-TPE,SUB,TPE,2026-11-12,2026-11-26,economy,,IDR,,,,,,,,,error,TypeError: 'NoneType' object is not subscriptable
2026-10-03 02:10:45+0700,SUB-TPE,SUB,TPE,2026-11-20,2026-12-04,economy,8482335,IDR,Scoot,09:50,05:35,1,425,,,google-flights,ok,
2026-10-03 02:10:45+0700,SUB-TPE,SUB,TPE,2026-11-28,2026-12-12,economy,6400069,IDR,Scoot,19:30,05:35,1,425,,,google-flights,ok,
2026-10-03 02:10:45+0700,SUB-TPE,SUB,TPE,2026-12-06,2026-12-20,economy,11289864,IDR,Scoot,19:30,17:00,1,425,,,google-flights,ok,
2026-10-03 02:10:45+0700,SUB-TPE,SUB,TPE,2026-12-14,2026-12-28,economy,11392705,IDR,Scoot,09:50,05:35,1,425,,,google-flights,ok,
2026-10-03 02:10:45+0700,SUB-TPE,SUB,TPE,2026-12-22,2027-01-05,economy,13205156,IDR,Scoot,19:30,05:35,1,425,,,google-flights,ok,
2026-10-03 02:10:45+0700,SUB-TPE,SUB,TPE,2026-12-30,2027-01-13,economy,7665002,IDR,Scoot,19:30,05:35,1,425,,,google-flights,ok,
2026-10-03 02:10:45+0700,SUB-TPE,SUB,TPE,2027-01-07,2027-01-21,economy,6060697,IDR,Scoot,09:50,11:00,1,435,,,google-flights,ok,
2026-10-03 02:10:45+0700,SUB-TPE,SUB,TPE,2027-01-15,2027-01-29,economy,5855017,IDR,Scoot,19:30,05:35,1,425,,,google-flights,ok,
2026-10-03 02:10:45+0700,SUB-TPE,SUB,TPE,2027-01-23,2027-02-06,economy,8765388,IDR,Scoot,19:30,05:35,1,425,,,google-flights,ok,
2026-10-03 02:10:45+0700,SUB-TPE,SUB,TPE,2027-01-31,2027-02-14,economy,5037684,IDR,Scoot,19:30,11:00,1,435,,,google-flights,ok,
2026-10-03 02:10:45+0700,SUB-TPE,SUB,TPE,2027-02-08,2027-02-22,economy,10577839,IDR,Scoot,09:50,05:35,1,425,,,google-flights,ok,
2026-10-03 02:10:45+0700,SUB-TPE,SUB,TPE,2027-02-16,2027-03-02,economy,4492632,IDR,Scoot,19:30,11:00,1,435,,,google-flights,ok,
2026-10-03 02:10:45+0700,SUB-TPE,SUB,TPE,2027-02-24,2027-03-10,economy,6400069,IDR,Scoot,09:50,17:00,1,425,,,google-flights,ok,
2026-10-03 02:10:45+0700,SUB-TPE,SUB,TPE,2027-03-04,2027-03-18,economy,9880957,IDR,Scoot,09:50,05:35,1,425,,,google-flights,ok,
2026-10-03 02:10:45+0700,SUB-TPE,SUB,TPE,2027-03-12,2027-03-26,economy,9880957,IDR,Scoot,09:50,17:00,1,425,,,google-flights,ok,
2026-10-03 02:10:45+0700,SUB-TPE,SUB,TPE,2027-03-20,2027-04-03,economy,7708064,IDR,Scoot,19:30,05:35,1,425,,,google-flights,ok,
2026-10-03 02:10:45+0700,SUB-TPE,SUB,TPE,2027-03-28,2027-04-11,economy,6443133,IDR,Scoot,19:50,17:10,1,430,,,google-flights,ok,
2026-10-03 02:10:45+0700,SUB-TPE,SUB,TPE,2027-04-05,2027-04-19,economy,7930853,IDR,Scoot,10:35,14:15,1,430,,,google-flights,ok,
2026-10-03 02:10:45+0700,SUB-TPE,SUB,TPE,2027-04-13,2027-04-27,economy,4784438,IDR,Scoot,19:50,17:10,1,430,,,google-flights,ok,
2026-10-03 02:10:45+0700,SUB-TPE,SUB,TPE,2027-04-21,2027-05-05,economy,4784438,IDR,Scoot,19:50,11:45,1,430,,,google-flights,ok,
2026-10-03 02:10:45+0700,SUB-TPE,SUB,TPE,2027-04-29,2027-05-13,economy,6774148,IDR,Scoot,08:35,05:45,1,430,,,google-flights,ok,
2026-10-03 02:10:45+0700,SUB-TPE,SUB,TPE,2027-05-07,2027-05-21,economy,4578758,IDR,Scoot,19:50,11:45,1,430,,,google-flights,ok,
2026-10-03 02:10:45+0700,SUB-TPE,SUB,TPE,2027-05-15,2027-05-29,economy,5668862,IDR,Scoot,19:50,17:10,1,430,,,google-flights,ok,
2026-10-03 02:10:45+0700,SUB-TPE,SUB,TPE,2027-05-23,2027-06-06,economy,5668989,IDR,Scoot,19:50,05:45,1,430,,,google-flights,ok,
2026-10-03 02:10:45+0700,SUB-TPE,SUB,TPE,2027-05-31,2027-06-14,economy,7303529,IDR,Scoot,10:35,05:45,1,430,,,google-flights,ok,
2026-10-03 02:10:45+0700,SUB-TPE,SUB,TPE,2027-06-08,2027-06-22,economy,4784438,IDR,Scoot,19:50,05:45,1,430,,,google-flights,ok,
2026-10-03 02:10:45+0700,SUB-TPE,SUB,TPE,2027-06-16,2027-06-30,economy,5326864,IDR,Scoot,19:50,05:45,1,430,,,google-flights,ok,
2026-10-03 02:10:45+0700,SUB-TPE,SUB,TPE,2027-06-24,2027-07-08,economy,6486195,IDR,Scoot,08:35,05:45,1,430,,,google-flights,ok,
2026-10-03 02:10:45+0700,SUB-KUL,SUB,KUL,2026-10-05,2026-10-12,economy,,IDR,,,,,,,,,error,IndexError: list index out of range
2026-10-03 02:10:45+0700,SUB-KUL,SUB,KUL,2026-10-13,2026-10-20,economy,3146989,IDR,Indonesia AirAsia,11:20,15:00,0,160,,,google-flights,ok,
2026-10-03 02:10:45+0700,SUB-KUL,SUB,KUL,2026-10-21,2026-10-28,economy,3438580,IDR,Batik Air,05:05,13:10,1,220,,,google-flights,ok,
2026-10-03 02:10:45+0700,SUB-KUL,SUB,KUL,2026-10-29,2026-11-05,economy,2904210,IDR,Indonesia AirAsia,04:00,07:35,0,155,,,google-flights,ok,
2026-10-03 02:10:45+0700,SUB-KUL,SUB,KUL,2026-11-06,2026-11-13,economy,3454627,IDR,Malaysia Airlines,10:00,13:40,0,160,,,google-flights,ok,
2026-10-03 02:10:45+0700,SUB-KUL,SUB,KUL,2026-11-14,2026-11-21,economy,2184003,IDR,Indonesia AirAsia,10:20,13:55,0,155,,,google-flights,ok,
2026-10-03 02:10:45+0700,SUB-KUL,SUB,KUL,2026-11-22,2026-11-29,economy,2363931,IDR,Indonesia AirAsia,10:20,13:55,0,155,,,google-flights,ok,
2026-10-03 02:10:45+0700,SUB-KUL,SUB,KUL,2026-11-30,2026-12-07,economy,4351152,IDR,Malaysia Airlines,18:05,21:45,0,160,,,google-flights,ok,
2026-10-03 02:10:45+0700,SUB-KUL,SUB,KUL,2026-12-08,2026-12-15,economy,3288559,IDR,Indonesia AirAsia,16:45,20:25,0,160,,,google-flights,ok,
2026-10-03 02:10:45+0700,SUB-KUL,SUB,KUL,2026-12-16,2026-12-23,economy,4116707,IDR,Scoot,19:30,05:55,1,220,,,google-flights,ok,
2026-10-03 02:10:45+0700,SUB-KUL,SUB,KUL,2026-12-24,2026-12-31,economy,4188234,IDR,Indonesia AirAsia,04:00,07:35,0,155,,,google-flights,ok,
2026-10-03 02:10:45+0700,SUB-KUL,SUB,KUL,2027-01-01,2027-01-08,economy,3808234,IDR,Indonesia AirAsia,04:00,07:35,0,155,,,google-flights,ok,
2026-10-03 02:10:45+0700,SUB-KUL,SUB,KUL,2027-01-09,2027-01-16,economy,3587920,IDR,Indonesia AirAsia,04:00,07:35,0,155,,,google-flights,ok,
2026-10-03 02:10:45+0700,SUB-KUL,SUB,KUL,2027-01-17,2027-01-24,economy,3068245,IDR,Indonesia AirAsia,04:00,07:35,0,155,,,google-flights,ok,
2026-10-03 02:10:45+0700,SUB-KUL,SUB,KUL,2027-01-25,2027-02-01,economy,3288559,IDR,Indonesia AirAsia,04:00,07:35,0,155,,,google-flights,ok,
2026-10-03 02:10:45+0700,SUB-SIN,SUB,SIN,2026-10-04,2026-10-11,economy,4987337,IDR,Lion/Batik Air,07:40,15:15,1,195,,,google-flights,ok,
2026-10-03 02:10:45+0700,SUB-SIN,SUB,SIN,2026-10-12,2026-10-19,economy,4877860,IDR,Lion/Batik Air,06:30,13:45,1,195,,,google-flights,ok,
2026-10-03 02:10:45+0700,SUB-SIN,SUB,SIN,2026-10-20,2026-10-27,economy,3841869,IDR,Indonesia AirAsia/AirAsia,05:05,12:15,1,230,,,google-flights,ok,
2026-10-03 02:10:45+0700,SUB-SIN,SUB,SIN,2026-10-28,2026-11-04,economy,4354740,IDR,Indonesia AirAsia/AirAsia,04:00,10:20,1,230,,,google-flights,ok,
2026-10-03 02:10:45+0700,SUB-SIN,SUB,SIN,2026-11-05,2026-11-12,economy,4191212,IDR,Indonesia AirAsia/AirAsia,16:45,22:45,1,235,,,google-flights,ok,
2026-10-03 02:10:45+0700,SUB-SIN,SUB,SIN,2026-11-13,2026-11-20,economy,4445643,IDR,Indonesia AirAsia/AirAsia,13:25,20:55,1,240,,,google-flights,ok,
2026-10-03 02:10:45+0700,SUB-SIN,SUB,SIN,2026-11-21,2026-11-28,economy,4569077,IDR,Indonesia AirAsia/AirAsia,04:00,10:20,1,230,,,google-flights,ok,
2026-10-03 02:10:45+0700,SUB-SIN,SUB,SIN,2026-11-29,2026-12-06,economy,5578723,IDR,Indonesia AirAsia/AirAsia,04:00,10:20,1,230,,,google-flights,ok,
2026-10-03 02:10:45+0700,SUB-SIN,SUB,SIN,2026-12-07,2026-12-14,economy,6280680,IDR,Garuda Indonesia,11:10,18:25,1,205,,,google-flights,ok,
2026-10-03 02:10:45+0700,SUB-SIN,SUB,SIN,2026-12-15,2026-12-22,economy,5824162,IDR,Garuda Indonesia,16:00,16:45,1,225,,,google-flights,ok,
2026-10-03 02:10:45+0700,SUB-SIN,SUB,SIN,2026-12-23,2026-12-30,economy,6048253,IDR,Garuda Indonesia,16:00,16:45,1,225,,,google-flights,ok,
2026-10-03 02:10:45+0700,SUB-SIN,SUB,SIN,2026-12-31,2027-01-07,economy,6534091,IDR,Malaysia Airlines,15:50,00:30,1,230,,,google-flights,ok,
2026-10-03 02:10:45+0700,SUB-SIN,SUB,SIN,2027-01-08,2027-01-15,economy,7062680,IDR,Garuda Indonesia,11:10,18:25,1,205,,,google-flights,ok,
2026-10-03 02:10:45+0700,SUB-SIN,SUB,SIN,2027-01-16,2027-01-23,economy,5457702,IDR,Indonesia AirAsia/AirAsia,04:00,11:35,1,230,,,google-flights,ok,
2026-10-03 02:10:45+0700,SUB-SIN,SUB,SIN,2027-01-24,2027-01-31,economy,,IDR,,,,,,,,,error,IndexError: list index out of range
2026-10-03 02:10:45+0700,SUB-SIN,SUB,SIN,2027-02-01,2027-02-08,economy,,IDR,,,,,,,,,error,IndexError: list index out of range
2026-10-03 05:08:51+0700,DPS-MEL,DPS,MEL,2026-10-05,2026-10-19,economy,,IDR,,,,,,,,,error,IndexError: list index out of range
2026-10-03 05:08:51+0700,DPS-MEL,DPS,MEL,2026-10-13,2026-10-27,economy,,IDR,,,,,,,,,error,IndexError: list index out of range
2026-10-03 05:08:51+0700,DPS-MEL,DPS,MEL,2026-10-21,2026-11-04,economy,,IDR,,,,,,,,,error,IndexError: list index out of range
2026-10-03 05:08:51+0700,DPS-MEL,DPS,MEL,2026-10-29,2026-11-12,economy,10023574,IDR,Cebu Pacific,01:00,00:10,1,755,,,google-flights,ok,
2026-10-03 05:08:51+0700,DPS-MEL,DPS,MEL,2026-11-06,2026-11-20,economy,11696882,IDR,Virgin Australia,23:20,18:35,2,535,,,google-flights,ok,
2026-10-03 05:08:51+0700,DPS-MEL,DPS,MEL,2026-11-14,2026-11-28,economy,11078911,IDR,Jetstar,11:30,20:10,0,340,,,google-flights,ok,
2026-10-03 05:08:51+0700,DPS-MEL,DPS,MEL,2026-11-22,2026-12-06,economy,9525453,IDR,Jetstar,20:20,04:55,0,335,,,google-flights,ok,
2026-10-03 05:08:51+0700,DPS-MEL,DPS,MEL,2026-11-30,2026-12-14,economy,10297482,IDR,Virgin Australia,23:20,15:20,1,490,,,google-flights,ok,
2026-10-03 05:08:51+0700,DPS-MEL,DPS,MEL,2026-12-08,2026-12-22,economy,12766864,IDR,Jetstar,23:20,07:55,0,335,,,google-flights,ok,
2026-10-03 05:08:51+0700,DPS-MEL,DPS,MEL,2026-12-16,2026-12-30,economy,10416891,IDR,Jetstar,11:30,20:10,0,340,,,google-flights,ok,
2026-10-03 05:08:51+0700,DPS-MEL,DPS,MEL,2026-12-24,2027-01-07,economy,8152481,IDR,Virgin Australia,22:00,06:40,0,340,,,google-flights,ok,
2026-10-03 05:08:51+0700,DPS-MEL,DPS,MEL,2027-01-01,2027-01-15,economy,11197378,IDR,Virgin Australia,22:00,06:40,0,340,,,google-flights,ok,
2026-10-03 05:08:51+0700,DPS-MEL,DPS,MEL,2027-01-09,2027-01-23,economy,13322098,IDR,Jetstar,11:30,20:10,0,340,,,google-flights,ok,
2026-10-03 05:08:51+0700,DPS-MEL,DPS,MEL,2027-01-17,2027-01-31,economy,10905660,IDR,Jetstar,14:55,23:35,0,340,,,google-flights,ok,
2026-10-03 05:08:51+0700,DPS-MEL,DPS,MEL,2027-01-25,2027-02-08,economy,10885056,IDR,Jetstar,20:20,04:55,0,335,,,google-flights,ok,
2026-10-03 05:08:51+0700,SUB-TPE,SUB,TPE,2026-10-04,2026-10-18,economy,6482342,IDR,Scoot,19:50,14:15,1,430,,,google-flights,ok,
2026-10-03 05:08:51+0700,SUB-TPE,SUB,TPE,2026-10-12,2026-10-26,economy,9310440,IDR,Scoot,10:35,05:45,1,430,,,google-flights,ok,
2026-10-03 05:08:51+0700,SUB-TPE,SUB,TPE,2026-10-20,2026-11-03,economy,5855018,IDR,Scoot,10:35,17:10,1,430,,,google-flights,ok,
2026-10-03 05:08:51+0700,SUB-TPE,SUB,TPE,2026-10-28,2026-11-11,economy,6060697,IDR,Scoot,19:30,11:00,1,435,,,google-flights,ok,
2026-10-03 05:08:51+0700,SUB-TPE,SUB,TPE,2026-11-05,2026-11-19,economy,5855018,IDR,Scoot,09:50,05:35,1,425,,,google-flights,ok,
2026-10-03 05:08:51+0700,SUB-TPE,SUB,TPE,2026-11-13,2026-11-27,economy,7027394,IDR,Scoot,09:50,05:35,1,425,,,google-flights,ok,
2026-10-03 05:08:51+0700,SUB-TPE,SUB,TPE,2026-11-21,2026-12-05,economy,6400070,IDR,Scoot,09:50,05:35,1,425,,,google-flights,ok,
2026-10-03 05:08:51+0700,SUB-TPE,SUB,TPE,2026-11-29,2026-12-13,economy,9109659,IDR,Scoot,19:30,05:35,1,425,,,google-flights,ok,
2026-10-03 05:08:51+0700,SUB-TPE,SUB,TPE,2026-12-07,2026-12-21,economy,11392705,IDR,Scoot,09:50,05:35,1,425,,,google-flights,ok,
2026-10-03 05:08:51+0700,SUB-TPE,SUB,TPE,2026-12-15,2026-12-29,economy,9747267,IDR,Scoot,19:30,17:00,1,425,,,google-flights,ok,
2026-10-03 05:08:51+0700,SUB-TPE,SUB,TPE,2026-12-23,2027-01-06,economy,12865784,IDR,Scoot,19:30,05:35,1,425,,,google-flights,ok,
2026-10-03 05:08:51+0700,SUB-TPE,SUB,TPE,2026-12-31,2027-01-14,economy,7217403,IDR,Scoot,09:50,05:35,1,425,,,google-flights,ok,
2026-10-03 05:08:51+0700,SUB-TPE,SUB,TPE,2027-01-08,2027-01-22,economy,5037684,IDR,Scoot,19:30,05:35,1,425,,,google-flights,ok,
2026-10-03 05:08:51+0700,SUB-TPE,SUB,TPE,2027-01-16,2027-01-30,economy,6482341,IDR,Scoot,19:30,05:35,1,425,,,google-flights,ok,
2026-10-03 05:08:51+0700,SUB-TPE,SUB,TPE,2027-01-24,2027-02-07,economy,7119949,IDR,Scoot,19:30,11:00,1,435,,,google-flights,ok,
2026-10-03 05:08:51+0700,SUB-TPE,SUB,TPE,2027-02-01,2027-02-15,economy,4461780,IDR,Scoot,09:50,11:00,1,435,,,google-flights,ok,
2026-10-03 05:08:51+0700,SUB-TPE,SUB,TPE,2027-02-09,2027-02-23,economy,10577839,IDR,Scoot,19:30,05:35,1,425,,,google-flights,ok,
2026-10-03 05:08:51+0700,SUB-TPE,SUB,TPE,2027-02-17,2027-03-03,economy,5855018,IDR,Scoot,09:50,11:00,1,435,,,google-flights,ok,
2026-10-03 05:08:51+0700,SUB-TPE,SUB,TPE,2027-02-25,2027-03-11,economy,7325629,IDR,Scoot,09:50,11:00,1,435,,,google-flights,ok,
2026-10-03 05:08:51+0700,SUB-TPE,SUB,TPE,2027-03-05,2027-03-19,economy,9253633,IDR,Scoot,19:30,13:10,1,425,,,google-flights,ok,
2026-10-03 05:08:51+0700,SUB-TPE,SUB,TPE,2027-03-13,2027-03-27,economy,9253633,IDR,Scoot,09:50,05:35,1,425,,,google-flights,ok,
2026-10-03 05:08:51+0700,SUB-TPE,SUB,TPE,2027-03-21,2027-04-04,economy,5625799,IDR,Scoot,19:30,11:00,1,435,,,google-flights,ok,
2026-10-03 05:08:51+0700,SUB-TPE,SUB,TPE,2027-03-29,2027-04-12,economy,7260466,IDR,Scoot,10:35,11:45,1,430,,,google-flights,ok,
2026-10-03 05:08:51+0700,SUB-TPE,SUB,TPE,2027-04-06,2027-04-20,economy,6486196,IDR,Scoot,19:50,17:10,1,430,,,google-flights,ok,
2026-10-03 05:08:51+0700,SUB-TPE,SUB,TPE,2027-04-14,2027-04-28,economy,5123810,IDR,Scoot,19:50,11:45,1,430,,,google-flights,ok,
2026-10-03 05:08:51+0700,SUB-TPE,SUB,TPE,2027-04-22,2027-05-06,economy,5329490,IDR,Scoot,08:35,05:45,1,430,,,google-flights,ok,
2026-10-03 05:08:51+0700,SUB-TPE,SUB,TPE,2027-04-30,2027-05-14,economy,5941144,IDR,Scoot,19:50,11:45,1,430,,,google-flights,ok,
2026-10-03 05:08:51+0700,SUB-TPE,SUB,TPE,2027-05-08,2027-05-22,economy,6146823,IDR,Scoot,19:50,17:10,1,430,,,google-flights,ok,
2026-10-03 05:08:51+0700,SUB-TPE,SUB,TPE,2027-05-16,2027-05-30,economy,5329490,IDR,Scoot,19:50,05:45,1,430,,,google-flights,ok,
2026-10-03 05:08:51+0700,SUB-TPE,SUB,TPE,2027-05-24,2027-06-07,economy,6486196,IDR,Scoot,10:35,11:45,1,430,,,google-flights,ok,
2026-10-03 05:08:51+0700,SUB-TPE,SUB,TPE,2027-06-01,2027-06-15,economy,4784438,IDR,Scoot,19:50,05:45,1,430,,,google-flights,ok,
2026-10-03 05:08:51+0700,SUB-TPE,SUB,TPE,2027-06-09,2027-06-23,economy,5329490,IDR,Scoot,19:50,05:45,1,430,,,google-flights,ok,
2026-10-03 05:08:51+0700,SUB-TPE,SUB,TPE,2027-06-17,2027-07-01,economy,6486196,IDR,Scoot,08:35,05:45,1,430,,,google-flights,ok,
2026-10-03 05:08:51+0700,SUB-TPE,SUB,TPE,2027-06-25,2027-07-09,economy,5123810,IDR,Scoot,19:50,05:45,1,430,,,google-flights,ok,
2026-10-03 05:08:51+0700,SUB-KUL,SUB,KUL,2026-10-06,2026-10-13,economy,3806990,IDR,Indonesia AirAsia,11:20,15:00,0,160,,,google-flights,ok,
2026-10-03 05:08:51+0700,SUB-KUL,SUB,KUL,2026-10-14,2026-10-21,economy,2562214,IDR,Indonesia AirAsia,11:20,15:00,0,160,,,google-flights,ok,
2026-10-03 05:08:51+0700,SUB-KUL,SUB,KUL,2026-10-22,2026-10-29,economy,2184003,IDR,Indonesia AirAsia,17:45,21:25,0,160,,,google-flights,ok,
2026-10-03 05:08:51+0700,SUB-KUL,SUB,KUL,2026-10-30,2026-11-06,economy,3847638,IDR,Malaysia Airlines,10:00,13:40,0,160,,,google-flights,ok,
2026-10-03 05:08:51+0700,SUB-KUL,SUB,KUL,2026-11-07,2026-11-14,economy,3452417,IDR,Malaysia Airlines,10:00,13:40,0,160,,,google-flights,ok,
2026-10-03 05:08:51+0700,SUB-KUL,SUB,KUL,2026-11-15,2026-11-22,economy,2346071,IDR,Indonesia AirAsia,10:20,13:55,0,155,,,google-flights,ok,
2026-10-03 05:08:51+0700,SUB-KUL,SUB,KUL,2026-11-23,2026-11-30,economy,3452417,IDR,Malaysia Airlines,18:05,21:45,0,160,,,google-flights,ok,
2026-10-03 05:08:51+0700,SUB-KUL,SUB,KUL,2026-12-01,2026-12-08,economy,3947021,IDR,Scoot,09:50,16:15,1,220,,,google-flights,ok,
2026-10-03 05:08:51+0700,SUB-KUL,SUB,KUL,2026-12-09,2026-12-16,economy,4497083,IDR,Malaysia Airlines,10:00,13:40,0,160,,,google-flights,ok,
2026-10-03 05:08:51+0700,SUB-KUL,SUB,KUL,2026-12-17,2026-12-24,economy,4895588,IDR,Malaysia Airlines,10:00,13:40,0,160,,,google-flights,ok,
2026-10-03 05:08:51+0700,SUB-KUL,SUB,KUL,2026-12-25,2027-01-01,economy,4188234,IDR,Indonesia AirAsia,04:00,07:35,0,155,,,google-flights,ok,
2026-10-03 05:08:51+0700,SUB-KUL,SUB,KUL,2027-01-02,2027-01-09,economy,3646013,IDR,Indonesia AirAsia,04:00,07:35,0,155,,,google-flights,ok,
2026-10-03 05:08:51+0700,SUB-KUL,SUB,KUL,2027-01-10,2027-01-17,economy,3587920,IDR,Indonesia AirAsia,04:00,07:35,0,155,,,google-flights,ok,
2026-10-03 05:08:51+0700,SUB-KUL,SUB,KUL,2027-01-18,2027-01-25,economy,3947021,IDR,Scoot,09:50,16:15,1,220,,,google-flights,ok,
2026-10-03 05:08:51+0700,SUB-KUL,SUB,KUL,2027-01-26,2027-02-02,economy,3288559,IDR,Indonesia AirAsia,04:00,07:35,0,155,,,google-flights,ok,
2026-10-03 05:08:51+0700,SUB-SIN,SUB,SIN,2026-10-05,2026-10-12,economy,6076860,IDR,Lion/Batik Air,07:40,15:15,1,195,,,google-flights,ok,
2026-10-03 05:08:51+0700,SUB-SIN,SUB,SIN,2026-10-13,2026-10-20,economy,4186046,IDR,Lion/Batik Air,07:40,15:15,1,195,,,google-flights,ok,
2026-10-03 05:08:51+0700,SUB-SIN,SUB,SIN,2026-10-21,2026-10-28,economy,3676787,IDR,Indonesia AirAsia/AirAsia,05:05,11:35,1,230,,,google-flights,ok,
2026-10-03 05:08:51+0700,SUB-SIN,SUB,SIN,2026-10-29,2026-11-05,economy,5014275,IDR,Indonesia AirAsia/AirAsia,13:25,19:40,1,240,,,google-flights,ok,
2026-10-03 05:08:51+0700,SUB-SIN,SUB,SIN,2026-11-06,2026-11-13,economy,4471611,IDR,Indonesia AirAsia/AirAsia,13:25,19:40,1,240,,,google-flights,ok,
2026-10-03 05:08:51+0700,SUB-SIN,SUB,SIN,2026-11-14,2026-11-21,economy,4443753,IDR,Indonesia AirAsia/AirAsia,13:25,19:40,1,240,,,google-flights,ok,
2026-10-03 05:08:51+0700,SUB-SIN,SUB,SIN,2026-11-22,2026-11-29,economy,4905164,IDR,Indonesia AirAsia/AirAsia,04:00,10:20,1,230,,,google-flights,ok,
2026-10-03 05:08:51+0700,SUB-SIN,SUB,SIN,2026-11-30,2026-12-07,economy,5408866,IDR,Indonesia AirAsia/AirAsia,04:00,10:20,1,230,,,google-flights,ok,
2026-10-03 05:08:51+0700,SUB-SIN,SUB,SIN,2026-12-08,2026-12-15,economy,5819991,IDR,Malaysia Airlines,18:05,00:30,1,230,,,google-flights,ok,
2026-10-03 05:08:51+0700,SUB-SIN,SUB,SIN,2026-12-16,2026-12-23,economy,6048253,IDR,Garuda Indonesia,16:00,16:45,1,225,,,google-flights,ok,
2026-10-03 05:08:51+0700,SUB-SIN,SUB,SIN,2026-12-24,2026-12-31,economy,5954253,IDR,Garuda Indonesia,16:00,16:45,1,225,,,google-flights,ok,
2026-10-03 05:08:51+0700,SUB-SIN,SUB,SIN,2027-01-01,2027-01-08,economy,6322418,IDR,Indonesia AirAsia/AirAsia,04:00,10:20,1,230,,,google-flights,ok,
2026-10-03 05:08:51+0700,SUB-SIN,SUB,SIN,2027-01-09,2027-01-16,economy,6294680,IDR,Garuda Indonesia,11:10,18:25,1,205,,,google-flights,ok,
2026-10-03 05:08:51+0700,SUB-SIN,SUB,SIN,2027-01-17,2027-01-24,economy,,IDR,,,,,,,,,error,IndexError: list index out of range
2026-10-03 05:08:51+0700,SUB-SIN,SUB,SIN,2027-01-25,2027-02-01,economy,,IDR,,,,,,,,,error,IndexError: list index out of range
2026-10-03 08:09:47+0700,DPS-MEL,DPS,MEL,2026-10-06,2026-10-20,economy,,IDR,,,,,,,,,error,IndexError: list index out of range
2026-10-03 08:09:47+0700,DPS-MEL,DPS,MEL,2026-10-14,2026-10-28,economy,,IDR,,,,,,,,,error,IndexError: list index out of range
2026-10-03 08:09:47+0700,DPS-MEL,DPS,MEL,2026-10-22,2026-11-05,economy,,IDR,,,,,,,,,error,IndexError: list index out of range
2026-10-03 08:09:47+0700,DPS-MEL,DPS,MEL,2026-10-30,2026-11-13,economy,11859482,IDR,Virgin Australia,23:20,12:20,1,490,,,google-flights,ok,
2026-10-03 08:09:47+0700,DPS-MEL,DPS,MEL,2026-11-07,2026-11-21,economy,10486231,IDR,Jetstar,07:00,00:20,1,420,,,google-flights,ok,
2026-10-03 08:09:47+0700,DPS-MEL,DPS,MEL,2026-11-15,2026-11-29,economy,9307016,IDR,Jetstar,11:30,20:10,0,340,,,google-flights,ok,
2026-10-03 08:09:47+0700,DPS-MEL,DPS,MEL,2026-11-23,2026-12-07,economy,,IDR,,,,,,,,,error,FlightsNotFound: no flights found; received error
2026-10-03 08:09:47+0700,DPS-MEL,DPS,MEL,2026-12-01,2026-12-15,economy,10972194,IDR,Jetstar,20:20,04:55,0,335,,,google-flights,ok,
2026-10-03 08:09:47+0700,DPS-MEL,DPS,MEL,2026-12-09,2026-12-23,economy,13876601,IDR,Jetstar,23:10,14:15,1,485,,,google-flights,ok,
2026-10-03 08:09:47+0700,DPS-MEL,DPS,MEL,2026-12-17,2026-12-31,economy,8722972,IDR,Jetstar,14:55,23:35,0,340,,,google-flights,ok,
2026-10-03 08:09:47+0700,DPS-MEL,DPS,MEL,2026-12-25,2027-01-08,economy,7722835,IDR,Jetstar,23:10,14:15,1,485,,,google-flights,ok,
2026-10-03 08:09:47+0700,DPS-MEL,DPS,MEL,2027-01-02,2027-01-16,economy,12131911,IDR,Jetstar,23:20,07:55,0,335,,,google-flights,ok,
2026-10-03 08:09:47+0700,DPS-MEL,DPS,MEL,2027-01-10,2027-01-24,economy,12161392,IDR,Jetstar,14:55,23:35,0,340,,,google-flights,ok,
2026-10-03 08:09:47+0700,DPS-MEL,DPS,MEL,2027-01-18,2027-02-01,economy,10182392,IDR,Jetstar,14:55,23:35,0,340,,,google-flights,ok,
2026-10-03 08:09:47+0700,DPS-MEL,DPS,MEL,2027-01-26,2027-02-09,economy,8916717,IDR,Jetstar,14:55,23:35,0,340,,,google-flights,ok,
2026-10-03 08:09:47+0700,SUB-TPE,SUB,TPE,2026-10-05,2026-10-19,economy,,IDR,,,,,,,,,error,TypeError: 'NoneType' object is not subscriptable
2026-10-03 08:09:47+0700,SUB-TPE,SUB,TPE,2026-10-13,2026-10-27,economy,6482342,IDR,Scoot,19:50,05:45,1,430,,,google-flights,ok,
2026-10-03 08:09:47+0700,SUB-TPE,SUB,TPE,2026-10-21,2026-11-04,economy,5037684,IDR,Scoot,19:50,05:45,1,430,,,google-flights,ok,
2026-10-03 08:09:47+0700,SUB-TPE,SUB,TPE,2026-10-29,2026-11-12,economy,5582736,IDR,Scoot,09:50,17:00,1,425,,,google-flights,ok,
2026-10-03 08:09:47+0700,SUB-TPE,SUB,TPE,2026-11-06,2026-11-20,economy,7027394,IDR,Scoot,19:30,05:35,1,425,,,google-flights,ok,
2026-10-03 08:09:47+0700,SUB-TPE,SUB,TPE,2026-11-14,2026-11-28,economy,5243364,IDR,Scoot,19:30,05:35,1,425,,,google-flights,ok,
2026-10-03 08:09:47+0700,SUB-TPE,SUB,TPE,2026-11-22,2026-12-06,economy,8472051,IDR,Scoot,09:50,05:35,1,425,,,google-flights,ok,
2026-10-03 08:09:47+0700,SUB-TPE,SUB,TPE,2026-11-30,2026-12-14,economy,,IDR,,,,,,,,,error,TypeError: 'NoneType' object is not subscriptable
2026-10-03 08:09:47+0700,SUB-TPE,SUB,TPE,2026-12-08,2026-12-22,economy,9880957,IDR,Scoot,09:50,17:00,1,425,,,google-flights,ok,
2026-10-03 08:09:47+0700,SUB-TPE,SUB,TPE,2026-12-16,2026-12-30,economy,10518565,IDR,Scoot,19:30,05:35,1,425,,,google-flights,ok,
2026-10-03 08:09:47+0700,SUB-TPE,SUB,TPE,2026-12-24,2027-01-07,economy,13493108,IDR,Scoot,09:50,05:35,1,425,,,google-flights,ok,
2026-10-03 08:09:47+0700,SUB-TPE,SUB,TPE,2027-01-01,2027-01-15,economy,4698312,IDR,Scoot,19:30,11:00,1,435,,,google-flights,ok,
2026-10-03 08:09:47+0700,SUB-TPE,SUB,TPE,2027-01-09,2027-01-23,economy,5855017,IDR,Scoot,19:30,05:35,1,425,,,google-flights,ok,
2026-10-03 08:09:47+0700,SUB-TPE,SUB,TPE,2027-01-17,2027-01-31,economy,6482341,IDR,Scoot,19:30,05:35,1,425,,,google-flights,ok,
2026-10-03 08:09:47+0700,SUB-TPE,SUB,TPE,2027-01-25,2027-02-08,economy,6688021,IDR,Scoot,09:50,11:00,1,435,,,google-flights,ok,
2026-10-03 08:09:47+0700,SUB-TPE,SUB,TPE,2027-02-02,2027-02-16,economy,4256100,IDR,Scoot,19:30,05:35,1,425,,,google-flights,ok,
2026-10-03 08:09:47+0700,SUB-TPE,SUB,TPE,2027-02-10,2027-02-24,economy,11122891,IDR,Scoot,19:30,05:35,1,425,,,google-flights,ok,
2026-10-03 08:09:47+0700,SUB-TPE,SUB,TPE,2027-02-18,2027-03-04,economy,6060697,IDR,Scoot,09:50,11:00,1,435,,,google-flights,ok,
2026-10-03 08:09:47+0700,SUB-TPE,SUB,TPE,2027-02-26,2027-03-12,economy,8482335,IDR,Scoot,09:50,13:10,1,425,,,google-flights,ok,
2026-10-03 08:09:47+0700,SUB-TPE,SUB,TPE,2027-03-06,2027-03-20,economy,9880957,IDR,Scoot,19:30,05:35,1,425,,,google-flights,ok,
2026-10-03 08:09:47+0700,SUB-TPE,SUB,TPE,2027-03-14,2027-03-28,economy,10518565,IDR,Scoot,19:30,05:35,1,425,,,google-flights,ok,
2026-10-03 08:09:47+0700,SUB-TPE,SUB,TPE,2027-03-22,2027-04-05,economy,7260466,IDR,Scoot,09:50,11:00,1,435,,,google-flights,ok,
2026-10-03 08:09:47+0700,SUB-TPE,SUB,TPE,2027-03-30,2027-04-13,economy,5286427,IDR,Scoot,19:50,05:45,1,430,,,google-flights,ok,
2026-10-03 08:09:47+0700,SUB-TPE,SUB,TPE,2027-04-07,2027-04-21,economy,5123810,IDR,Scoot,19:50,14:15,1,430,,,google-flights,ok,
2026-10-03 08:09:47+0700,SUB-TPE,SUB,TPE,2027-04-15,2027-04-29,economy,7113519,IDR,Scoot,08:35,05:45,1,430,,,google-flights,ok,
2026-10-03 08:09:47+0700,SUB-TPE,SUB,TPE,2027-04-23,2027-05-07,economy,4784438,IDR,Scoot,19:50,05:45,1,430,,,google-flights,ok,
2026-10-03 08:09:47+0700,SUB-TPE,SUB,TPE,2027-05-01,2027-05-15,economy,,IDR,,,,,,,,,error,FlightsNotFound: no flights found; received error
2026-10-03 08:09:47+0700,SUB-TPE,SUB,TPE,2027-05-09,2027-05-23,economy,,IDR,,,,,,,,,error,FlightsNotFound: no flights found; received error
2026-10-03 08:09:47+0700,SUB-TPE,SUB,TPE,2027-05-17,2027-05-31,economy,,IDR,,,,,,,,,error,FlightsNotFound: no flights found; received error
2026-10-03 08:09:47+0700,SUB-TPE,SUB,TPE,2027-05-25,2027-06-08,economy,4578758,IDR,Scoot,19:50,17:10,1,430,,,google-flights,ok,
2026-10-03 08:09:47+0700,SUB-TPE,SUB,TPE,2027-06-02,2027-06-16,economy,5123810,IDR,Scoot,19:50,05:45,1,430,,,google-flights,ok,
2026-10-03 08:09:47+0700,SUB-TPE,SUB,TPE,2027-06-10,2027-06-24,economy,5668862,IDR,Scoot,08:35,05:45,1,430,,,google-flights,ok,
2026-10-03 08:09:47+0700,SUB-TPE,SUB,TPE,2027-06-18,2027-07-02,economy,5123810,IDR,Scoot,19:50,05:45,1,430,,,google-flights,ok,
2026-10-03 08:09:47+0700,SUB-TPE,SUB,TPE,2027-06-26,2027-07-10,economy,,IDR,,,,,,,,,error,FlightsNotFound: no flights found; received error
2026-10-03 08:09:47+0700,SUB-KUL,SUB,KUL,2026-10-07,2026-10-14,economy,3806990,IDR,Indonesia AirAsia,07:05,10:45,0,160,,,google-flights,ok,
2026-10-03 08:09:47+0700,SUB-KUL,SUB,KUL,2026-10-15,2026-10-22,economy,2984921,IDR,Indonesia AirAsia,11:20,15:00,0,160,,,google-flights,ok,
2026-10-03 08:09:47+0700,SUB-KUL,SUB,KUL,2026-10-23,2026-10-30,economy,2184003,IDR,Indonesia AirAsia,05:05,08:40,0,155,,,google-flights,ok,
2026-10-03 08:09:47+0700,SUB-KUL,SUB,KUL,2026-10-31,2026-11-07,economy,3146989,IDR,Indonesia AirAsia,04:00,07:35,0,155,,,google-flights,ok,
2026-10-03 08:09:47+0700,SUB-KUL,SUB,KUL,2026-11-08,2026-11-15,economy,2184003,IDR,Indonesia AirAsia,13:25,17:05,0,160,,,google-flights,ok,
2026-10-03 08:09:47+0700,SUB-KUL,SUB,KUL,2026-11-16,2026-11-23,economy,2984921,IDR,Indonesia AirAsia,04:00,07:35,0,155,,,google-flights,ok,
2026-10-03 08:09:47+0700,SUB-KUL,SUB,KUL,2026-11-24,2026-12-01,economy,2525999,IDR,Indonesia AirAsia,04:00,07:35,0,155,,,google-flights,ok,
2026-10-03 08:09:47+0700,SUB-KUL,SUB,KUL,2026-12-02,2026-12-09,economy,3919150,IDR,Malaysia Airlines,10:00,13:40,0,160,,,google-flights,ok,
2026-10-03 08:09:47+0700,SUB-KUL,SUB,KUL,2026-12-10,2026-12-17,economy,4895588,IDR,Malaysia Airlines,10:00,13:40,0,160,,,google-flights,ok,
2026-10-03 08:09:47+0700,SUB-KUL,SUB,KUL,2026-12-18,2026-12-25,economy,4992391,IDR,Batik Air,10:05,13:45,0,160,,,google-flights,ok,
2026-10-03 08:09:47+0700,SUB-KUL,SUB,KUL,2026-12-26,2027-01-02,economy,5630240,IDR,Lion,09:05,15:15,1,250,,,google-flights,ok,
2026-10-03 08:09:47+0700,SUB-KUL,SUB,KUL,2027-01-03,2027-01-10,economy,3808234,IDR,Indonesia AirAsia,04:00,07:35,0,155,,,google-flights,ok,
2026-10-03 08:09:47+0700,SUB-KUL,SUB,KUL,2027-01-11,2027-01-18,economy,3068245,IDR,Indonesia AirAsia,04:00,07:35,0,155,,,google-flights,ok,
2026-10-03 08:09:47+0700,SUB-KUL,SUB,KUL,2027-01-19,2027-01-26,economy,3068245,IDR,Indonesia AirAsia,04:00,07:35,0,155,,,google-flights,ok,
2026-10-03 08:09:47+0700,SUB-KUL,SUB,KUL,2027-01-27,2027-02-03,economy,3288559,IDR,Indonesia AirAsia,04:00,07:35,0,155,,,google-flights,ok,
2026-10-03 08:09:47+0700,SUB-SIN,SUB,SIN,2026-10-06,2026-10-13,economy,5184173,IDR,Citilink Indonesia,11:25,20:00,1,205,,,google-flights,ok,
2026-10-03 08:09:47+0700,SUB-SIN,SUB,SIN,2026-10-14,2026-10-21,economy,4533208,IDR,Indonesia AirAsia/AirAsia,05:05,11:35,1,230,,,google-flights,ok,
2026-10-03 08:09:47+0700,SUB-SIN,SUB,SIN,2026-10-22,2026-10-29,economy,3676787,IDR,Indonesia AirAsia/AirAsia,05:05,11:35,1,230,,,google-flights,ok,
2026-10-03 08:09:47+0700,SUB-SIN,SUB,SIN,2026-10-30,2026-11-06,economy,5458944,IDR,Indonesia AirAsia/AirAsia,04:00,10:20,1,230,,,google-flights,ok,
2026-10-03 08:09:47+0700,SUB-SIN,SUB,SIN,2026-11-07,2026-11-14,economy,4433498,IDR,Indonesia AirAsia/AirAsia,10:20,18:00,1,235,,,google-flights,ok,
2026-10-03 08:09:47+0700,SUB-SIN,SUB,SIN,2026-11-15,2026-11-22,economy,5692993,IDR,Citilink Indonesia,09:00,20:00,1,205,,,google-flights,ok,
2026-10-03 08:09:47+0700,SUB-SIN,SUB,SIN,2026-11-23,2026-11-30,economy,4772920,IDR,Indonesia AirAsia/AirAsia,04:00,10:20,1,230,,,google-flights,ok,
2026-10-03 08:09:47+0700,SUB-SIN,SUB,SIN,2026-12-01,2026-12-08,economy,5553598,IDR,Indonesia AirAsia/AirAsia,04:00,10:20,1,230,,,google-flights,ok,
2026-10-03 08:09:47+0700,SUB-SIN,SUB,SIN,2026-12-09,2026-12-16,economy,5835819,IDR,Indonesia AirAsia/AirAsia,04:00,10:20,1,230,,,google-flights,ok,
2026-10-03 08:09:47+0700,SUB-SIN,SUB,SIN,2026-12-17,2026-12-24,economy,5954253,IDR,Garuda Indonesia,16:00,16:45,1,225,,,google-flights,ok,
2026-10-03 08:09:47+0700,SUB-SIN,SUB,SIN,2026-12-25,2027-01-01,economy,6279353,IDR,Garuda Indonesia,16:00,16:45,1,225,,,google-flights,ok,
2026-10-03 08:09:47+0700,SUB-SIN,SUB,SIN,2027-01-02,2027-01-09,economy,6421871,IDR,Garuda Indonesia,11:10,18:25,1,205,,,google-flights,ok,
2026-10-03 08:09:47+0700,SUB-SIN,SUB,SIN,2027-01-10,2027-01-17,economy,,IDR,,,,,,,,,error,IndexError: list index out of range
2026-10-03 08:09:47+0700,SUB-SIN,SUB,SIN,2027-01-18,2027-01-25,economy,,IDR,,,,,,,,,error,IndexError: list index out of range
2026-10-03 08:09:47+0700,SUB-SIN,SUB,SIN,2027-01-26,2027-02-02,economy,5960617,IDR,Indonesia AirAsia/AirAsia,04:00,10:20,1,230,,,google-flights,ok,
2026-10-03 11:12:18+0700,DPS-MEL,DPS,MEL,2026-10-07,2026-10-21,economy,14856392,IDR,Jetstar,12:05,20:40,0,335,,,google-flights,ok,
2026-10-03 11:12:18+0700,DPS-MEL,DPS,MEL,2026-10-15,2026-10-29,economy,,IDR,,,,,,,,,error,IndexError: list index out of range
2026-10-03 11:12:18+0700,DPS-MEL,DPS,MEL,2026-10-23,2026-11-06,economy,,IDR,,,,,,,,,error,IndexError: list index out of range
2026-10-03 11:12:18+0700,DPS-MEL,DPS,MEL,2026-10-31,2026-11-14,economy,13569591,IDR,Scoot,20:00,12:10,1,605,,,google-flights,ok,
2026-10-03 11:12:18+0700,DPS-MEL,DPS,MEL,2026-11-08,2026-11-22,economy,10342732,IDR,Scoot,14:25,12:10,1,620,,,google-flights,ok,
2026-10-03 11:12:18+0700,DPS-MEL,DPS,MEL,2026-11-16,2026-11-30,economy,9685886,IDR,Jetstar,23:10,14:15,1,485,,,google-flights,ok,
2026-10-03 11:12:18+0700,DPS-MEL,DPS,MEL,2026-11-24,2026-12-08,economy,9040866,IDR,Jetstar,11:30,20:10,0,340,,,google-flights,ok,
2026-10-03 11:12:18+0700,DPS-MEL,DPS,MEL,2026-12-02,2026-12-16,economy,10565156,IDR,Jetstar,14:55,23:35,0,340,,,google-flights,ok,
2026-10-03 11:12:18+0700,DPS-MEL,DPS,MEL,2026-12-10,2026-12-24,economy,12420392,IDR,Jetstar,11:30,20:10,0,340,,,google-flights,ok,
2026-10-03 11:12:18+0700,DPS-MEL,DPS,MEL,2026-12-18,2027-01-01,economy,9455482,IDR,Virgin Australia,15:50,00:30,0,340,,,google-flights,ok,
2026-10-03 11:12:18+0700,DPS-MEL,DPS,MEL,2026-12-26,2027-01-09,economy,6480392,IDR,Jetstar,11:30,20:10,0,340,,,google-flights,ok,
2026-10-03 11:12:18+0700,DPS-MEL,DPS,MEL,2027-01-03,2027-01-17,economy,11674635,IDR,Garuda Indonesia,20:40,11:50,1,510,,,google-flights,ok,
2026-10-03 11:12:18+0700,DPS-MEL,DPS,MEL,2027-01-11,2027-01-25,economy,12165661,IDR,Jetstar,11:30,20:10,0,340,,,google-flights,ok,
2026-10-03 11:12:18+0700,DPS-MEL,DPS,MEL,2027-01-19,2027-02-02,economy,8896326,IDR,Virgin Australia,22:00,06:40,0,340,,,google-flights,ok,
2026-10-03 11:12:18+0700,DPS-MEL,DPS,MEL,2027-01-27,2027-02-10,economy,8911288,IDR,Jetstar,14:55,23:35,0,340,,,google-flights,ok,
2026-10-03 11:12:18+0700,SUB-TPE,SUB,TPE,2026-10-06,2026-10-20,economy,5855018,IDR,Scoot,19:50,05:45,1,430,,,google-flights,ok,
2026-10-03 11:12:18+0700,SUB-TPE,SUB,TPE,2026-10-14,2026-10-28,economy,5855018,IDR,Scoot,19:50,11:45,1,430,,,google-flights,ok,
2026-10-03 11:12:18+0700,SUB-TPE,SUB,TPE,2026-10-22,2026-11-05,economy,5037684,IDR,Scoot,10:35,17:10,1,430,,,google-flights,ok,
2026-10-03 11:12:18+0700,SUB-TPE,SUB,TPE,2026-10-30,2026-11-13,economy,5243364,IDR,Scoot,19:30,11:00,1,435,,,google-flights,ok,
2026-10-03 11:12:18+0700,SUB-TPE,SUB,TPE,2026-11-07,2026-11-21,economy,5582736,IDR,Scoot,09:50,05:35,1,425,,,google-flights,ok,
2026-10-03 11:12:18+0700,SUB-TPE,SUB,TPE,2026-11-15,2026-11-29,economy,7027394,IDR,Scoot,09:50,05:35,1,425,,,google-flights,ok,
2026-10-03 11:12:18+0700,SUB-TPE,SUB,TPE,2026-11-23,2026-12-07,economy,7844727,IDR,Scoot,09:50,05:35,1,425,,,google-flights,ok,
2026-10-03 11:12:18+0700,SUB-TPE,SUB,TPE,2026-12-01,2026-12-15,economy,8482335,IDR,Scoot,09:50,17:00,1,425,,,google-flights,ok,
2026-10-03 11:12:18+0700,SUB-TPE,SUB,TPE,2026-12-09,2026-12-23,economy,9880957,IDR,Scoot,19:30,05:35,1,425,,,google-flights,ok,
2026-10-03 11:12:18+0700,SUB-TPE,SUB,TPE,2026-12-17,2026-12-31,economy,12164004,IDR,Scoot,09:50,17:00,1,425,,,google-flights,ok,
2026-10-03 11:12:18+0700,SUB-TPE,SUB,TPE,2026-12-25,2027-01-08,economy,12865784,IDR,Scoot,19:30,05:35,1,425,,,google-flights,ok,
2026-10-03 11:12:18+0700,SUB-TPE,SUB,TPE,2027-01-02,2027-01-16,economy,4698312,IDR,Scoot,19:30,11:00,1,435,,,google-flights,ok,
2026-10-03 11:12:18+0700,SUB-TPE,SUB,TPE,2027-01-10,2027-01-24,economy,5855017,IDR,Scoot,19:30,05:35,1,425,,,google-flights,ok,
2026-10-03 11:12:18+0700,SUB-TPE,SUB,TPE,2027-01-18,2027-02-01,economy,5243364,IDR,Scoot,09:50,11:00,1,435,,,google-flights,ok,
2026-10-03 11:12:18+0700,SUB-TPE,SUB,TPE,2027-01-26,2027-02-09,economy,6482341,IDR,Scoot,19:30,11:00,1,435,,,google-flights,ok,
2026-10-03 11:12:18+0700,SUB-TPE,SUB,TPE,2027-02-03,2027-02-17,economy,4698312,IDR,Scoot,19:30,05:35,1,425,,,google-flights,ok,
2026-10-03 11:12:18+0700,SUB-TPE,SUB,TPE,2027-02-11,2027-02-25,economy,11940224,IDR,Scoot,09:50,05:35,1,425,,,google-flights,ok,
2026-10-03 11:12:18+0700,SUB-TPE,SUB,TPE,2027-02-19,2027-03-05,economy,5037684,IDR,Scoot,19:30,11:00,1,435,,,google-flights,ok,
2026-10-03 11:12:18+0700,SUB-TPE,SUB,TPE,2027-02-27,2027-03-13,economy,10518565,IDR,Scoot,19:30,05:35,1,425,,,google-flights,ok,
2026-10-03 11:12:18+0700,SUB-TPE,SUB,TPE,2027-03-07,2027-03-21,economy,9880957,IDR,Scoot,19:30,13:15,1,430,,,google-flights,ok,
2026-10-03 11:12:18+0700,SUB-TPE,SUB,TPE,2027-03-15,2027-03-29,economy,10518565,IDR,Scoot,09:50,05:35,1,425,,,google-flights,ok,
2026-10-03 11:12:18+0700,SUB-TPE,SUB,TPE,2027-03-23,2027-04-06,economy,4741375,IDR,Scoot,19:30,11:00,1,435,,,google-flights,ok,
2026-10-03 11:12:18+0700,SUB-TPE,SUB,TPE,2027-03-31,2027-04-14,economy,6146823,IDR,Scoot,19:50,11:45,1,430,,,google-flights,ok,
2026-10-03 11:12:18+0700,SUB-TPE,SUB,TPE,2027-04-08,2027-04-22,economy,6486195,IDR,Scoot,08:35,14:15,1,430,,,google-flights,ok,
2026-10-03 11:12:18+0700,SUB-TPE,SUB,TPE,2027-04-16,2027-04-30,economy,7206075,IDR,Scoot,19:50,11:45,1,430,,,google-flights,ok,
2026-10-03 11:12:18+0700,SUB-TPE,SUB,TPE,2027-04-24,2027-05-08,economy,5329490,IDR,Scoot,19:50,17:10,1,430,,,google-flights,ok,
2026-10-03 11:12:18+0700,SUB-TPE,SUB,TPE,2027-05-02,2027-05-16,economy,5123810,IDR,Scoot,19:50,05:45,1,430,,,google-flights,ok,
2026-10-03 11:12:18+0700,SUB-TPE,SUB,TPE,2027-05-10,2027-05-24,economy,8568461,IDR,Scoot,10:35,11:45,1,430,,,google-flights,ok,
2026-10-03 11:12:18+0700,SUB-TPE,SUB,TPE,2027-05-18,2027-06-01,economy,4342226,IDR,Scoot,19:50,17:10,1,430,,,google-flights,ok,
2026-10-03 11:12:18+0700,SUB-TPE,SUB,TPE,2027-05-26,2027-06-09,economy,5121184,IDR,Scoot,19:50,11:45,1,430,,,google-flights,ok,
2026-10-03 11:12:18+0700,SUB-TPE,SUB,TPE,2027-06-03,2027-06-17,economy,5668862,IDR,Scoot,08:35,05:45,1,430,,,google-flights,ok,
2026-10-03 11:12:18+0700,SUB-TPE,SUB,TPE,2027-06-11,2027-06-25,economy,5329490,IDR,Scoot,19:50,14:15,1,430,,,google-flights,ok,
2026-10-03 11:12:18+0700,SUB-TPE,SUB,TPE,2027-06-19,2027-07-03,economy,5329490,IDR,Scoot,19:50,17:10,1,430,,,google-flights,ok,
2026-10-03 11:12:18+0700,SUB-TPE,SUB,TPE,2027-06-27,2027-07-11,economy,4784438,IDR,Scoot,19:50,17:10,1,430,,,google-flights,ok,
2026-10-03 11:12:18+0700,SUB-KUL,SUB,KUL,2026-10-08,2026-10-15,economy,4831880,IDR,Lion/Batik Air,11:40,20:10,1,330,,,google-flights,ok,
2026-10-03 11:12:18+0700,SUB-KUL,SUB,KUL,2026-10-16,2026-10-23,economy,2525999,IDR,Indonesia AirAsia,07:05,10:45,0,160,,,google-flights,ok,
2026-10-03 11:12:18+0700,SUB-KUL,SUB,KUL,2026-10-24,2026-10-31,economy,2184003,IDR,Indonesia AirAsia,11:20,15:00,0,160,,,google-flights,ok,
2026-10-03 11:12:18+0700,SUB-KUL,SUB,KUL,2026-11-01,2026-11-08,economy,3017924,IDR,Indonesia AirAsia,16:45,20:25,0,160,,,google-flights,ok,
2026-10-03 11:12:18+0700,SUB-KUL,SUB,KUL,2026-11-09,2026-11-16,economy,2184003,IDR,Indonesia AirAsia,13:25,17:05,0,160,,,google-flights,ok,
2026-10-03 11:12:18+0700,SUB-KUL,SUB,KUL,2026-11-17,2026-11-24,economy,2184003,IDR,Indonesia AirAsia,13:25,17:05,0,160,,,google-flights,ok,
2026-10-03 11:12:18+0700,SUB-KUL,SUB,KUL,2026-11-25,2026-12-02,economy,3847638,IDR,Malaysia Airlines,10:00,13:40,0,160,,,google-flights,ok,
2026-10-03 11:12:18+0700,SUB-KUL,SUB,KUL,2026-12-03,2026-12-10,economy,4347083,IDR,Malaysia Airlines,15:50,19:30,0,160,,,google-flights,ok,
2026-10-03 11:12:18+0700,SUB-KUL,SUB,KUL,2026-12-11,2026-12-18,economy,3808234,IDR,Indonesia AirAsia,16:45,20:25,0,160,,,google-flights,ok,
2026-10-03 11:12:18+0700,SUB-KUL,SUB,KUL,2026-12-19,2026-12-26,economy,4026416,IDR,Indonesia AirAsia,04:00,07:35,0,155,,,google-flights,ok,
2026-10-03 11:12:18+0700,SUB-KUL,SUB,KUL,2026-12-27,2027-01-03,economy,4188234,IDR,Indonesia AirAsia,04:00,07:35,0,155,,,google-flights,ok,
2026-10-03 11:12:18+0700,SUB-KUL,SUB,KUL,2027-01-04,2027-01-11,economy,3808234,IDR,Indonesia AirAsia,04:00,07:35,0,155,,,google-flights,ok,
2026-10-03 11:12:18+0700,SUB-KUL,SUB,KUL,2027-01-12,2027-01-19,economy,3068245,IDR,Indonesia AirAsia,04:00,07:35,0,155,,,google-flights,ok,
2026-10-03 11:12:18+0700,SUB-KUL,SUB,KUL,2027-01-20,2027-01-27,economy,3068245,IDR,Indonesia AirAsia,04:00,07:35,0,155,,,google-flights,ok,
2026-10-03 11:12:18+0700,SUB-KUL,SUB,KUL,2027-01-28,2027-02-04,economy,3288559,IDR,Indonesia AirAsia,04:00,07:35,0,155,,,google-flights,ok,
2026-10-03 11:12:18+0700,SUB-SIN,SUB,SIN,2026-10-07,2026-10-14,economy,5019260,IDR,Batik Air,05:05,13:45,1,195,,,google-flights,ok,
2026-10-03 11:12:18+0700,SUB-SIN,SUB,SIN,2026-10-15,2026-10-22,economy,4533208,IDR,Indonesia AirAsia/AirAsia,05:05,11:35,1,230,,,google-flights,ok,
2026-10-03 11:12:18+0700,SUB-SIN,SUB,SIN,2026-10-23,2026-10-30,economy,3676787,IDR,Indonesia AirAsia/AirAsia,11:20,18:05,1,240,,,google-flights,ok,
2026-10-03 11:12:18+0700,SUB-SIN,SUB,SIN,2026-10-31,2026-11-07,economy,4947817,IDR,Indonesia AirAsia/AirAsia,10:20,18:00,1,235,,,google-flights,ok,
2026-10-03 11:12:18+0700,SUB-SIN,SUB,SIN,2026-11-08,2026-11-15,economy,4419070,IDR,Indonesia AirAsia/AirAsia,04:00,10:20,1,230,,,google-flights,ok,
2026-10-03 11:12:18+0700,SUB-SIN,SUB,SIN,2026-11-16,2026-11-23,economy,4981793,IDR,Indonesia AirAsia/AirAsia,13:25,19:40,1,240,,,google-flights,ok,
2026-10-03 11:12:18+0700,SUB-SIN,SUB,SIN,2026-11-24,2026-12-01,economy,4772920,IDR,Indonesia AirAsia/AirAsia,10:20,18:00,1,235,,,google-flights,ok,
2026-10-03 11:12:18+0700,SUB-SIN,SUB,SIN,2026-12-02,2026-12-09,economy,5258520,IDR,Indonesia AirAsia/AirAsia,04:00,10:20,1,230,,,google-flights,ok,
2026-10-03 11:12:18+0700,SUB-SIN,SUB,SIN,2026-12-10,2026-12-17,economy,5819991,IDR,Malaysia Airlines,10:00,16:40,1,235,,,google-flights,ok,
2026-10-03 11:12:18+0700,SUB-SIN,SUB,SIN,2026-12-18,2026-12-25,economy,5954253,IDR,Garuda Indonesia,16:00,16:45,1,225,,,google-flights,ok,
2026-10-03 11:12:18+0700,SUB-SIN,SUB,SIN,2026-12-26,2027-01-02,economy,7001353,IDR,Garuda Indonesia,09:20,16:45,1,225,,,google-flights,ok,
2026-10-03 11:12:18+0700,SUB-SIN,SUB,SIN,2027-01-03,2027-01-10,economy,6184091,IDR,Malaysia Airlines,10:00,16:40,1,235,,,google-flights,ok,
2026-10-03 11:12:18+0700,SUB-SIN,SUB,SIN,2027-01-11,2027-01-18,economy,,IDR,,,,,,,,,error,IndexError: list index out of range
2026-10-03 11:12:18+0700,SUB-SIN,SUB,SIN,2027-01-19,2027-01-26,economy,5383553,IDR,Indonesia AirAsia/AirAsia,04:00,10:20,1,230,,,google-flights,ok,
2026-10-03 11:12:18+0700,SUB-SIN,SUB,SIN,2027-01-27,2027-02-03,economy,,IDR,,,,,,,,,error,IndexError: list index out of range
2026-10-03 14:13:57+0700,DPS-MEL,DPS,MEL,2026-10-08,2026-10-22,economy,,IDR,,,,,,,,,error,IndexError: list index out of range
2026-10-03 14:13:57+0700,DPS-MEL,DPS,MEL,2026-10-16,2026-10-30,economy,,IDR,,,,,,,,,error,IndexError: list index out of range
2026-10-03 14:13:57+0700,DPS-MEL,DPS,MEL,2026-10-24,2026-11-07,economy,,IDR,,,,,,,,,error,IndexError: list index out of range
2026-10-03 14:13:57+0700,DPS-MEL,DPS,MEL,2026-11-01,2026-11-15,economy,11223392,IDR,Jetstar,14:55,23:35,0,340,,,google-flights,ok,
2026-10-03 14:13:57+0700,DPS-MEL,DPS,MEL,2026-11-09,2026-11-23,economy,10719582,IDR,Virgin Australia,22:30,11:05,1,465,,,google-flights,ok,
2026-10-03 14:13:57+0700,DPS-MEL,DPS,MEL,2026-11-17,2026-12-01,economy,9975392,IDR,Jetstar,11:30,20:10,0,340,,,google-flights,ok,
2026-10-03 14:13:57+0700,DPS-MEL,DPS,MEL,2026-11-25,2026-12-09,economy,9415866,IDR,Jetstar,11:30,20:10,0,340,,,google-flights,ok,
2026-10-03 14:13:57+0700,DPS-MEL,DPS,MEL,2026-12-03,2026-12-17,economy,12783236,IDR,Scoot,11:10,21:20,1,605,,,google-flights,ok,
2026-10-03 14:13:57+0700,DPS-MEL,DPS,MEL,2026-12-11,2026-12-25,economy,14505275,IDR,Jetstar,14:55,23:35,0,340,,,google-flights,ok,
2026-10-03 14:13:57+0700,DPS-MEL,DPS,MEL,2026-12-19,2027-01-02,economy,7978392,IDR,Jetstar,11:30,20:10,0,340,,,google-flights,ok,
2026-10-03 14:13:57+0700,DPS-MEL,DPS,MEL,2026-12-27,2027-01-10,economy,7573605,IDR,Jetstar,11:30,20:10,0,340,,,google-flights,ok,
2026-10-03 14:13:57+0700,DPS-MEL,DPS,MEL,2027-01-04,2027-01-18,economy,11674635,IDR,Garuda Indonesia,20:40,11:50,1,510,,,google-flights,ok,
2026-10-03 14:13:57+0700,DPS-MEL,DPS,MEL,2027-01-12,2027-01-26,economy,10197392,IDR,Jetstar,23:20,07:55,0,335,,,google-flights,ok,
2026-10-03 14:13:57+0700,DPS-MEL,DPS,MEL,2027-01-20,2027-02-03,economy,9440392,IDR,Jetstar,14:55,23:35,0,340,,,google-flights,ok,
2026-10-03 14:13:57+0700,DPS-MEL,DPS,MEL,2027-01-28,2027-02-11,economy,7400326,IDR,Virgin Australia,15:50,00:30,0,340,,,google-flights,ok,
2026-10-03 14:13:57+0700,SUB-TPE,SUB,TPE,2026-10-07,2026-10-21,economy,7217403,IDR,Scoot,19:50,11:45,1,430,,,google-flights,ok,
2026-10-03 14:13:57+0700,SUB-TPE,SUB,TPE,2026-10-15,2026-10-29,economy,5037684,IDR,Scoot,10:35,17:10,1,430,,,google-flights,ok,
2026-10-03 14:13:57+0700,SUB-TPE,SUB,TPE,2026-10-23,2026-11-06,economy,5243364,IDR,Scoot,19:50,05:45,1,430,,,google-flights,ok,
2026-10-03 14:13:57+0700,SUB-TPE,SUB,TPE,2026-10-31,2026-11-14,economy,4492632,IDR,Scoot,19:30,05:35,1,425,,,google-flights,ok,
2026-10-03 14:13:57+0700,SUB-TPE,SUB,TPE,2026-11-08,2026-11-22,economy,6060698,IDR,Scoot,19:30,05:35,1,425,,,google-flights,ok,
2026-10-03 14:13:57+0700,SUB-TPE,SUB,TPE,2026-11-16,2026-11-30,economy,9880958,IDR,Scoot,09:50,05:35,1,425,,,google-flights,ok,
2026-10-03 14:13:57+0700,SUB-TPE,SUB,TPE,2026-11-24,2026-12-08,economy,6688022,IDR,Scoot,09:50,05:35,1,425,,,google-flights,ok,
2026-10-03 14:13:57+0700,SUB-TPE,SUB,TPE,2026-12-02,2026-12-16,economy,8096928,IDR,Scoot,19:30,05:35,1,425,,,google-flights,ok,
2026-10-03 14:13:57+0700,SUB-TPE,SUB,TPE,2026-12-10,2026-12-24,economy,11289864,IDR,Scoot,09:50,17:00,1,425,,,google-flights,ok,
2026-10-03 14:13:57+0700,SUB-TPE,SUB,TPE,2026-12-18,2027-01-01,economy,10518565,IDR,Scoot,19:30,17:00,1,425,,,google-flights,ok,
2026-10-03 14:13:57+0700,SUB-TPE,SUB,TPE,2026-12-26,2027-01-09,economy,12865784,IDR,Scoot,19:30,13:10,1,425,,,google-flights,ok,
2026-10-03 14:13:57+0700,SUB-TPE,SUB,TPE,2027-01-03,2027-01-17,economy,5037684,IDR,Scoot,19:30,11:00,1,435,,,google-flights,ok,
2026-10-03 14:13:57+0700,SUB-TPE,SUB,TPE,2027-01-11,2027-01-25,economy,5243364,IDR,Scoot,09:50,11:00,1,435,,,google-flights,ok,
2026-10-03 14:13:57+0700,SUB-TPE,SUB,TPE,2027-01-19,2027-02-02,economy,6688021,IDR,Scoot,09:50,05:35,1,425,,,google-flights,ok,
2026-10-03 14:13:57+0700,SUB-TPE,SUB,TPE,2027-01-27,2027-02-10,economy,6482341,IDR,Scoot,19:30,05:35,1,425,,,google-flights,ok,
2026-10-03 14:13:57+0700,SUB-TPE,SUB,TPE,2027-02-04,2027-02-18,economy,8482335,IDR,Scoot,09:50,05:35,1,425,,,google-flights,ok,
2026-10-03 14:13:57+0700,SUB-TPE,SUB,TPE,2027-02-12,2027-02-26,economy,12567548,IDR,Scoot,19:30,05:35,1,425,,,google-flights,ok,
2026-10-03 14:13:57+0700,SUB-TPE,SUB,TPE,2027-02-20,2027-03-06,economy,5243364,IDR,Scoot,09:50,13:10,1,425,,,google-flights,ok,
2026-10-03 14:13:57+0700,SUB-TPE,SUB,TPE,2027-02-28,2027-03-14,economy,10518565,IDR,Scoot,19:30,05:35,1,425,,,google-flights,ok,
2026-10-03 14:13:57+0700,SUB-TPE,SUB,TPE,2027-03-08,2027-03-22,economy,8971068,IDR,Scoot,09:50,11:00,1,435,,,google-flights,ok,
2026-10-03 14:13:57+0700,SUB-TPE,SUB,TPE,2027-03-16,2027-03-30,economy,5243364,IDR,Scoot,09:50,13:10,1,425,,,google-flights,ok,
2026-10-03 14:13:57+0700,SUB-TPE,SUB,TPE,2027-03-24,2027-04-07,economy,5080747,IDR,Scoot,19:30,13:10,1,425,,,google-flights,ok,
2026-10-03 14:13:57+0700,SUB-TPE,SUB,TPE,2027-04-01,2027-04-15,economy,7303529,IDR,Scoot,08:35,14:15,1,430,,,google-flights,ok,
2026-10-03 14:13:57+0700,SUB-TPE,SUB,TPE,2027-04-09,2027-04-23,economy,5941143,IDR,Scoot,19:50,11:45,1,430,,,google-flights,ok,
2026-10-03 14:13:57+0700,SUB-TPE,SUB,TPE,2027-04-17,2027-05-01,economy,4990118,IDR,Scoot,19:50,17:10,1,430,,,google-flights,ok,
2026-10-03 14:13:57+0700,SUB-TPE,SUB,TPE,2027-04-25,2027-05-09,economy,5668862,IDR,Scoot,19:50,05:45,1,430,,,google-flights,ok,
2026-10-03 14:13:57+0700,SUB-TPE,SUB,TPE,2027-05-03,2027-05-17,economy,7303529,IDR,Scoot,10:35,11:45,1,430,,,google-flights,ok,
2026-10-03 14:13:57+0700,SUB-TPE,SUB,TPE,2027-05-11,2027-05-25,economy,4784438,IDR,Scoot,19:50,17:10,1,430,,,google-flights,ok,
2026-10-03 14:13:57+0700,SUB-TPE,SUB,TPE,2027-05-19,2027-06-02,economy,4578758,IDR,Scoot,19:50,17:10,1,430,,,google-flights,ok,
2026-10-03 14:13:57+0700,SUB-TPE,SUB,TPE,2027-05-27,2027-06-10,economy,6486196,IDR,Scoot,08:35,05:45,1,430,,,google-flights,ok,
2026-10-03 14:13:57+0700,SUB-TPE,SUB,TPE,2027-06-04,2027-06-18,economy,5123810,IDR,Scoot,19:50,05:45,1,430,,,google-flights,ok,
2026-10-03 14:13:57+0700,SUB-TPE,SUB,TPE,2027-06-12,2027-06-26,economy,6486196,IDR,Scoot,19:50,05:45,1,430,,,google-flights,ok,
2026-10-03 14:13:57+0700,SUB-TPE,SUB,TPE,2027-06-20,2027-07-04,economy,5329490,IDR,Scoot,19:50,05:45,1,430,,,google-flights,ok,
2026-10-03 14:13:57+0700,SUB-TPE,SUB,TPE,2027-06-28,2027-07-12,economy,5329490,IDR,Scoot,10:35,14:15,1,430,,,google-flights,ok,
2026-10-03 14:13:57+0700,SUB-KUL,SUB,KUL,2026-10-09,2026-10-16,economy,3264923,IDR,Indonesia AirAsia,11:20,15:00,0,160,,,google-flights,ok,
2026-10-03 14:13:57+0700,SUB-KUL,SUB,KUL,2026-10-17,2026-10-24,economy,2984921,IDR,Indonesia AirAsia,11:20,15:00,0,160,,,google-flights,ok,
2026-10-03 14:13:57+0700,SUB-KUL,SUB,KUL,2026-10-25,2026-11-01,economy,3911921,IDR,Indonesia AirAsia,10:20,13:55,0,155,,,google-flights,ok,
2026-10-03 14:13:57+0700,SUB-KUL,SUB,KUL,2026-11-02,2026-11-09,economy,3480006,IDR,Malaysia Airlines,10:00,13:40,0,160,,,google-flights,ok,
2026-10-03 14:13:57+0700,SUB-KUL,SUB,KUL,2026-11-10,2026-11-17,economy,3029921,IDR,Indonesia AirAsia,10:20,13:55,0,155,,,google-flights,ok,
2026-10-03 14:13:57+0700,SUB-KUL,SUB,KUL,2026-11-18,2026-11-25,economy,3452417,IDR,Malaysia Airlines,10:00,13:40,0,160,,,google-flights,ok,
2026-10-03 14:13:57+0700,SUB-KUL,SUB,KUL,2026-11-26,2026-12-03,economy,3919150,IDR,Malaysia Airlines,10:00,13:40,0,160,,,google-flights,ok,
2026-10-03 14:13:57+0700,SUB-KUL,SUB,KUL,2026-12-04,2026-12-11,economy,4745588,IDR,Malaysia Airlines,15:50,19:30,0,160,,,google-flights,ok,
2026-10-03 14:13:57+0700,SUB-KUL,SUB,KUL,2026-12-12,2026-12-19,economy,3288559,IDR,Indonesia AirAsia,16:45,20:25,0,160,,,google-flights,ok,
2026-10-03 14:13:57+0700,SUB-KUL,SUB,KUL,2026-12-20,2026-12-27,economy,4992391,IDR,Batik Air,10:05,13:45,0,160,,,google-flights,ok,
2026-10-03 14:13:57+0700,SUB-KUL,SUB,KUL,2026-12-28,2027-01-04,economy,4188234,IDR,Indonesia AirAsia,10:20,13:55,0,155,,,google-flights,ok,
2026-10-03 14:13:57+0700,SUB-KUL,SUB,KUL,2027-01-05,2027-01-12,economy,3808234,IDR,Indonesia AirAsia,04:00,07:35,0,155,,,google-flights,ok,
2026-10-03 14:13:57+0700,SUB-KUL,SUB,KUL,2027-01-13,2027-01-20,economy,3068245,IDR,Indonesia AirAsia,04:00,07:35,0,155,,,google-flights,ok,
2026-10-03 14:13:57+0700,SUB-KUL,SUB,KUL,2027-01-21,2027-01-28,economy,3068245,IDR,Indonesia AirAsia,04:00,07:35,0,155,,,google-flights,ok,
2026-10-03 14:13:57+0700,SUB-KUL,SUB,KUL,2027-01-29,2027-02-05,economy,4497083,IDR,Malaysia Airlines,10:00,13:40,0,160,,,google-flights,ok,
2026-10-03 14:13:57+0700,SUB-SIN,SUB,SIN,2026-10-08,2026-10-15,economy,4927860,IDR,Lion/Batik Air,06:30,13:45,1,195,,,google-flights,ok,
2026-10-03 14:13:57+0700,SUB-SIN,SUB,SIN,2026-10-16,2026-10-23,economy,4597780,IDR,Indonesia AirAsia/AirAsia,07:05,13:00,1,225,,,google-flights,ok,
2026-10-03 14:13:57+0700,SUB-SIN,SUB,SIN,2026-10-24,2026-10-31,economy,4542650,IDR,Indonesia AirAsia/AirAsia,11:20,18:05,1,240,,,google-flights,ok,
2026-10-03 14:13:57+0700,SUB-SIN,SUB,SIN,2026-11-01,2026-11-08,economy,4612656,IDR,Indonesia AirAsia/AirAsia,04:00,10:20,1,230,,,google-flights,ok,
2026-10-03 14:13:57+0700,SUB-SIN,SUB,SIN,2026-11-09,2026-11-16,economy,5589127,IDR,Citilink Indonesia,20:15,09:10,1,205,,,google-flights,ok,
2026-10-03 14:13:57+0700,SUB-SIN,SUB,SIN,2026-11-17,2026-11-24,economy,4443753,IDR,Indonesia AirAsia/AirAsia,04:00,10:20,1,230,,,google-flights,ok,
2026-10-03 14:13:57+0700,SUB-SIN,SUB,SIN,2026-11-25,2026-12-02,economy,4772920,IDR,Indonesia AirAsia/AirAsia,10:20,18:00,1,235,,,google-flights,ok,
2026-10-03 14:13:57+0700,SUB-SIN,SUB,SIN,2026-12-03,2026-12-10,economy,6309623,IDR,Indonesia AirAsia/AirAsia,04:00,11:35,1,230,,,google-flights,ok,
2026-10-03 14:13:57+0700,SUB-SIN,SUB,SIN,2026-12-11,2026-12-18,economy,6626871,IDR,Garuda Indonesia,11:10,18:25,1,205,,,google-flights,ok,
2026-10-03 14:13:57+0700,SUB-SIN,SUB,SIN,2026-12-19,2026-12-26,economy,5954253,IDR,Garuda Indonesia,16:00,16:45,1,225,,,google-flights,ok,
2026-10-03 14:13:57+0700,SUB-SIN,SUB,SIN,2026-12-27,2027-01-03,economy,,IDR,,,,,,,,,error,IndexError: list index out of range
2026-10-03 14:13:57+0700,SUB-SIN,SUB,SIN,2027-01-04,2027-01-11,economy,5968353,IDR,Garuda Indonesia,16:00,16:45,1,225,,,google-flights,ok,
2026-10-03 14:13:57+0700,SUB-SIN,SUB,SIN,2027-01-12,2027-01-19,economy,5383553,IDR,Indonesia AirAsia/AirAsia,04:00,10:20,1,230,,,google-flights,ok,
2026-10-03 14:13:57+0700,SUB-SIN,SUB,SIN,2027-01-20,2027-01-27,economy,5383553,IDR,Indonesia AirAsia/AirAsia,04:00,10:20,1,230,,,google-flights,ok,
2026-10-03 14:13:57+0700,SUB-SIN,SUB,SIN,2027-01-28,2027-02-04,economy,,IDR,,,,,,,,,error,IndexError: list index out of range
2026-10-03 17:08:35+0700,DPS-MEL,DPS,MEL,2026-10-09,2026-10-23,economy,,IDR,,,,,,,,,error,IndexError: list index out of range
2026-10-03 17:08:35+0700,DPS-MEL,DPS,MEL,2026-10-17,2026-10-31,economy,,IDR,,,,,,,,,error,IndexError: list index out of range
2026-10-03 17:08:35+0700,DPS-MEL,DPS,MEL,2026-10-25,2026-11-08,economy,11924151,IDR,Scoot,01:05,12:10,1,610,,,google-flights,ok,
2026-10-03 17:08:35+0700,DPS-MEL,DPS,MEL,2026-11-02,2026-11-16,economy,9458315,IDR,Virgin Australia,23:20,22:00,1,490,,,google-flights,ok,
2026-10-03 17:08:35+0700,DPS-MEL,DPS,MEL,2026-11-10,2026-11-24,economy,8875866,IDR,Jetstar,20:20,04:55,0,335,,,google-flights,ok,
2026-10-03 17:08:35+0700,DPS-MEL,DPS,MEL,2026-11-18,2026-12-02,economy,8353392,IDR,Jetstar,14:55,23:35,0,340,,,google-flights,ok,
2026-10-03 17:08:35+0700,DPS-MEL,DPS,MEL,2026-11-26,2026-12-10,economy,10066392,IDR,Jetstar,14:55,23:35,0,340,,,google-flights,ok,
2026-10-03 17:08:35+0700,DPS-MEL,DPS,MEL,2026-12-04,2026-12-18,economy,12981258,IDR,Jetstar,23:10,14:15,1,485,,,google-flights,ok,
2026-10-03 17:08:35+0700,DPS-MEL,DPS,MEL,2026-12-12,2026-12-26,economy,15195392,IDR,Jetstar,14:55,23:35,0,340,,,google-flights,ok,
2026-10-03 17:08:35+0700,DPS-MEL,DPS,MEL,2026-12-20,2027-01-03,economy,8958633,IDR,Jetstar,14:55,23:35,0,340,,,google-flights,ok,
2026-10-03 17:08:35+0700,DPS-MEL,DPS,MEL,2026-12-28,2027-01-11,economy,7603392,IDR,Jetstar,14:55,23:35,0,340,,,google-flights,ok,
2026-10-03 17:08:35+0700,DPS-MEL,DPS,MEL,2027-01-05,2027-01-19,economy,13338392,IDR,Jetstar,23:20,07:55,0,335,,,google-flights,ok,
2026-10-03 17:08:35+0700,DPS-MEL,DPS,MEL,2027-01-13,2027-01-27,economy,10883764,IDR,Jetstar,11:30,20:10,0,340,,,google-flights,ok,
2026-10-03 17:08:35+0700,DPS-MEL,DPS,MEL,2027-01-21,2027-02-04,economy,9287582,IDR,Virgin Australia,15:50,00:30,0,340,,,google-flights,ok,
2026-10-03 17:08:35+0700,DPS-MEL,DPS,MEL,2027-01-29,2027-02-12,economy,7510582,IDR,Virgin Australia,15:50,00:30,0,340,,,google-flights,ok,
2026-10-03 17:08:35+0700,SUB-TPE,SUB,TPE,2026-10-08,2026-10-22,economy,14310931,IDR,Scoot,10:35,05:45,1,430,,,google-flights,ok,
2026-10-03 17:08:35+0700,SUB-TPE,SUB,TPE,2026-10-16,2026-10-30,economy,5243364,IDR,Scoot,19:50,11:45,1,430,,,google-flights,ok,
2026-10-03 17:08:35+0700,SUB-TPE,SUB,TPE,2026-10-24,2026-11-07,economy,5243364,IDR,Scoot,19:50,05:35,1,425,,,google-flights,ok,
2026-10-03 17:08:35+0700,SUB-TPE,SUB,TPE,2026-11-01,2026-11-15,economy,4903992,IDR,Scoot,19:30,05:35,1,425,,,google-flights,ok,
2026-10-03 17:08:35+0700,SUB-TPE,SUB,TPE,2026-11-09,2026-11-23,economy,,IDR,,,,,,,,,error,TypeError: 'NoneType' object is not subscriptable
2026-10-03 17:08:35+0700,SUB-TPE,SUB,TPE,2026-11-17,2026-12-01,economy,5582736,IDR,Scoot,19:30,05:35,1,425,,,google-flights,ok,
2026-10-03 17:08:35+0700,SUB-TPE,SUB,TPE,2026-11-25,2026-12-09,economy,5037684,IDR,Scoot,19:30,05:35,1,425,,,google-flights,ok,
2026-10-03 17:08:35+0700,SUB-TPE,SUB,TPE,2026-12-03,2026-12-17,economy,9747267,IDR,Scoot,09:50,17:00,1,425,,,google-flights,ok,
2026-10-03 17:08:35+0700,SUB-TPE,SUB,TPE,2026-12-11,2026-12-25,economy,10518565,IDR,Scoot,19:30,17:00,1,425,,,google-flights,ok,
2026-10-03 17:08:35+0700,SUB-TPE,SUB,TPE,2026-12-19,2027-01-02,economy,16663045,IDR,Scoot,19:30,05:35,1,425,,,google-flights,ok,
2026-10-03 17:08:35+0700,SUB-TPE,SUB,TPE,2026-12-27,2027-01-10,economy,9310440,IDR,Scoot,19:30,11:00,1,435,,,google-flights,ok,
2026-10-03 17:08:35+0700,SUB-TPE,SUB,TPE,2027-01-04,2027-01-18,economy,5243364,IDR,Scoot,09:50,13:15,1,430,,,google-flights,ok,
2026-10-03 17:08:35+0700,SUB-TPE,SUB,TPE,2027-01-12,2027-01-26,economy,5037684,IDR,Scoot,19:30,05:35,1,425,,,google-flights,ok,
2026-10-03 17:08:35+0700,SUB-TPE,SUB,TPE,2027-01-20,2027-02-03,economy,7891248,IDR,Scoot,19:30,05:35,1,425,,,google-flights,ok,
2026-10-03 17:08:35+0700,SUB-TPE,SUB,TPE,2027-01-28,2027-02-11,economy,5243364,IDR,Scoot,09:50,11:00,1,435,,,google-flights,ok,
2026-10-03 17:08:35+0700,SUB-TPE,SUB,TPE,2027-02-05,2027-02-19,economy,8482335,IDR,Scoot,19:30,05:35,1,425,,,google-flights,ok,
2026-10-03 17:08:35+0700,SUB-TPE,SUB,TPE,2027-02-13,2027-02-27,economy,11940224,IDR,Scoot,19:30,05:35,1,425,,,google-flights,ok,
2026-10-03 17:08:35+0700,SUB-TPE,SUB,TPE,2027-02-21,2027-03-07,economy,5037684,IDR,Scoot,19:30,11:00,1,435,,,google-flights,ok,
2026-10-03 17:08:35+0700,SUB-TPE,SUB,TPE,2027-03-01,2027-03-15,economy,9880957,IDR,Scoot,09:50,05:35,1,425,,,google-flights,ok,
2026-10-03 17:08:35+0700,SUB-TPE,SUB,TPE,2027-03-09,2027-03-23,economy,8096928,IDR,Scoot,19:30,11:00,1,435,,,google-flights,ok,
2026-10-03 17:08:35+0700,SUB-TPE,SUB,TPE,2027-03-17,2027-03-31,economy,5855017,IDR,Scoot,19:30,13:10,1,425,,,google-flights,ok,
2026-10-03 17:08:35+0700,SUB-TPE,SUB,TPE,2027-03-25,2027-04-08,economy,7887790,IDR,Scoot,09:50,11:00,1,435,,,google-flights,ok,
2026-10-03 17:08:35+0700,SUB-TPE,SUB,TPE,2027-04-02,2027-04-16,economy,6146823,IDR,Scoot,19:50,17:10,1,430,,,google-flights,ok,
2026-10-03 17:08:35+0700,SUB-TPE,SUB,TPE,2027-04-10,2027-04-24,economy,5329490,IDR,Scoot,19:50,17:10,1,430,,,google-flights,ok,
2026-10-03 17:08:35+0700,SUB-TPE,SUB,TPE,2027-04-18,2027-05-02,economy,5668862,IDR,Scoot,19:50,05:45,1,430,,,google-flights,ok,
2026-10-03 17:08:35+0700,SUB-TPE,SUB,TPE,2027-04-26,2027-05-10,economy,4990118,IDR,Scoot,10:35,17:10,1,430,,,google-flights,ok,
2026-10-03 17:08:35+0700,SUB-TPE,SUB,TPE,2027-05-04,2027-05-18,economy,4578758,IDR,Scoot,19:50,17:10,1,430,,,google-flights,ok,
2026-10-03 17:08:35+0700,SUB-TPE,SUB,TPE,2027-05-12,2027-05-26,economy,4342226,IDR,Scoot,19:50,17:10,1,430,,,google-flights,ok,
2026-10-03 17:08:35+0700,SUB-TPE,SUB,TPE,2027-05-20,2027-06-03,economy,6486196,IDR,Scoot,08:35,05:45,1,430,,,google-flights,ok,
2026-10-03 17:08:35+0700,SUB-TPE,SUB,TPE,2027-05-28,2027-06-11,economy,5123810,IDR,Scoot,19:50,11:45,1,430,,,google-flights,ok,
2026-10-03 17:08:35+0700,SUB-TPE,SUB,TPE,2027-06-05,2027-06-19,economy,5329490,IDR,Scoot,19:50,17:10,1,430,,,google-flights,ok,
2026-10-03 17:08:35+0700,SUB-TPE,SUB,TPE,2027-06-13,2027-06-27,economy,5668862,IDR,Scoot,19:50,05:45,1,430,,,google-flights,ok,
2026-10-03 17:08:35+0700,SUB-TPE,SUB,TPE,2027-06-21,2027-07-05,economy,5329490,IDR,Scoot,10:35,17:10,1,430,,,google-flights,ok,
2026-10-03 17:08:35+0700,SUB-TPE,SUB,TPE,2027-06-29,2027-07-13,economy,4578758,IDR,Scoot,19:50,17:10,1,430,,,google-flights,ok,
2026-10-03 17:08:35+0700,SUB-KUL,SUB,KUL,2026-10-10,2026-10-17,economy,3755580,IDR,Batik Air,05:05,13:10,1,220,,,google-flights,ok,
2026-10-03 17:08:35+0700,SUB-KUL,SUB,KUL,2026-10-18,2026-10-25,economy,3146989,IDR,Indonesia AirAsia,11:20,15:00,0,160,,,google-flights,ok,
2026-10-03 17:08:35+0700,SUB-KUL,SUB,KUL,2026-10-26,2026-11-02,economy,2984921,IDR,Indonesia AirAsia,10:20,13:55,0,155,,,google-flights,ok,
2026-10-03 17:08:35+0700,SUB-KUL,SUB,KUL,2026-11-03,2026-11-10,economy,2363931,IDR,Indonesia AirAsia,04:00,07:35,0,155,,,google-flights,ok,
2026-10-03 17:08:35+0700,SUB-KUL,SUB,KUL,2026-11-11,2026-11-18,economy,2562214,IDR,Indonesia AirAsia,10:20,13:55,0,155,,,google-flights,ok,
2026-10-03 17:08:35+0700,SUB-KUL,SUB,KUL,2026-11-19,2026-11-26,economy,2363931,IDR,Indonesia AirAsia,04:00,07:35,0,155,,,google-flights,ok,
2026-10-03 17:08:35+0700,SUB-KUL,SUB,KUL,2026-11-27,2026-12-04,economy,3397919,IDR,Indonesia AirAsia,04:00,07:35,0,155,,,google-flights,ok,
2026-10-03 17:08:35+0700,SUB-KUL,SUB,KUL,2026-12-05,2026-12-12,economy,4116707,IDR,Scoot,09:50,16:15,1,220,,,google-flights,ok,
2026-10-03 17:08:35+0700,SUB-KUL,SUB,KUL,2026-12-13,2026-12-20,economy,4745588,IDR,Malaysia Airlines,18:05,21:45,0,160,,,google-flights,ok,
2026-10-03 17:08:35+0700,SUB-KUL,SUB,KUL,2026-12-21,2026-12-28,economy,4188234,IDR,Indonesia AirAsia,04:00,07:35,0,155,,,google-flights,ok,
2026-10-03 17:08:35+0700,SUB-KUL,SUB,KUL,2026-12-29,2027-01-05,economy,4188234,IDR,Indonesia AirAsia,04:00,07:35,0,155,,,google-flights,ok,
2026-10-03 17:08:35+0700,SUB-KUL,SUB,KUL,2027-01-06,2027-01-13,economy,3808234,IDR,Indonesia AirAsia,04:00,07:35,0,155,,,google-flights,ok,
2026-10-03 17:08:35+0700,SUB-KUL,SUB,KUL,2027-01-14,2027-01-21,economy,3068245,IDR,Indonesia AirAsia,04:00,07:35,0,155,,,google-flights,ok,
2026-10-03 17:08:35+0700,SUB-KUL,SUB,KUL,2027-01-22,2027-01-29,economy,4116707,IDR,Scoot,09:50,16:15,1,220,,,google-flights,ok,
2026-10-03 17:08:35+0700,SUB-KUL,SUB,KUL,2027-01-30,2027-02-06,economy,3288559,IDR,Indonesia AirAsia,04:00,07:35,0,155,,,google-flights,ok,
2026-10-03 17:08:35+0700,SUB-SIN,SUB,SIN,2026-10-09,2026-10-16,economy,4273732,IDR,Citilink Indonesia,07:35,20:00,1,205,,,google-flights,ok,
2026-10-03 17:08:35+0700,SUB-SIN,SUB,SIN,2026-10-17,2026-10-24,economy,4596638,IDR,Indonesia AirAsia/AirAsia,07:05,15:40,1,235,,,google-flights,ok,
2026-10-03 17:08:35+0700,SUB-SIN,SUB,SIN,2026-10-25,2026-11-01,economy,4392007,IDR,Indonesia AirAsia/AirAsia,04:00,10:20,1,230,,,google-flights,ok,
2026-10-03 17:08:35+0700,SUB-SIN,SUB,SIN,2026-11-02,2026-11-09,economy,4795976,IDR,Indonesia AirAsia/AirAsia,04:00,10:20,1,230,,,google-flights,ok,
2026-10-03 17:08:35+0700,SUB-SIN,SUB,SIN,2026-11-10,2026-11-17,economy,4825631,IDR,Indonesia AirAsia/AirAsia,04:00,10:20,1,230,,,google-flights,ok,
2026-10-03 17:08:35+0700,SUB-SIN,SUB,SIN,2026-11-18,2026-11-25,economy,4442179,IDR,Indonesia AirAsia/AirAsia,04:00,10:20,1,230,,,google-flights,ok,
2026-10-03 17:08:35+0700,SUB-SIN,SUB,SIN,2026-11-26,2026-12-03,economy,4914775,IDR,Indonesia AirAsia/AirAsia,04:00,10:20,1,230,,,google-flights,ok,
2026-10-03 17:08:35+0700,SUB-SIN,SUB,SIN,2026-12-04,2026-12-11,economy,6633871,IDR,Garuda Indonesia,11:10,18:25,1,205,,,google-flights,ok,
2026-10-03 17:08:35+0700,SUB-SIN,SUB,SIN,2026-12-12,2026-12-19,economy,6201253,IDR,Garuda Indonesia,16:00,16:45,1,225,,,google-flights,ok,
2026-10-03 17:08:35+0700,SUB-SIN,SUB,SIN,2026-12-20,2026-12-27,economy,5954253,IDR,Garuda Indonesia,16:00,16:45,1,225,,,google-flights,ok,
2026-10-03 17:08:35+0700,SUB-SIN,SUB,SIN,2026-12-28,2027-01-04,economy,,IDR,,,,,,,,,error,IndexError: list index out of range
2026-10-03 17:08:35+0700,SUB-SIN,SUB,SIN,2027-01-05,2027-01-12,economy,5968353,IDR,Garuda Indonesia,16:00,16:45,1,225,,,google-flights,ok,
2026-10-03 17:08:35+0700,SUB-SIN,SUB,SIN,2027-01-13,2027-01-20,economy,5383553,IDR,Indonesia AirAsia/AirAsia,04:00,10:20,1,230,,,google-flights,ok,
2026-10-03 17:08:35+0700,SUB-SIN,SUB,SIN,2027-01-21,2027-01-28,economy,5590312,IDR,Indonesia AirAsia/AirAsia,04:00,10:20,1,230,,,google-flights,ok,
2026-10-03 17:08:35+0700,SUB-SIN,SUB,SIN,2027-01-29,2027-02-05,economy,,IDR,,,,,,,,,error,IndexError: list index out of range
2026-10-04 01:18:34+0700,DPS-MEL,DPS,MEL,2026-10-05,2026-10-19,economy,,IDR,,,,,,,,,error,IndexError: list index out of range
2026-10-04 01:18:34+0700,DPS-MEL,DPS,MEL,2026-10-13,2026-10-27,economy,,IDR,,,,,,,,,error,IndexError: list index out of range
2026-10-04 01:18:34+0700,DPS-MEL,DPS,MEL,2026-10-21,2026-11-04,economy,,IDR,,,,,,,,,error,IndexError: list index out of range
2026-10-04 01:18:34+0700,DPS-MEL,DPS,MEL,2026-10-29,2026-11-12,economy,12596392,IDR,Jetstar,11:30,20:10,0,340,,,google-flights,ok,
2026-10-04 01:18:34+0700,DPS-MEL,DPS,MEL,2026-11-06,2026-11-20,economy,11745307,IDR,Garuda Indonesia/Qantas,15:35,06:30,1,515,,,google-flights,ok,
2026-10-04 01:18:34+0700,DPS-MEL,DPS,MEL,2026-11-14,2026-11-28,economy,11111507,IDR,Jetstar,11:30,20:10,0,340,,,google-flights,ok,
2026-10-04 01:18:34+0700,DPS-MEL,DPS,MEL,2026-11-22,2026-12-06,economy,9522364,IDR,Jetstar,20:20,04:55,0,335,,,google-flights,ok,
2026-10-04 01:18:34+0700,DPS-MEL,DPS,MEL,2026-11-30,2026-12-14,economy,10297482,IDR,Virgin Australia,23:20,14:50,1,490,,,google-flights,ok,
2026-10-04 01:18:34+0700,DPS-MEL,DPS,MEL,2026-12-08,2026-12-22,economy,12794392,IDR,Jetstar,23:20,07:55,0,335,,,google-flights,ok,
2026-10-04 01:18:34+0700,DPS-MEL,DPS,MEL,2026-12-16,2026-12-30,economy,10397857,IDR,Jetstar,11:30,20:10,0,340,,,google-flights,ok,
2026-10-04 01:18:34+0700,DPS-MEL,DPS,MEL,2026-12-24,2027-01-07,economy,8150080,IDR,Virgin Australia,22:00,06:40,0,340,,,google-flights,ok,
2026-10-04 01:18:34+0700,DPS-MEL,DPS,MEL,2027-01-01,2027-01-15,economy,11195415,IDR,Virgin Australia,22:00,06:40,0,340,,,google-flights,ok,
2026-10-04 01:18:34+0700,DPS-MEL,DPS,MEL,2027-01-09,2027-01-23,economy,13338392,IDR,Jetstar,11:30,20:10,0,340,,,google-flights,ok,
2026-10-04 01:18:34+0700,DPS-MEL,DPS,MEL,2027-01-17,2027-01-31,economy,10922392,IDR,Jetstar,14:55,23:35,0,340,,,google-flights,ok,
2026-10-04 01:18:34+0700,DPS-MEL,DPS,MEL,2027-01-25,2027-02-08,economy,10922392,IDR,Jetstar,20:20,04:55,0,335,,,google-flights,ok,
2026-10-04 01:18:34+0700,SUB-TPE,SUB,TPE,2026-10-05,2026-10-19,economy,,IDR,,,,,,,,,error,TypeError: 'NoneType' object is not subscriptable
2026-10-04 01:18:34+0700,SUB-TPE,SUB,TPE,2026-10-13,2026-10-27,economy,6482342,IDR,Scoot,19:50,05:45,1,430,,,google-flights,ok,
2026-10-04 01:18:34+0700,SUB-TPE,SUB,TPE,2026-10-21,2026-11-04,economy,5037684,IDR,Scoot,19:50,05:45,1,430,,,google-flights,ok,
2026-10-04 01:18:34+0700,SUB-TPE,SUB,TPE,2026-10-29,2026-11-12,economy,5582736,IDR,Scoot,09:50,17:00,1,425,,,google-flights,ok,
2026-10-04 01:18:34+0700,SUB-TPE,SUB,TPE,2026-11-06,2026-11-20,economy,7027394,IDR,Scoot,19:30,05:35,1,425,,,google-flights,ok,
2026-10-04 01:18:34+0700,SUB-TPE,SUB,TPE,2026-11-14,2026-11-28,economy,5243364,IDR,Scoot,19:30,05:35,1,425,,,google-flights,ok,
2026-10-04 01:18:34+0700,SUB-TPE,SUB,TPE,2026-11-22,2026-12-06,economy,8472051,IDR,Scoot,09:50,05:35,1,425,,,google-flights,ok,
2026-10-04 01:18:34+0700,SUB-TPE,SUB,TPE,2026-11-30,2026-12-14,economy,,IDR,,,,,,,,,error,TypeError: 'NoneType' object is not subscriptable
2026-10-04 01:18:34+0700,SUB-TPE,SUB,TPE,2026-12-08,2026-12-22,economy,9880957,IDR,Scoot,09:50,17:00,1,425,,,google-flights,ok,
2026-10-04 01:18:34+0700,SUB-TPE,SUB,TPE,2026-12-16,2026-12-30,economy,10518565,IDR,Scoot,19:30,05:35,1,425,,,google-flights,ok,
2026-10-04 01:18:34+0700,SUB-TPE,SUB,TPE,2026-12-24,2027-01-07,economy,13493108,IDR,Scoot,09:50,05:35,1,425,,,google-flights,ok,
2026-10-04 01:18:34+0700,SUB-TPE,SUB,TPE,2027-01-01,2027-01-15,economy,4698312,IDR,Scoot,19:30,11:00,1,435,,,google-flights,ok,
2026-10-04 01:18:34+0700,SUB-TPE,SUB,TPE,2027-01-09,2027-01-23,economy,5037684,IDR,Scoot,19:30,05:35,1,425,,,google-flights,ok,
2026-10-04 01:18:34+0700,SUB-TPE,SUB,TPE,2027-01-17,2027-01-31,economy,6482341,IDR,Scoot,19:30,05:35,1,425,,,google-flights,ok,
2026-10-04 01:18:34+0700,SUB-TPE,SUB,TPE,2027-01-25,2027-02-08,economy,6688021,IDR,Scoot,09:50,11:00,1,435,,,google-flights,ok,
2026-10-04 01:18:34+0700,SUB-TPE,SUB,TPE,2027-02-02,2027-02-16,economy,4256100,IDR,Scoot,19:30,05:35,1,425,,,google-flights,ok,
2026-10-04 01:18:34+0700,SUB-TPE,SUB,TPE,2027-02-10,2027-02-24,economy,11122891,IDR,Scoot,19:30,05:35,1,425,,,google-flights,ok,
2026-10-04 01:18:34+0700,SUB-TPE,SUB,TPE,2027-02-18,2027-03-04,economy,5243364,IDR,Scoot,09:50,11:00,1,435,,,google-flights,ok,
2026-10-04 01:18:34+0700,SUB-TPE,SUB,TPE,2027-02-26,2027-03-12,economy,8482335,IDR,Scoot,09:50,13:10,1,425,,,google-flights,ok,
2026-10-04 01:18:34+0700,SUB-TPE,SUB,TPE,2027-03-06,2027-03-20,economy,9880957,IDR,Scoot,19:30,05:35,1,425,,,google-flights,ok,
2026-10-04 01:18:34+0700,SUB-TPE,SUB,TPE,2027-03-14,2027-03-28,economy,10518565,IDR,Scoot,19:30,05:35,1,425,,,google-flights,ok,
2026-10-04 01:18:34+0700,SUB-TPE,SUB,TPE,2027-03-22,2027-04-05,economy,7260466,IDR,Scoot,09:50,11:00,1,435,,,google-flights,ok,
2026-10-04 01:18:34+0700,SUB-TPE,SUB,TPE,2027-03-30,2027-04-13,economy,5286427,IDR,Scoot,19:50,05:45,1,430,,,google-flights,ok,
2026-10-04 01:18:34+0700,SUB-TPE,SUB,TPE,2027-04-07,2027-04-21,economy,5123810,IDR,Scoot,19:50,14:15,1,430,,,google-flights,ok,
2026-10-04 01:18:34+0700,SUB-TPE,SUB,TPE,2027-04-15,2027-04-29,economy,7113519,IDR,Scoot,08:35,05:45,1,430,,,google-flights,ok,
2026-10-04 01:18:34+0700,SUB-TPE,SUB,TPE,2027-04-23,2027-05-07,economy,4784438,IDR,Scoot,19:50,05:45,1,430,,,google-flights,ok,
2026-10-04 01:18:34+0700,SUB-TPE,SUB,TPE,2027-05-01,2027-05-15,economy,4990118,IDR,Scoot,19:50,17:10,1,430,,,google-flights,ok,
2026-10-04 01:18:34+0700,SUB-TPE,SUB,TPE,2027-05-09,2027-05-23,economy,6774147,IDR,Scoot,19:50,17:10,1,430,,,google-flights,ok,
2026-10-04 01:18:34+0700,SUB-TPE,SUB,TPE,2027-05-17,2027-05-31,economy,6486196,IDR,Scoot,10:35,11:45,1,430,,,google-flights,ok,
2026-10-04 01:18:34+0700,SUB-TPE,SUB,TPE,2027-05-25,2027-06-08,economy,4578758,IDR,Scoot,19:50,17:10,1,430,,,google-flights,ok,
2026-10-04 01:18:34+0700,SUB-TPE,SUB,TPE,2027-06-02,2027-06-16,economy,5123810,IDR,Scoot,19:50,05:45,1,430,,,google-flights,ok,
2026-10-04 01:18:34+0700,SUB-TPE,SUB,TPE,2027-06-10,2027-06-24,economy,5668862,IDR,Scoot,08:35,05:45,1,430,,,google-flights,ok,
2026-10-04 01:18:34+0700,SUB-TPE,SUB,TPE,2027-06-18,2027-07-02,economy,5123810,IDR,Scoot,19:50,05:45,1,430,,,google-flights,ok,
2026-10-04 01:18:34+0700,SUB-TPE,SUB,TPE,2027-06-26,2027-07-10,economy,5123810,IDR,Scoot,19:50,17:10,1,430,,,google-flights,ok,
2026-10-04 01:18:34+0700,SUB-KUL,SUB,KUL,2026-10-08,2026-10-15,economy,4831880,IDR,Lion/Batik Air,11:40,20:10,1,330,,,google-flights,ok,
2026-10-04 01:18:34+0700,SUB-KUL,SUB,KUL,2026-10-16,2026-10-23,economy,3997638,IDR,Malaysia Airlines,18:20,22:00,0,160,,,google-flights,ok,
2026-10-04 01:18:34+0700,SUB-KUL,SUB,KUL,2026-10-24,2026-10-31,economy,2184003,IDR,Indonesia AirAsia,11:20,15:00,0,160,,,google-flights,ok,
2026-10-04 01:18:34+0700,SUB-KUL,SUB,KUL,2026-11-01,2026-11-08,economy,3017924,IDR,Indonesia AirAsia,16:45,20:25,0,160,,,google-flights,ok,
2026-10-04 01:18:34+0700,SUB-KUL,SUB,KUL,2026-11-09,2026-11-16,economy,2184003,IDR,Indonesia AirAsia,13:25,17:05,0,160,,,google-flights,ok,
2026-10-04 01:18:34+0700,SUB-KUL,SUB,KUL,2026-11-17,2026-11-24,economy,2184003,IDR,Indonesia AirAsia,13:25,17:05,0,160,,,google-flights,ok,
2026-10-04 01:18:34+0700,SUB-KUL,SUB,KUL,2026-11-25,2026-12-02,economy,3847638,IDR,Malaysia Airlines,10:00,13:40,0,160,,,google-flights,ok,
2026-10-04 01:18:34+0700,SUB-KUL,SUB,KUL,2026-12-03,2026-12-10,economy,4347083,IDR,Malaysia Airlines,15:50,19:30,0,160,,,google-flights,ok,
2026-10-04 01:18:34+0700,SUB-KUL,SUB,KUL,2026-12-11,2026-12-18,economy,3808234,IDR,Indonesia AirAsia,16:45,20:25,0,160,,,google-flights,ok,
2026-10-04 01:18:34+0700,SUB-KUL,SUB,KUL,2026-12-19,2026-12-26,economy,4026416,IDR,Indonesia AirAsia,04:00,07:35,0,155,,,google-flights,ok,
2026-10-04 01:18:34+0700,SUB-KUL,SUB,KUL,2026-12-27,2027-01-03,economy,4188234,IDR,Indonesia AirAsia,04:00,07:35,0,155,,,google-flights,ok,
2026-10-04 01:18:34+0700,SUB-KUL,SUB,KUL,2027-01-04,2027-01-11,economy,3808234,IDR,Indonesia AirAsia,04:00,07:35,0,155,,,google-flights,ok,
2026-10-04 01:18:34+0700,SUB-KUL,SUB,KUL,2027-01-12,2027-01-19,economy,3068245,IDR,Indonesia AirAsia,04:00,07:35,0,155,,,google-flights,ok,
2026-10-04 01:18:34+0700,SUB-KUL,SUB,KUL,2027-01-20,2027-01-27,economy,3068245,IDR,Indonesia AirAsia,04:00,07:35,0,155,,,google-flights,ok,
2026-10-04 01:18:34+0700,SUB-KUL,SUB,KUL,2027-01-28,2027-02-04,economy,3288559,IDR,Indonesia AirAsia,04:00,07:35,0,155,,,google-flights,ok,
2026-10-04 01:18:34+0700,SUB-SIN,SUB,SIN,2026-10-08,2026-10-15,economy,4927860,IDR,Lion/Batik Air,06:30,13:45,1,195,,,google-flights,ok,
2026-10-04 01:18:34+0700,SUB-SIN,SUB,SIN,2026-10-16,2026-10-23,economy,3968468,IDR,Lion/Batik Air,07:40,20:30,1,195,,,google-flights,ok,
2026-10-04 01:18:34+0700,SUB-SIN,SUB,SIN,2026-10-24,2026-10-31,economy,4541508,IDR,Indonesia AirAsia/AirAsia,11:20,18:05,1,240,,,google-flights,ok,
2026-10-04 01:18:34+0700,SUB-SIN,SUB,SIN,2026-11-01,2026-11-08,economy,4608907,IDR,Indonesia AirAsia/AirAsia,04:00,10:20,1,230,,,google-flights,ok,
2026-10-04 01:18:34+0700,SUB-SIN,SUB,SIN,2026-11-09,2026-11-16,economy,5589127,IDR,Citilink Indonesia,20:15,09:10,1,205,,,google-flights,ok,
2026-10-04 01:18:34+0700,SUB-SIN,SUB,SIN,2026-11-17,2026-11-24,economy,4440292,IDR,Indonesia AirAsia/AirAsia,04:00,10:20,1,230,,,google-flights,ok,
2026-10-04 01:18:34+0700,SUB-SIN,SUB,SIN,2026-11-25,2026-12-02,economy,4768757,IDR,Indonesia AirAsia/AirAsia,10:20,18:00,1,235,,,google-flights,ok,
2026-10-04 01:18:34+0700,SUB-SIN,SUB,SIN,2026-12-03,2026-12-10,economy,6303381,IDR,Indonesia AirAsia/AirAsia,04:00,11:35,1,230,,,google-flights,ok,
2026-10-04 01:18:34+0700,SUB-SIN,SUB,SIN,2026-12-11,2026-12-18,economy,5954253,IDR,Garuda Indonesia,16:00,16:45,1,225,,,google-flights,ok,
2026-10-04 01:18:34+0700,SUB-SIN,SUB,SIN,2026-12-19,2026-12-26,economy,5954253,IDR,Garuda Indonesia,16:00,16:45,1,225,,,google-flights,ok,
2026-10-04 01:18:34+0700,SUB-SIN,SUB,SIN,2026-12-27,2027-01-03,economy,,IDR,,,,,,,,,error,IndexError: list index out of range
2026-10-04 01:18:34+0700,SUB-SIN,SUB,SIN,2027-01-04,2027-01-11,economy,5968353,IDR,Garuda Indonesia,16:00,16:45,1,225,,,google-flights,ok,
2026-10-04 01:18:34+0700,SUB-SIN,SUB,SIN,2027-01-12,2027-01-19,economy,5383553,IDR,Indonesia AirAsia/AirAsia,04:00,10:20,1,230,,,google-flights,ok,
2026-10-04 01:18:34+0700,SUB-SIN,SUB,SIN,2027-01-20,2027-01-27,economy,5381456,IDR,Indonesia AirAsia/AirAsia,04:00,10:20,1,230,,,google-flights,ok,
2026-10-04 01:18:34+0700,SUB-SIN,SUB,SIN,2027-01-28,2027-02-04,economy,,IDR,,,,,,,,,error,IndexError: list index out of range
2026-10-04 09:26:13+0700,DPS-MEL,DPS,MEL,2026-10-08,2026-10-22,economy,,IDR,,,,,,,,,error,IndexError: list index out of range
2026-10-04 09:26:13+0700,DPS-MEL,DPS,MEL,2026-10-16,2026-10-30,economy,,IDR,,,,,,,,,error,IndexError: list index out of range
2026-10-04 09:26:13+0700,DPS-MEL,DPS,MEL,2026-10-24,2026-11-07,economy,,IDR,,,,,,,,,error,IndexError: list index out of range
2026-10-04 09:26:13+0700,DPS-MEL,DPS,MEL,2026-11-01,2026-11-15,economy,11223392,IDR,Jetstar,14:55,23:35,0,340,,,google-flights,ok,
2026-10-04 09:26:13+0700,DPS-MEL,DPS,MEL,2026-11-09,2026-11-23,economy,10719582,IDR,Virgin Australia,22:30,11:05,1,465,,,google-flights,ok,
2026-10-04 09:26:13+0700,DPS-MEL,DPS,MEL,2026-11-17,2026-12-01,economy,9975392,IDR,Jetstar,11:30,20:10,0,340,,,google-flights,ok,
2026-10-04 09:26:13+0700,DPS-MEL,DPS,MEL,2026-11-25,2026-12-09,economy,9415866,IDR,Jetstar,11:30,20:10,0,340,,,google-flights,ok,
2026-10-04 09:26:13+0700,DPS-MEL,DPS,MEL,2026-12-03,2026-12-17,economy,12919682,IDR,Virgin Australia,22:30,12:05,1,465,,,google-flights,ok,
2026-10-04 09:26:13+0700,DPS-MEL,DPS,MEL,2026-12-11,2026-12-25,economy,14575468,IDR,Jetstar,14:55,23:35,0,340,,,google-flights,ok,
2026-10-04 09:26:13+0700,DPS-MEL,DPS,MEL,2026-12-19,2027-01-02,economy,7978392,IDR,Jetstar,11:30,20:10,0,340,,,google-flights,ok,
2026-10-04 09:26:13+0700,DPS-MEL,DPS,MEL,2026-12-27,2027-01-10,economy,7604392,IDR,Jetstar,11:30,20:10,0,340,,,google-flights,ok,
2026-10-04 09:26:13+0700,DPS-MEL,DPS,MEL,2027-01-04,2027-01-18,economy,11672891,IDR,Garuda Indonesia,20:40,11:50,1,510,,,google-flights,ok,
2026-10-04 09:26:13+0700,DPS-MEL,DPS,MEL,2027-01-12,2027-01-26,economy,10051582,IDR,Virgin Australia,22:00,06:40,0,340,,,google-flights,ok,
2026-10-04 09:26:13+0700,DPS-MEL,DPS,MEL,2027-01-20,2027-02-03,economy,9455392,IDR,Jetstar,14:55,23:35,0,340,,,google-flights,ok,
2026-10-04 09:26:13+0700,DPS-MEL,DPS,MEL,2027-01-28,2027-02-11,economy,7398582,IDR,Virgin Australia,15:50,00:30,0,340,,,google-flights,ok,
2026-10-04 09:26:13+0700,SUB-TPE,SUB,TPE,2026-10-08,2026-10-22,economy,14310931,IDR,Scoot,10:35,05:45,1,430,,,google-flights,ok,
2026-10-04 09:26:13+0700,SUB-TPE,SUB,TPE,2026-10-16,2026-10-30,economy,5243364,IDR,Scoot,19:50,11:45,1,430,,,google-flights,ok,
2026-10-04 09:26:13+0700,SUB-TPE,SUB,TPE,2026-10-24,2026-11-07,economy,5243364,IDR,Scoot,19:50,05:35,1,425,,,google-flights,ok,
2026-10-04 09:26:13+0700,SUB-TPE,SUB,TPE,2026-11-01,2026-11-15,economy,5243364,IDR,Scoot,19:30,05:35,1,425,,,google-flights,ok,
2026-10-04 09:26:13+0700,SUB-TPE,SUB,TPE,2026-11-09,2026-11-23,economy,,IDR,,,,,,,,,error,TypeError: 'NoneType' object is not subscriptable
2026-10-04 09:26:13+0700,SUB-TPE,SUB,TPE,2026-11-17,2026-12-01,economy,5582736,IDR,Scoot,19:30,05:35,1,425,,,google-flights,ok,
2026-10-04 09:26:13+0700,SUB-TPE,SUB,TPE,2026-11-25,2026-12-09,economy,5037684,IDR,Scoot,19:30,05:35,1,425,,,google-flights,ok,
2026-10-04 09:26:13+0700,SUB-TPE,SUB,TPE,2026-12-03,2026-12-17,economy,9109659,IDR,Scoot,09:50,17:00,1,425,,,google-flights,ok,
2026-10-04 09:26:13+0700,SUB-TPE,SUB,TPE,2026-12-11,2026-12-25,economy,10518565,IDR,Scoot,19:30,17:00,1,425,,,google-flights,ok,
2026-10-04 09:26:13+0700,SUB-TPE,SUB,TPE,2026-12-19,2027-01-02,economy,16663045,IDR,Scoot,19:30,05:35,1,425,,,google-flights,ok,
2026-10-04 09:26:13+0700,SUB-TPE,SUB,TPE,2026-12-27,2027-01-10,economy,9310440,IDR,Scoot,19:30,11:00,1,435,,,google-flights,ok,
2026-10-04 09:26:13+0700,SUB-TPE,SUB,TPE,2027-01-04,2027-01-18,economy,5243364,IDR,Scoot,09:50,13:15,1,430,,,google-flights,ok,
2026-10-04 09:26:13+0700,SUB-TPE,SUB,TPE,2027-01-12,2027-01-26,economy,5037684,IDR,Scoot,19:30,05:35,1,425,,,google-flights,ok,
2026-10-04 09:26:13+0700,SUB-TPE,SUB,TPE,2027-01-20,2027-02-03,economy,7891248,IDR,Scoot,19:30,05:35,1,425,,,google-flights,ok,
2026-10-04 09:26:13+0700,SUB-TPE,SUB,TPE,2027-01-28,2027-02-11,economy,5243364,IDR,Scoot,09:50,11:00,1,435,,,google-flights,ok,
2026-10-04 09:26:13+0700,SUB-TPE,SUB,TPE,2027-02-05,2027-02-19,economy,8482335,IDR,Scoot,19:30,05:35,1,425,,,google-flights,ok,
2026-10-04 09:26:13+0700,SUB-TPE,SUB,TPE,2027-02-13,2027-02-27,economy,11940224,IDR,Scoot,19:30,05:35,1,425,,,google-flights,ok,
2026-10-04 09:26:13+0700,SUB-TPE,SUB,TPE,2027-02-21,2027-03-07,economy,5037684,IDR,Scoot,19:30,11:00,1,435,,,google-flights,ok,
2026-10-04 09:26:13+0700,SUB-TPE,SUB,TPE,2027-03-01,2027-03-15,economy,9880957,IDR,Scoot,09:50,05:35,1,425,,,google-flights,ok,
2026-10-04 09:26:13+0700,SUB-TPE,SUB,TPE,2027-03-09,2027-03-23,economy,8096928,IDR,Scoot,19:30,11:00,1,435,,,google-flights,ok,
2026-10-04 09:26:13+0700,SUB-TPE,SUB,TPE,2027-03-17,2027-03-31,economy,5855017,IDR,Scoot,19:30,13:10,1,425,,,google-flights,ok,
2026-10-04 09:26:13+0700,SUB-TPE,SUB,TPE,2027-03-25,2027-04-08,economy,7887790,IDR,Scoot,09:50,11:00,1,435,,,google-flights,ok,
2026-10-04 09:26:13+0700,SUB-TPE,SUB,TPE,2027-04-02,2027-04-16,economy,6146823,IDR,Scoot,19:50,17:10,1,430,,,google-flights,ok,
2026-10-04 09:26:13+0700,SUB-TPE,SUB,TPE,2027-04-10,2027-04-24,economy,5329490,IDR,Scoot,19:50,17:10,1,430,,,google-flights,ok,
2026-10-04 09:26:13+0700,SUB-TPE,SUB,TPE,2027-04-18,2027-05-02,economy,5668862,IDR,Scoot,19:50,05:45,1,430,,,google-flights,ok,
2026-10-04 09:26:13+0700,SUB-TPE,SUB,TPE,2027-04-26,2027-05-10,economy,4990118,IDR,Scoot,10:35,17:10,1,430,,,google-flights,ok,
2026-10-04 09:26:13+0700,SUB-TPE,SUB,TPE,2027-05-04,2027-05-18,economy,4342226,IDR,Scoot,19:50,17:10,1,430,,,google-flights,ok,
2026-10-04 09:26:13+0700,SUB-TPE,SUB,TPE,2027-05-12,2027-05-26,economy,4342226,IDR,Scoot,19:50,17:10,1,430,,,google-flights,ok,
2026-10-04 09:26:13+0700,SUB-TPE,SUB,TPE,2027-05-20,2027-06-03,economy,6486196,IDR,Scoot,08:35,05:45,1,430,,,google-flights,ok,
2026-10-04 09:26:13+0700,SUB-TPE,SUB,TPE,2027-05-28,2027-06-11,economy,5123810,IDR,Scoot,19:50,11:45,1,430,,,google-flights,ok,
2026-10-04 09:26:13+0700,SUB-TPE,SUB,TPE,2027-06-05,2027-06-19,economy,5329490,IDR,Scoot,19:50,17:10,1,430,,,google-flights,ok,
2026-10-04 09:26:13+0700,SUB-TPE,SUB,TPE,2027-06-13,2027-06-27,economy,5668862,IDR,Scoot,19:50,05:45,1,430,,,google-flights,ok,
2026-10-04 09:26:13+0700,SUB-TPE,SUB,TPE,2027-06-21,2027-07-05,economy,5329490,IDR,Scoot,10:35,17:10,1,430,,,google-flights,ok,
2026-10-04 09:26:13+0700,SUB-TPE,SUB,TPE,2027-06-29,2027-07-13,economy,4578758,IDR,Scoot,19:50,17:10,1,430,,,google-flights,ok,
2026-10-04 09:26:13+0700,SUB-KUL,SUB,KUL,2026-10-11,2026-10-18,economy,,IDR,,,,,,,,,error,IndexError: list index out of range
2026-10-04 09:26:13+0700,SUB-KUL,SUB,KUL,2026-10-19,2026-10-26,economy,2562214,IDR,Indonesia AirAsia,11:20,15:00,0,160,,,google-flights,ok,
2026-10-04 09:26:13+0700,SUB-KUL,SUB,KUL,2026-10-27,2026-11-03,economy,3838580,IDR,Batik Air,05:05,13:10,1,220,,,google-flights,ok,
2026-10-04 09:26:13+0700,SUB-KUL,SUB,KUL,2026-11-04,2026-11-11,economy,2363931,IDR,Indonesia AirAsia,10:20,13:55,0,155,,,google-flights,ok,
2026-10-04 09:26:13+0700,SUB-KUL,SUB,KUL,2026-11-12,2026-11-19,economy,2363931,IDR,Indonesia AirAsia,16:45,20:25,0,160,,,google-flights,ok,
2026-10-04 09:26:13+0700,SUB-KUL,SUB,KUL,2026-11-20,2026-11-27,economy,3452417,IDR,Malaysia Airlines,15:50,19:30,0,160,,,google-flights,ok,
2026-10-04 09:26:13+0700,SUB-KUL,SUB,KUL,2026-11-28,2026-12-05,economy,3919150,IDR,Malaysia Airlines,15:50,19:30,0,160,,,google-flights,ok,
2026-10-04 09:26:13+0700,SUB-KUL,SUB,KUL,2026-12-06,2026-12-13,economy,3068245,IDR,Indonesia AirAsia,04:00,07:35,0,155,,,google-flights,ok,
2026-10-04 09:26:13+0700,SUB-KUL,SUB,KUL,2026-12-14,2026-12-21,economy,4895588,IDR,Malaysia Airlines,10:00,13:40,0,160,,,google-flights,ok,
2026-10-04 09:26:13+0700,SUB-KUL,SUB,KUL,2026-12-22,2026-12-29,economy,5489621,IDR,Scoot,09:50,16:15,1,220,,,google-flights,ok,
2026-10-04 09:26:13+0700,SUB-KUL,SUB,KUL,2026-12-30,2027-01-06,economy,4728605,IDR,Scoot,19:30,05:55,1,220,,,google-flights,ok,
2026-10-04 09:26:13+0700,SUB-KUL,SUB,KUL,2027-01-07,2027-01-14,economy,3808234,IDR,Indonesia AirAsia,04:00,07:35,0,155,,,google-flights,ok,
2026-10-04 09:26:13+0700,SUB-KUL,SUB,KUL,2027-01-15,2027-01-22,economy,3068245,IDR,Indonesia AirAsia,04:00,07:35,0,155,,,google-flights,ok,
2026-10-04 09:26:13+0700,SUB-KUL,SUB,KUL,2027-01-23,2027-01-30,economy,3068245,IDR,Indonesia AirAsia,04:00,07:35,0,155,,,google-flights,ok,
2026-10-04 09:26:13+0700,SUB-KUL,SUB,KUL,2027-01-31,2027-02-07,economy,3288559,IDR,Indonesia AirAsia,04:00,07:35,0,155,,,google-flights,ok,
2026-10-04 09:26:13+0700,SUB-SIN,SUB,SIN,2026-10-11,2026-10-18,economy,5283188,IDR,Indonesia AirAsia/AirAsia,05:05,11:35,1,230,,,google-flights,ok,
2026-10-04 09:26:13+0700,SUB-SIN,SUB,SIN,2026-10-19,2026-10-26,economy,4779860,IDR,Lion/Batik Air,06:30,13:45,1,195,,,google-flights,ok,
2026-10-04 09:26:13+0700,SUB-SIN,SUB,SIN,2026-10-27,2026-11-03,economy,4512475,IDR,Indonesia AirAsia/AirAsia,04:00,10:20,1,230,,,google-flights,ok,
2026-10-04 09:26:13+0700,SUB-SIN,SUB,SIN,2026-11-04,2026-11-11,economy,3577251,IDR,Indonesia AirAsia/AirAsia,13:25,19:40,1,240,,,google-flights,ok,
2026-10-04 09:26:13+0700,SUB-SIN,SUB,SIN,2026-11-12,2026-11-19,economy,4475205,IDR,Indonesia AirAsia/AirAsia,04:00,11:35,1,230,,,google-flights,ok,
2026-10-04 09:26:13+0700,SUB-SIN,SUB,SIN,2026-11-20,2026-11-27,economy,5350409,IDR,Indonesia AirAsia/AirAsia,13:25,19:40,1,240,,,google-flights,ok,
2026-10-04 09:26:13+0700,SUB-SIN,SUB,SIN,2026-11-28,2026-12-05,economy,5604687,IDR,Indonesia AirAsia/AirAsia,04:00,10:20,1,230,,,google-flights,ok,
2026-10-04 09:26:13+0700,SUB-SIN,SUB,SIN,2026-12-06,2026-12-13,economy,5819991,IDR,Malaysia Airlines,18:05,00:30,1,230,,,google-flights,ok,
2026-10-04 09:26:13+0700,SUB-SIN,SUB,SIN,2026-12-14,2026-12-21,economy,6169991,IDR,Malaysia Airlines,18:05,09:05,1,235,,,google-flights,ok,
2026-10-04 09:26:13+0700,SUB-SIN,SUB,SIN,2026-12-22,2026-12-29,economy,5954253,IDR,Garuda Indonesia,16:00,16:45,1,225,,,google-flights,ok,
2026-10-04 09:26:13+0700,SUB-SIN,SUB,SIN,2026-12-30,2027-01-06,economy,6534091,IDR,Malaysia Airlines,15:50,00:30,1,230,,,google-flights,ok,
2026-10-04 09:26:13+0700,SUB-SIN,SUB,SIN,2027-01-07,2027-01-14,economy,6298880,IDR,Garuda Indonesia,11:10,18:25,1,205,,,google-flights,ok,
2026-10-04 09:26:13+0700,SUB-SIN,SUB,SIN,2027-01-15,2027-01-22,economy,6059374,IDR,Indonesia AirAsia/AirAsia,13:25,19:40,1,240,,,google-flights,ok,
2026-10-04 09:26:13+0700,SUB-SIN,SUB,SIN,2027-01-23,2027-01-30,economy,,IDR,,,,,,,,,error,IndexError: list index out of range
2026-10-04 09:26:13+0700,SUB-SIN,SUB,SIN,2027-01-31,2027-02-07,economy,,IDR,,,,,,,,,error,IndexError: list index out of range
2026-10-04 12:37:54+0700,DPS-MEL,DPS,MEL,2026-10-09,2026-10-23,economy,,IDR,,,,,,,,,error,IndexError: list index out of range
2026-10-04 12:37:54+0700,DPS-MEL,DPS,MEL,2026-10-17,2026-10-31,economy,,IDR,,,,,,,,,error,IndexError: list index out of range
2026-10-04 12:37:54+0700,DPS-MEL,DPS,MEL,2026-10-25,2026-11-08,economy,11924151,IDR,Scoot,01:05,12:10,1,610,,,google-flights,ok,
2026-10-04 12:37:54+0700,DPS-MEL,DPS,MEL,2026-11-02,2026-11-16,economy,11427082,IDR,Virgin Australia,21:25,15:40,1,435,,,google-flights,ok,
2026-10-04 12:37:54+0700,DPS-MEL,DPS,MEL,2026-11-10,2026-11-24,economy,9249866,IDR,Jetstar,11:30,20:10,0,340,,,google-flights,ok,
2026-10-04 12:37:54+0700,DPS-MEL,DPS,MEL,2026-11-18,2026-12-02,economy,9083087,IDR,Jetstar,11:30,20:10,0,340,,,google-flights,ok,
2026-10-04 12:37:54+0700,DPS-MEL,DPS,MEL,2026-11-26,2026-12-10,economy,10066392,IDR,Jetstar,14:55,23:35,0,340,,,google-flights,ok,
2026-10-04 12:37:54+0700,DPS-MEL,DPS,MEL,2026-12-04,2026-12-18,economy,12637601,IDR,Jetstar,23:10,14:15,1,485,,,google-flights,ok,
2026-10-04 12:37:54+0700,DPS-MEL,DPS,MEL,2026-12-12,2026-12-26,economy,16354392,IDR,Jetstar,14:55,23:35,0,340,,,google-flights,ok,
2026-10-04 12:37:54+0700,DPS-MEL,DPS,MEL,2026-12-20,2027-01-03,economy,8997538,IDR,Jetstar,14:55,23:35,0,340,,,google-flights,ok,
2026-10-04 12:37:54+0700,DPS-MEL,DPS,MEL,2026-12-28,2027-01-11,economy,7603392,IDR,Jetstar,11:30,20:10,0,340,,,google-flights,ok,
2026-10-04 12:37:54+0700,DPS-MEL,DPS,MEL,2027-01-05,2027-01-19,economy,13407626,IDR,Jetstar,23:20,07:55,0,335,,,google-flights,ok,
2026-10-04 12:37:54+0700,DPS-MEL,DPS,MEL,2027-01-13,2027-01-27,economy,10933909,IDR,Jetstar,11:30,20:10,0,340,,,google-flights,ok,
2026-10-04 12:37:54+0700,DPS-MEL,DPS,MEL,2027-01-21,2027-02-04,economy,9287582,IDR,Virgin Australia,15:50,00:30,0,340,,,google-flights,ok,
2026-10-04 12:37:54+0700,DPS-MEL,DPS,MEL,2027-01-29,2027-02-12,economy,7510582,IDR,Virgin Australia,15:50,00:30,0,340,,,google-flights,ok,
2026-10-04 12:37:54+0700,SUB-TPE,SUB,TPE,2026-10-09,2026-10-23,economy,7027394,IDR,Scoot,19:50,11:45,1,430,,,google-flights,ok,
2026-10-04 12:37:54+0700,SUB-TPE,SUB,TPE,2026-10-17,2026-10-31,economy,5037684,IDR,Scoot,19:50,05:45,1,430,,,google-flights,ok,
2026-10-04 12:37:54+0700,SUB-TPE,SUB,TPE,2026-10-25,2026-11-08,economy,7027394,IDR,Scoot,09:50,05:35,1,425,,,google-flights,ok,
2026-10-04 12:37:54+0700,SUB-TPE,SUB,TPE,2026-11-02,2026-11-16,economy,6482342,IDR,Scoot,09:50,05:35,1,425,,,google-flights,ok,
2026-10-04 12:37:54+0700,SUB-TPE,SUB,TPE,2026-11-10,2026-11-24,economy,5037684,IDR,Scoot,19:30,05:35,1,425,,,google-flights,ok,
2026-10-04 12:37:54+0700,SUB-TPE,SUB,TPE,2026-11-18,2026-12-02,economy,7119950,IDR,Scoot,09:50,05:35,1,425,,,google-flights,ok,
2026-10-04 12:37:54+0700,SUB-TPE,SUB,TPE,2026-11-26,2026-12-10,economy,8472051,IDR,Scoot,09:50,05:35,1,425,,,google-flights,ok,
2026-10-04 12:37:54+0700,SUB-TPE,SUB,TPE,2026-12-04,2026-12-18,economy,10518565,IDR,Scoot,19:30,17:00,1,425,,,google-flights,ok,
2026-10-04 12:37:54+0700,SUB-TPE,SUB,TPE,2026-12-12,2026-12-26,economy,10518565,IDR,Scoot,19:30,05:35,1,425,,,google-flights,ok,
2026-10-04 12:37:54+0700,SUB-TPE,SUB,TPE,2026-12-20,2027-01-03,economy,16663045,IDR,Scoot,19:30,05:35,1,425,,,google-flights,ok,
2026-10-04 12:37:54+0700,SUB-TPE,SUB,TPE,2026-12-28,2027-01-11,economy,9310440,IDR,Scoot,09:50,05:35,1,425,,,google-flights,ok,
2026-10-04 12:37:54+0700,SUB-TPE,SUB,TPE,2027-01-05,2027-01-19,economy,4698312,IDR,Scoot,19:30,11:00,1,435,,,google-flights,ok,
2026-10-04 12:37:54+0700,SUB-TPE,SUB,TPE,2027-01-13,2027-01-27,economy,5037684,IDR,Scoot,19:30,05:35,1,425,,,google-flights,ok,
2026-10-04 12:37:54+0700,SUB-TPE,SUB,TPE,2027-01-21,2027-02-04,economy,8971068,IDR,Scoot,09:50,11:00,1,435,,,google-flights,ok,
2026-10-04 12:37:54+0700,SUB-TPE,SUB,TPE,2027-01-29,2027-02-12,economy,5037684,IDR,Scoot,19:30,05:35,1,425,,,google-flights,ok,
2026-10-04 12:37:54+0700,SUB-TPE,SUB,TPE,2027-02-06,2027-02-20,economy,7665002,IDR,Scoot,19:30,05:35,1,425,,,google-flights,ok,
2026-10-04 12:37:54+0700,SUB-TPE,SUB,TPE,2027-02-14,2027-02-28,economy,5037684,IDR,Scoot,19:30,11:00,1,435,,,google-flights,ok,
2026-10-04 12:37:54+0700,SUB-TPE,SUB,TPE,2027-02-22,2027-03-08,economy,5243364,IDR,Scoot,09:50,13:15,1,430,,,google-flights,ok,
2026-10-04 12:37:54+0700,SUB-TPE,SUB,TPE,2027-03-02,2027-03-16,economy,9253633,IDR,Scoot,19:30,05:35,1,425,,,google-flights,ok,
2026-10-04 12:37:54+0700,SUB-TPE,SUB,TPE,2027-03-10,2027-03-24,economy,7891248,IDR,Scoot,19:30,05:35,1,425,,,google-flights,ok,
2026-10-04 12:37:54+0700,SUB-TPE,SUB,TPE,2027-03-18,2027-04-01,economy,7368692,IDR,Scoot,09:50,11:00,1,435,,,google-flights,ok,
2026-10-04 12:37:54+0700,SUB-TPE,SUB,TPE,2027-03-26,2027-04-09,economy,6103760,IDR,Scoot,19:30,17:00,1,425,,,google-flights,ok,
2026-10-04 12:37:54+0700,SUB-TPE,SUB,TPE,2027-04-03,2027-04-17,economy,6486195,IDR,Scoot,19:50,17:10,1,430,,,google-flights,ok,
2026-10-04 12:37:54+0700,SUB-TPE,SUB,TPE,2027-04-11,2027-04-25,economy,5329490,IDR,Scoot,19:50,14:15,1,430,,,google-flights,ok,
2026-10-04 12:37:54+0700,SUB-TPE,SUB,TPE,2027-04-19,2027-05-03,economy,5668862,IDR,Scoot,10:35,14:15,1,430,,,google-flights,ok,
2026-10-04 12:37:54+0700,SUB-TPE,SUB,TPE,2027-04-27,2027-05-11,economy,4342226,IDR,Scoot,19:50,17:10,1,430,,,google-flights,ok,
2026-10-04 12:37:54+0700,SUB-TPE,SUB,TPE,2027-05-05,2027-05-19,economy,5123810,IDR,Scoot,19:50,11:45,1,430,,,google-flights,ok,
2026-10-04 12:37:54+0700,SUB-TPE,SUB,TPE,2027-05-13,2027-05-27,economy,7113520,IDR,Scoot,08:35,05:45,1,430,,,google-flights,ok,
2026-10-04 12:37:54+0700,SUB-TPE,SUB,TPE,2027-05-21,2027-06-04,economy,4784438,IDR,Scoot,19:50,11:45,1,430,,,google-flights,ok,
2026-10-04 12:37:54+0700,SUB-TPE,SUB,TPE,2027-05-29,2027-06-12,economy,5123810,IDR,Scoot,19:50,17:10,1,430,,,google-flights,ok,
2026-10-04 12:37:54+0700,SUB-TPE,SUB,TPE,2027-06-06,2027-06-20,economy,5329490,IDR,Scoot,19:50,05:45,1,430,,,google-flights,ok,
2026-10-04 12:37:54+0700,SUB-TPE,SUB,TPE,2027-06-14,2027-06-28,economy,6486195,IDR,Scoot,10:35,17:10,1,430,,,google-flights,ok,
2026-10-04 12:37:54+0700,SUB-TPE,SUB,TPE,2027-06-22,2027-07-06,economy,4784438,IDR,Scoot,19:50,05:45,1,430,,,google-flights,ok,
2026-10-04 12:37:54+0700,SUB-TPE,SUB,TPE,2027-06-30,2027-07-14,economy,4578758,IDR,Scoot,19:50,05:45,1,430,,,google-flights,ok,
2026-10-04 12:37:54+0700,SUB-KUL,SUB,KUL,2026-10-12,2026-10-19,economy,3896580,IDR,Batik Air,05:05,13:10,1,220,,,google-flights,ok,
2026-10-04 12:37:54+0700,SUB-KUL,SUB,KUL,2026-10-20,2026-10-27,economy,2724282,IDR,Indonesia AirAsia,17:45,21:25,0,160,,,google-flights,ok,
2026-10-04 12:37:54+0700,SUB-KUL,SUB,KUL,2026-10-28,2026-11-04,economy,3838580,IDR,Batik Air,05:05,13:10,1,220,,,google-flights,ok,
2026-10-04 12:37:54+0700,SUB-KUL,SUB,KUL,2026-11-05,2026-11-12,economy,3452417,IDR,Malaysia Airlines,10:00,13:40,0,160,,,google-flights,ok,
2026-10-04 12:37:54+0700,SUB-KUL,SUB,KUL,2026-11-13,2026-11-20,economy,2184003,IDR,Indonesia AirAsia,04:00,07:35,0,155,,,google-flights,ok,
2026-10-04 12:37:54+0700,SUB-KUL,SUB,KUL,2026-11-21,2026-11-28,economy,3452417,IDR,Malaysia Airlines,10:00,13:40,0,160,,,google-flights,ok,
2026-10-04 12:37:54+0700,SUB-KUL,SUB,KUL,2026-11-29,2026-12-06,economy,2975212,IDR,Indonesia AirAsia,16:45,20:25,0,160,,,google-flights,ok,
2026-10-04 12:37:54+0700,SUB-KUL,SUB,KUL,2026-12-07,2026-12-14,economy,4347083,IDR,Malaysia Airlines,10:00,13:40,0,160,,,google-flights,ok,
2026-10-04 12:37:54+0700,SUB-KUL,SUB,KUL,2026-12-15,2026-12-22,economy,4895588,IDR,Malaysia Airlines,10:00,13:40,0,160,,,google-flights,ok,
2026-10-04 12:37:54+0700,SUB-KUL,SUB,KUL,2026-12-23,2026-12-30,economy,5489621,IDR,Scoot,09:50,16:15,1,220,,,google-flights,ok,
2026-10-04 12:37:54+0700,SUB-KUL,SUB,KUL,2026-12-31,2027-01-07,economy,3808234,IDR,Indonesia AirAsia,04:00,07:35,0,155,,,google-flights,ok,
2026-10-04 12:37:54+0700,SUB-KUL,SUB,KUL,2027-01-08,2027-01-15,economy,3808234,IDR,Indonesia AirAsia,04:00,07:35,0,155,,,google-flights,ok,
2026-10-04 12:37:54+0700,SUB-KUL,SUB,KUL,2027-01-16,2027-01-23,economy,3068245,IDR,Indonesia AirAsia,04:00,07:35,0,155,,,google-flights,ok,
2026-10-04 12:37:54+0700,SUB-KUL,SUB,KUL,2027-01-24,2027-01-31,economy,3068245,IDR,Indonesia AirAsia,04:00,07:35,0,155,,,google-flights,ok,
2026-10-04 12:37:54+0700,SUB-KUL,SUB,KUL,2027-02-01,2027-02-08,economy,3288559,IDR,Indonesia AirAsia,04:00,07:35,0,155,,,google-flights,ok,
2026-10-04 12:37:54+0700,SUB-SIN,SUB,SIN,2026-10-12,2026-10-19,economy,5019260,IDR,Batik Air,05:05,15:15,1,195,,,google-flights,ok,
2026-10-04 12:37:54+0700,SUB-SIN,SUB,SIN,2026-10-20,2026-10-27,economy,3837702,IDR,Indonesia AirAsia/AirAsia,05:05,12:15,1,230,,,google-flights,ok,
2026-10-04 12:37:54+0700,SUB-SIN,SUB,SIN,2026-10-28,2026-11-04,economy,4512475,IDR,Indonesia AirAsia/AirAsia,04:00,10:20,1,230,,,google-flights,ok,
2026-10-04 12:37:54+0700,SUB-SIN,SUB,SIN,2026-11-05,2026-11-12,economy,4188339,IDR,Indonesia AirAsia/AirAsia,16:45,22:45,1,235,,,google-flights,ok,
2026-10-04 12:37:54+0700,SUB-SIN,SUB,SIN,2026-11-13,2026-11-20,economy,4440292,IDR,Indonesia AirAsia/AirAsia,13:25,20:55,1,240,,,google-flights,ok,
2026-10-04 12:37:54+0700,SUB-SIN,SUB,SIN,2026-11-21,2026-11-28,economy,5063543,IDR,Indonesia AirAsia/AirAsia,04:00,10:20,1,230,,,google-flights,ok,
2026-10-04 12:37:54+0700,SUB-SIN,SUB,SIN,2026-11-29,2026-12-06,economy,5430898,IDR,Indonesia AirAsia/AirAsia,04:00,11:35,1,230,,,google-flights,ok,
2026-10-04 12:37:54+0700,SUB-SIN,SUB,SIN,2026-12-07,2026-12-14,economy,6284780,IDR,Garuda Indonesia,11:10,18:25,1,205,,,google-flights,ok,
2026-10-04 12:37:54+0700,SUB-SIN,SUB,SIN,2026-12-15,2026-12-22,economy,5824162,IDR,Garuda Indonesia,16:00,16:45,1,225,,,google-flights,ok,
2026-10-04 12:37:54+0700,SUB-SIN,SUB,SIN,2026-12-23,2026-12-30,economy,6048253,IDR,Garuda Indonesia,16:00,16:45,1,225,,,google-flights,ok,
2026-10-04 12:37:54+0700,SUB-SIN,SUB,SIN,2026-12-31,2027-01-07,economy,6534091,IDR,Malaysia Airlines,15:50,00:30,1,230,,,google-flights,ok,
2026-10-04 12:37:54+0700,SUB-SIN,SUB,SIN,2027-01-08,2027-01-15,economy,7066880,IDR,Garuda Indonesia,11:10,18:25,1,205,,,google-flights,ok,
2026-10-04 12:37:54+0700,SUB-SIN,SUB,SIN,2027-01-16,2027-01-23,economy,5454031,IDR,Indonesia AirAsia/AirAsia,04:00,11:35,1,230,,,google-flights,ok,
2026-10-04 12:37:54+0700,SUB-SIN,SUB,SIN,2027-01-24,2027-01-31,economy,,IDR,,,,,,,,,error,IndexError: list index out of range
2026-10-04 12:37:54+0700,SUB-SIN,SUB,SIN,2027-02-01,2027-02-08,economy,,IDR,,,,,,,,,error,IndexError: list index out of range
2026-10-04 22:01:32+0700,DPS-MEL,DPS,MEL,2026-10-12,2026-10-26,economy,,IDR,,,,,,,,,error,FlightsNotFound: no flights found; received error
2026-10-04 22:01:32+0700,DPS-MEL,DPS,MEL,2026-10-20,2026-11-03,economy,,IDR,,,,,,,,,error,IndexError: list index out of range
2026-10-04 22:01:32+0700,DPS-MEL,DPS,MEL,2026-10-28,2026-11-11,economy,12882682,IDR,Virgin Australia,22:30,11:05,1,465,,,google-flights,ok,
2026-10-04 22:01:32+0700,DPS-MEL,DPS,MEL,2026-11-05,2026-11-19,economy,11559682,IDR,Virgin Australia,22:30,11:35,1,465,,,google-flights,ok,
2026-10-04 22:01:32+0700,DPS-MEL,DPS,MEL,2026-11-13,2026-11-27,economy,9102392,IDR,Jetstar,11:30,20:10,0,340,,,google-flights,ok,
2026-10-04 22:01:32+0700,DPS-MEL,DPS,MEL,2026-11-21,2026-12-05,economy,10815392,IDR,Jetstar,11:30,20:10,0,340,,,google-flights,ok,
2026-10-04 22:01:32+0700,DPS-MEL,DPS,MEL,2026-11-29,2026-12-13,economy,9926482,IDR,Virgin Australia,23:20,14:50,1,490,,,google-flights,ok,
2026-10-04 22:01:32+0700,DPS-MEL,DPS,MEL,2026-12-07,2026-12-21,economy,,IDR,,,,,,,,,error,FlightsNotFound: no flights found; received error
2026-10-04 22:01:32+0700,DPS-MEL,DPS,MEL,2026-12-15,2026-12-29,economy,,IDR,,,,,,,,,error,FlightsNotFound: no flights found; received error
2026-10-04 22:01:32+0700,DPS-MEL,DPS,MEL,2026-12-23,2027-01-06,economy,7979392,IDR,Jetstar,14:55,23:35,0,340,,,google-flights,ok,
2026-10-04 22:01:32+0700,DPS-MEL,DPS,MEL,2026-12-31,2027-01-14,economy,,IDR,,,,,,,,,error,FlightsNotFound: no flights found; received error
2026-10-04 22:01:32+0700,DPS-MEL,DPS,MEL,2027-01-08,2027-01-22,economy,12095182,IDR,Garuda Indonesia/Qantas,23:40,12:40,1,450,,,google-flights,ok,
2026-10-04 22:01:32+0700,DPS-MEL,DPS,MEL,2027-01-16,2027-01-30,economy,10922392,IDR,Jetstar,14:55,23:35,0,340,,,google-flights,ok,
2026-10-04 22:01:32+0700,DPS-MEL,DPS,MEL,2027-01-24,2027-02-07,economy,9455392,IDR,Jetstar,14:55,23:35,0,340,,,google-flights,ok,
2026-10-04 22:01:32+0700,DPS-MEL,DPS,MEL,2027-02-01,2027-02-15,economy,7953582,IDR,Virgin Australia,15:50,00:30,0,340,,,google-flights,ok,
2026-10-04 22:01:32+0700,SUB-TPE,SUB,TPE,2026-10-12,2026-10-26,economy,12865784,IDR,Scoot,10:35,14:15,1,430,,,google-flights,ok,
2026-10-04 22:01:32+0700,SUB-TPE,SUB,TPE,2026-10-20,2026-11-03,economy,6482342,IDR,Scoot,10:35,05:45,1,430,,,google-flights,ok,
2026-10-04 22:01:32+0700,SUB-TPE,SUB,TPE,2026-10-28,2026-11-11,economy,6060697,IDR,Scoot,19:30,11:00,1,435,,,google-flights,ok,
2026-10-04 22:01:32+0700,SUB-TPE,SUB,TPE,2026-11-05,2026-11-19,economy,6060698,IDR,Scoot,09:50,05:35,1,425,,,google-flights,ok,
2026-10-04 22:01:32+0700,SUB-TPE,SUB,TPE,2026-11-13,2026-11-27,economy,7027394,IDR,Scoot,09:50,05:35,1,425,,,google-flights,ok,
2026-10-04 22:01:32+0700,SUB-TPE,SUB,TPE,2026-11-21,2026-12-05,economy,,IDR,,,,,,,,,error,FlightsNotFound: no flights found; received error
2026-10-04 22:01:32+0700,SUB-TPE,SUB,TPE,2026-11-29,2026-12-13,economy,,IDR,,,,,,,,,error,FlightsNotFound: no flights found; received error
2026-10-04 22:01:32+0700,SUB-TPE,SUB,TPE,2026-12-07,2026-12-21,economy,11392705,IDR,Scoot,09:50,05:35,1,425,,,google-flights,ok,
2026-10-04 22:01:32+0700,SUB-TPE,SUB,TPE,2026-12-15,2026-12-29,economy,9747267,IDR,Scoot,19:30,17:00,1,425,,,google-flights,ok,
2026-10-04 22:01:32+0700,SUB-TPE,SUB,TPE,2026-12-23,2027-01-06,economy,,IDR,,,,,,,,,error,FlightsNotFound: no flights found; received error
2026-10-04 22:01:32+0700,SUB-TPE,SUB,TPE,2026-12-31,2027-01-14,economy,7217403,IDR,Scoot,09:50,05:35,1,425,,,google-flights,ok,
2026-10-04 22:01:32+0700,SUB-TPE,SUB,TPE,2027-01-08,2027-01-22,economy,5037684,IDR,Scoot,19:30,05:35,1,425,,,google-flights,ok,
2026-10-04 22:01:32+0700,SUB-TPE,SUB,TPE,2027-01-16,2027-01-30,economy,6482341,IDR,Scoot,19:30,05:35,1,425,,,google-flights,ok,
2026-10-04 22:01:32+0700,SUB-TPE,SUB,TPE,2027-01-24,2027-02-07,economy,6482341,IDR,Scoot,19:30,11:00,1,435,,,google-flights,ok,
2026-10-04 22:01:32+0700,SUB-TPE,SUB,TPE,2027-02-01,2027-02-15,economy,4461780,IDR,Scoot,09:50,11:00,1,435,,,google-flights,ok,
2026-10-04 22:01:32+0700,SUB-TPE,SUB,TPE,2027-02-09,2027-02-23,economy,10577839,IDR,Scoot,19:30,05:35,1,425,,,google-flights,ok,
2026-10-04 22:01:32+0700,SUB-TPE,SUB,TPE,2027-02-17,2027-03-03,economy,5855018,IDR,Scoot,09:50,05:35,1,425,,,google-flights,ok,
2026-10-04 22:01:32+0700,SUB-TPE,SUB,TPE,2027-02-25,2027-03-11,economy,6688021,IDR,Scoot,09:50,11:00,1,435,,,google-flights,ok,
2026-10-04 22:01:32+0700,SUB-TPE,SUB,TPE,2027-03-05,2027-03-19,economy,9253633,IDR,Scoot,19:30,11:00,1,435,,,google-flights,ok,
2026-10-04 22:01:32+0700,SUB-TPE,SUB,TPE,2027-03-13,2027-03-27,economy,9253633,IDR,Scoot,09:50,05:35,1,425,,,google-flights,ok,
2026-10-04 22:01:32+0700,SUB-TPE,SUB,TPE,2027-03-21,2027-04-04,economy,5625799,IDR,Scoot,19:30,11:00,1,435,,,google-flights,ok,
2026-10-04 22:01:32+0700,SUB-TPE,SUB,TPE,2027-03-29,2027-04-12,economy,7260466,IDR,Scoot,10:35,14:15,1,430,,,google-flights,ok,
2026-10-04 22:01:32+0700,SUB-TPE,SUB,TPE,2027-04-06,2027-04-20,economy,6146824,IDR,Scoot,19:50,17:10,1,430,,,google-flights,ok,
2026-10-04 22:01:32+0700,SUB-TPE,SUB,TPE,2027-04-14,2027-04-28,economy,5123810,IDR,Scoot,19:50,11:45,1,430,,,google-flights,ok,
2026-10-04 22:01:32+0700,SUB-TPE,SUB,TPE,2027-04-22,2027-05-06,economy,5329490,IDR,Scoot,08:35,05:45,1,430,,,google-flights,ok,
2026-10-04 22:01:32+0700,SUB-TPE,SUB,TPE,2027-04-30,2027-05-14,economy,5941144,IDR,Scoot,19:50,11:45,1,430,,,google-flights,ok,
2026-10-04 22:01:32+0700,SUB-TPE,SUB,TPE,2027-05-08,2027-05-22,economy,6146823,IDR,Scoot,19:50,17:10,1,430,,,google-flights,ok,
2026-10-04 22:01:32+0700,SUB-TPE,SUB,TPE,2027-05-16,2027-05-30,economy,4990118,IDR,Scoot,19:50,17:10,1,430,,,google-flights,ok,
2026-10-04 22:01:32+0700,SUB-TPE,SUB,TPE,2027-05-24,2027-06-07,economy,6486196,IDR,Scoot,10:35,11:45,1,430,,,google-flights,ok,
2026-10-04 22:01:32+0700,SUB-TPE,SUB,TPE,2027-06-01,2027-06-15,economy,4784438,IDR,Scoot,19:50,05:45,1,430,,,google-flights,ok,
2026-10-04 22:01:32+0700,SUB-TPE,SUB,TPE,2027-06-09,2027-06-23,economy,5329490,IDR,Scoot,19:50,05:45,1,430,,,google-flights,ok,
2026-10-04 22:01:32+0700,SUB-TPE,SUB,TPE,2027-06-17,2027-07-01,economy,6486196,IDR,Scoot,08:35,05:45,1,430,,,google-flights,ok,
2026-10-04 22:01:32+0700,SUB-TPE,SUB,TPE,2027-06-25,2027-07-09,economy,4784438,IDR,Scoot,19:50,05:45,1,430,,,google-flights,ok,
2026-10-04 22:01:32+0700,SUB-KUL,SUB,KUL,2026-10-07,2026-10-14,economy,3806990,IDR,Indonesia AirAsia,07:05,10:45,0,160,,,google-flights,ok,
2026-10-04 22:01:32+0700,SUB-KUL,SUB,KUL,2026-10-15,2026-10-22,economy,2984921,IDR,Indonesia AirAsia,11:20,15:00,0,160,,,google-flights,ok,
2026-10-04 22:01:32+0700,SUB-KUL,SUB,KUL,2026-10-23,2026-10-30,economy,2363931,IDR,Indonesia AirAsia,17:45,21:25,0,160,,,google-flights,ok,
2026-10-04 22:01:32+0700,SUB-KUL,SUB,KUL,2026-10-31,2026-11-07,economy,3326917,IDR,Indonesia AirAsia,04:00,07:35,0,155,,,google-flights,ok,
2026-10-04 22:01:32+0700,SUB-KUL,SUB,KUL,2026-11-08,2026-11-15,economy,,IDR,,,,,,,,,error,FlightsNotFound: no flights found; received error
2026-10-04 22:01:32+0700,SUB-KUL,SUB,KUL,2026-11-16,2026-11-23,economy,2984921,IDR,Indonesia AirAsia,04:00,07:35,0,155,,,google-flights,ok,
2026-10-04 22:01:32+0700,SUB-KUL,SUB,KUL,2026-11-24,2026-12-01,economy,2525999,IDR,Indonesia AirAsia,04:00,07:35,0,155,,,google-flights,ok,
2026-10-04 22:01:32+0700,SUB-KUL,SUB,KUL,2026-12-02,2026-12-09,economy,3947021,IDR,Scoot,09:50,16:15,1,220,,,google-flights,ok,
2026-10-04 22:01:32+0700,SUB-KUL,SUB,KUL,2026-12-10,2026-12-17,economy,4895588,IDR,Malaysia Airlines,10:00,13:40,0,160,,,google-flights,ok,
2026-10-04 22:01:32+0700,SUB-KUL,SUB,KUL,2026-12-18,2026-12-25,economy,4992391,IDR,Batik Air,10:05,13:45,0,160,,,google-flights,ok,
2026-10-04 22:01:32+0700,SUB-KUL,SUB,KUL,2026-12-26,2027-01-02,economy,6653654,IDR,Scoot,09:50,16:15,1,220,,,google-flights,ok,
2026-10-04 22:01:32+0700,SUB-KUL,SUB,KUL,2027-01-03,2027-01-10,economy,3808234,IDR,Indonesia AirAsia,04:00,07:35,0,155,,,google-flights,ok,
2026-10-04 22:01:32+0700,SUB-KUL,SUB,KUL,2027-01-11,2027-01-18,economy,3068245,IDR,Indonesia AirAsia,04:00,07:35,0,155,,,google-flights,ok,
2026-10-04 22:01:32+0700,SUB-KUL,SUB,KUL,2027-01-19,2027-01-26,economy,3068245,IDR,Indonesia AirAsia,04:00,07:35,0,155,,,google-flights,ok,
2026-10-04 22:01:32+0700,SUB-KUL,SUB,KUL,2027-01-27,2027-02-03,economy,3288559,IDR,Indonesia AirAsia,04:00,07:35,0,155,,,google-flights,ok,
2026-10-04 22:01:32+0700,SUB-SIN,SUB,SIN,2026-10-07,2026-10-14,economy,4719260,IDR,Batik Air,05:05,13:45,1,195,,,google-flights,ok,
2026-10-04 22:01:32+0700,SUB-SIN,SUB,SIN,2026-10-15,2026-10-22,economy,4185519,IDR,Indonesia AirAsia/AirAsia,05:05,11:35,1,230,,,google-flights,ok,
2026-10-04 22:01:32+0700,SUB-SIN,SUB,SIN,2026-10-23,2026-10-30,economy,3675634,IDR,Indonesia AirAsia/AirAsia,11:20,18:05,1,240,,,google-flights,ok,
2026-10-04 22:01:32+0700,SUB-SIN,SUB,SIN,2026-10-31,2026-11-07,economy,4947127,IDR,Indonesia AirAsia/AirAsia,10:20,18:00,1,235,,,google-flights,ok,
2026-10-04 22:01:32+0700,SUB-SIN,SUB,SIN,2026-11-08,2026-11-15,economy,4746805,IDR,Indonesia AirAsia/AirAsia,04:00,10:20,1,230,,,google-flights,ok,
2026-10-04 22:01:32+0700,SUB-SIN,SUB,SIN,2026-11-16,2026-11-23,economy,4979901,IDR,Indonesia AirAsia/AirAsia,13:25,19:40,1,240,,,google-flights,ok,
2026-10-04 22:01:32+0700,SUB-SIN,SUB,SIN,2026-11-24,2026-12-01,economy,4771696,IDR,Indonesia AirAsia/AirAsia,10:20,18:00,1,235,,,google-flights,ok,
2026-10-04 22:01:32+0700,SUB-SIN,SUB,SIN,2026-12-02,2026-12-09,economy,5254182,IDR,Indonesia AirAsia/AirAsia,04:00,10:20,1,230,,,google-flights,ok,
2026-10-04 22:01:32+0700,SUB-SIN,SUB,SIN,2026-12-10,2026-12-17,economy,5819991,IDR,Malaysia Airlines,10:00,16:40,1,235,,,google-flights,ok,
2026-10-04 22:01:32+0700,SUB-SIN,SUB,SIN,2026-12-18,2026-12-25,economy,5954253,IDR,Garuda Indonesia,16:00,16:45,1,225,,,google-flights,ok,
2026-10-04 22:01:32+0700,SUB-SIN,SUB,SIN,2026-12-26,2027-01-02,economy,7001353,IDR,Garuda Indonesia,09:20,16:45,1,225,,,google-flights,ok,
2026-10-04 22:01:32+0700,SUB-SIN,SUB,SIN,2027-01-03,2027-01-10,economy,6184091,IDR,Malaysia Airlines,10:00,16:40,1,235,,,google-flights,ok,
2026-10-04 22:01:32+0700,SUB-SIN,SUB,SIN,2027-01-11,2027-01-18,economy,,IDR,,,,,,,,,error,IndexError: list index out of range
2026-10-04 22:01:32+0700,SUB-SIN,SUB,SIN,2027-01-19,2027-01-26,economy,5381456,IDR,Indonesia AirAsia/AirAsia,04:00,10:20,1,230,,,google-flights,ok,
2026-10-04 22:01:32+0700,SUB-SIN,SUB,SIN,2027-01-27,2027-02-03,economy,,IDR,,,,,,,,,error,FlightsNotFound: no flights found; received error
2026-10-05 03:57:30+0700,DPS-MEL,DPS,MEL,2026-10-07,2026-10-21,economy,14087392,IDR,Jetstar,15:10,23:45,0,335,,,google-flights,ok,
2026-10-05 03:57:30+0700,DPS-MEL,DPS,MEL,2026-10-15,2026-10-29,economy,,IDR,,,,,,,,,error,IndexError: list index out of range
2026-10-05 03:57:30+0700,DPS-MEL,DPS,MEL,2026-10-23,2026-11-06,economy,,IDR,,,,,,,,,error,IndexError: list index out of range
2026-10-05 03:57:30+0700,DPS-MEL,DPS,MEL,2026-10-31,2026-11-14,economy,13569591,IDR,Scoot,20:00,12:10,1,605,,,google-flights,ok,
2026-10-05 03:57:30+0700,DPS-MEL,DPS,MEL,2026-11-08,2026-11-22,economy,10248785,IDR,Scoot,20:00,21:20,1,605,,,google-flights,ok,
2026-10-05 03:57:30+0700,DPS-MEL,DPS,MEL,2026-11-16,2026-11-30,economy,9714292,IDR,Jetstar,23:10,14:15,1,485,,,google-flights,ok,
2026-10-05 03:57:30+0700,DPS-MEL,DPS,MEL,2026-11-24,2026-12-08,economy,9465866,IDR,Jetstar,14:55,23:35,0,340,,,google-flights,ok,
2026-10-05 03:57:30+0700,DPS-MEL,DPS,MEL,2026-12-02,2026-12-16,economy,10600445,IDR,Jetstar,14:55,23:35,0,340,,,google-flights,ok,
2026-10-05 03:57:30+0700,DPS-MEL,DPS,MEL,2026-12-10,2026-12-24,economy,13659392,IDR,Jetstar,11:30,20:10,0,340,,,google-flights,ok,
2026-10-05 03:57:30+0700,DPS-MEL,DPS,MEL,2026-12-18,2027-01-01,economy,7957176,IDR,Jetstar,14:55,23:35,0,340,,,google-flights,ok,
2026-10-05 03:57:30+0700,DPS-MEL,DPS,MEL,2026-12-26,2027-01-09,economy,6480392,IDR,Jetstar,11:30,20:10,0,340,,,google-flights,ok,
2026-10-05 03:57:30+0700,DPS-MEL,DPS,MEL,2027-01-03,2027-01-17,economy,11676391,IDR,Garuda Indonesia,20:40,11:50,1,510,,,google-flights,ok,
2026-10-05 03:57:30+0700,DPS-MEL,DPS,MEL,2027-01-11,2027-01-25,economy,12161392,IDR,Jetstar,11:30,20:10,0,340,,,google-flights,ok,
2026-10-05 03:57:30+0700,DPS-MEL,DPS,MEL,2027-01-19,2027-02-02,economy,8898082,IDR,Virgin Australia,22:00,06:40,0,340,,,google-flights,ok,
2026-10-05 03:57:30+0700,DPS-MEL,DPS,MEL,2027-01-27,2027-02-10,economy,8932392,IDR,Jetstar,14:55,23:35,0,340,,,google-flights,ok,
2026-10-05 03:57:30+0700,SUB-TPE,SUB,TPE,2026-10-08,2026-10-22,economy,14310931,IDR,Scoot,10:35,05:45,1,430,,,google-flights,ok,
2026-10-05 03:57:30+0700,SUB-TPE,SUB,TPE,2026-10-16,2026-10-30,economy,5243364,IDR,Scoot,19:50,14:15,1,430,,,google-flights,ok,
2026-10-05 03:57:30+0700,SUB-TPE,SUB,TPE,2026-10-24,2026-11-07,economy,4903992,IDR,Scoot,19:50,17:00,1,425,,,google-flights,ok,
2026-10-05 03:57:30+0700,SUB-TPE,SUB,TPE,2026-11-01,2026-11-15,economy,5243364,IDR,Scoot,19:30,05:35,1,425,,,google-flights,ok,
2026-10-05 03:57:30+0700,SUB-TPE,SUB,TPE,2026-11-09,2026-11-23,economy,,IDR,,,,,,,,,error,TypeError: 'NoneType' object is not subscriptable
2026-10-05 03:57:30+0700,SUB-TPE,SUB,TPE,2026-11-17,2026-12-01,economy,5582736,IDR,Scoot,19:30,05:35,1,425,,,google-flights,ok,
2026-10-05 03:57:30+0700,SUB-TPE,SUB,TPE,2026-11-25,2026-12-09,economy,5037684,IDR,Scoot,19:30,05:35,1,425,,,google-flights,ok,
2026-10-05 03:57:30+0700,SUB-TPE,SUB,TPE,2026-12-03,2026-12-17,economy,9880957,IDR,Scoot,09:50,17:00,1,425,,,google-flights,ok,
2026-10-05 03:57:30+0700,SUB-TPE,SUB,TPE,2026-12-11,2026-12-25,economy,10518565,IDR,Scoot,19:30,17:00,1,425,,,google-flights,ok,
2026-10-05 03:57:30+0700,SUB-TPE,SUB,TPE,2026-12-19,2027-01-02,economy,16663045,IDR,Scoot,19:30,05:35,1,425,,,google-flights,ok,
2026-10-05 03:57:30+0700,SUB-TPE,SUB,TPE,2026-12-27,2027-01-10,economy,9310440,IDR,Scoot,19:30,11:00,1,435,,,google-flights,ok,
2026-10-05 03:57:30+0700,SUB-TPE,SUB,TPE,2027-01-04,2027-01-18,economy,5243364,IDR,Scoot,09:50,13:15,1,430,,,google-flights,ok,
2026-10-05 03:57:30+0700,SUB-TPE,SUB,TPE,2027-01-12,2027-01-26,economy,5037684,IDR,Scoot,19:30,05:35,1,425,,,google-flights,ok,
2026-10-05 03:57:30+0700,SUB-TPE,SUB,TPE,2027-01-20,2027-02-03,economy,7891248,IDR,Scoot,19:30,05:35,1,425,,,google-flights,ok,
2026-10-05 03:57:30+0700,SUB-TPE,SUB,TPE,2027-01-28,2027-02-11,economy,5243364,IDR,Scoot,09:50,11:00,1,435,,,google-flights,ok,
2026-10-05 03:57:30+0700,SUB-TPE,SUB,TPE,2027-02-05,2027-02-19,economy,7665002,IDR,Scoot,19:30,05:35,1,425,,,google-flights,ok,
2026-10-05 03:57:30+0700,SUB-TPE,SUB,TPE,2027-02-13,2027-02-27,economy,11940224,IDR,Scoot,19:30,05:35,1,425,,,google-flights,ok,
2026-10-05 03:57:30+0700,SUB-TPE,SUB,TPE,2027-02-21,2027-03-07,economy,5037684,IDR,Scoot,19:30,11:00,1,435,,,google-flights,ok,
2026-10-05 03:57:30+0700,SUB-TPE,SUB,TPE,2027-03-01,2027-03-15,economy,9880957,IDR,Scoot,09:50,05:35,1,425,,,google-flights,ok,
2026-10-05 03:57:30+0700,SUB-TPE,SUB,TPE,2027-03-09,2027-03-23,economy,7891248,IDR,Scoot,19:30,11:00,1,435,,,google-flights,ok,
2026-10-05 03:57:30+0700,SUB-TPE,SUB,TPE,2027-03-17,2027-03-31,economy,5855017,IDR,Scoot,19:30,13:10,1,425,,,google-flights,ok,
2026-10-05 03:57:30+0700,SUB-TPE,SUB,TPE,2027-03-25,2027-04-08,economy,7887790,IDR,Scoot,09:50,11:00,1,435,,,google-flights,ok,
2026-10-05 03:57:30+0700,SUB-TPE,SUB,TPE,2027-04-02,2027-04-16,economy,6486195,IDR,Scoot,19:50,11:45,1,430,,,google-flights,ok,
2026-10-05 03:57:30+0700,SUB-TPE,SUB,TPE,2027-04-10,2027-04-24,economy,5329490,IDR,Scoot,19:50,17:10,1,430,,,google-flights,ok,
2026-10-05 03:57:30+0700,SUB-TPE,SUB,TPE,2027-04-18,2027-05-02,economy,5668862,IDR,Scoot,19:50,05:45,1,430,,,google-flights,ok,
2026-10-05 03:57:30+0700,SUB-TPE,SUB,TPE,2027-04-26,2027-05-10,economy,4990118,IDR,Scoot,10:35,17:10,1,430,,,google-flights,ok,
2026-10-05 03:57:30+0700,SUB-TPE,SUB,TPE,2027-05-04,2027-05-18,economy,4342226,IDR,Scoot,19:50,17:10,1,430,,,google-flights,ok,
2026-10-05 03:57:30+0700,SUB-TPE,SUB,TPE,2027-05-12,2027-05-26,economy,4342226,IDR,Scoot,19:50,17:10,1,430,,,google-flights,ok,
2026-10-05 03:57:30+0700,SUB-TPE,SUB,TPE,2027-05-20,2027-06-03,economy,6486196,IDR,Scoot,08:35,05:45,1,430,,,google-flights,ok,
2026-10-05 03:57:30+0700,SUB-TPE,SUB,TPE,2027-05-28,2027-06-11,economy,4784438,IDR,Scoot,19:50,11:45,1,430,,,google-flights,ok,
2026-10-05 03:57:30+0700,SUB-TPE,SUB,TPE,2027-06-05,2027-06-19,economy,5329490,IDR,Scoot,19:50,17:10,1,430,,,google-flights,ok,
2026-10-05 03:57:30+0700,SUB-TPE,SUB,TPE,2027-06-13,2027-06-27,economy,5668862,IDR,Scoot,19:50,05:45,1,430,,,google-flights,ok,
2026-10-05 03:57:30+0700,SUB-TPE,SUB,TPE,2027-06-21,2027-07-05,economy,5329490,IDR,Scoot,10:35,17:10,1,430,,,google-flights,ok,
2026-10-05 03:57:30+0700,SUB-TPE,SUB,TPE,2027-06-29,2027-07-13,economy,4578758,IDR,Scoot,19:50,17:10,1,430,,,google-flights,ok,
2026-10-05 03:57:30+0700,SUB-KUL,SUB,KUL,2026-10-12,2026-10-19,economy,3955580,IDR,Batik Air,05:05,13:10,1,220,,,google-flights,ok,
2026-10-05 03:57:30+0700,SUB-KUL,SUB,KUL,2026-10-20,2026-10-27,economy,2580238,IDR,Indonesia AirAsia,17:45,21:25,0,160,,,google-flights,ok,
2026-10-05 03:57:30+0700,SUB-KUL,SUB,KUL,2026-10-28,2026-11-04,economy,3776126,IDR,Malaysia Airlines,15:50,19:30,0,160,,,google-flights,ok,
2026-10-05 03:57:30+0700,SUB-KUL,SUB,KUL,2026-11-05,2026-11-12,economy,3424828,IDR,Malaysia Airlines,10:00,13:40,0,160,,,google-flights,ok,
2026-10-05 03:57:30+0700,SUB-KUL,SUB,KUL,2026-11-13,2026-11-20,economy,3424828,IDR,Malaysia Airlines,10:00,13:40,0,160,,,google-flights,ok,
2026-10-05 03:57:30+0700,SUB-KUL,SUB,KUL,2026-11-21,2026-11-28,economy,3424828,IDR,Malaysia Airlines,10:00,13:40,0,160,,,google-flights,ok,
2026-10-05 03:57:30+0700,SUB-KUL,SUB,KUL,2026-11-29,2026-12-06,economy,2740174,IDR,Indonesia AirAsia,16:45,20:25,0,160,,,google-flights,ok,
2026-10-05 03:57:30+0700,SUB-KUL,SUB,KUL,2026-12-07,2026-12-14,economy,4347083,IDR,Malaysia Airlines,10:00,13:40,0,160,,,google-flights,ok,
2026-10-05 03:57:30+0700,SUB-KUL,SUB,KUL,2026-12-15,2026-12-22,economy,4895588,IDR,Malaysia Airlines,10:00,13:40,0,160,,,google-flights,ok,
2026-10-05 03:57:30+0700,SUB-KUL,SUB,KUL,2026-12-23,2026-12-30,economy,4279734,IDR,Indonesia AirAsia,04:00,07:35,0,155,,,google-flights,ok,
2026-10-05 03:57:30+0700,SUB-KUL,SUB,KUL,2026-12-31,2027-01-07,economy,4093667,IDR,Indonesia AirAsia,10:20,13:55,0,155,,,google-flights,ok,
2026-10-05 03:57:30+0700,SUB-KUL,SUB,KUL,2027-01-08,2027-01-15,economy,3390165,IDR,Indonesia AirAsia,04:00,07:35,0,155,,,google-flights,ok,
2026-10-05 03:57:30+0700,SUB-KUL,SUB,KUL,2027-01-16,2027-01-23,economy,3947021,IDR,Scoot,09:50,16:15,1,220,,,google-flights,ok,
2026-10-05 03:57:30+0700,SUB-KUL,SUB,KUL,2027-01-24,2027-01-31,economy,4125584,IDR,Malaysia Airlines,18:05,21:45,0,160,,,google-flights,ok,
2026-10-05 03:57:30+0700,SUB-KUL,SUB,KUL,2027-02-01,2027-02-08,economy,4497083,IDR,Malaysia Airlines,10:00,13:40,0,160,,,google-flights,ok,
2026-10-05 03:57:30+0700,SUB-SIN,SUB,SIN,2026-10-13,2026-10-20,economy,4779860,IDR,Lion/Batik Air,06:30,13:45,1,195,,,google-flights,ok,
2026-10-05 03:57:30+0700,SUB-SIN,SUB,SIN,2026-10-21,2026-10-28,economy,4233964,IDR,Indonesia AirAsia/AirAsia,05:05,11:35,1,230,,,google-flights,ok,
2026-10-05 03:57:30+0700,SUB-SIN,SUB,SIN,2026-10-29,2026-11-05,economy,4842587,IDR,Indonesia AirAsia/AirAsia,13:25,19:40,1,240,,,google-flights,ok,
2026-10-05 03:57:30+0700,SUB-SIN,SUB,SIN,2026-11-06,2026-11-13,economy,4346357,IDR,Indonesia AirAsia/AirAsia,13:25,19:40,1,240,,,google-flights,ok,
2026-10-05 03:57:30+0700,SUB-SIN,SUB,SIN,2026-11-14,2026-11-21,economy,4442614,IDR,Indonesia AirAsia/AirAsia,13:25,19:40,1,240,,,google-flights,ok,
2026-10-05 03:57:30+0700,SUB-SIN,SUB,SIN,2026-11-22,2026-11-29,economy,4900207,IDR,Indonesia AirAsia/AirAsia,04:00,10:20,1,230,,,google-flights,ok,
2026-10-05 03:57:30+0700,SUB-SIN,SUB,SIN,2026-11-30,2026-12-07,economy,5406790,IDR,Indonesia AirAsia/AirAsia,04:00,10:20,1,230,,,google-flights,ok,
2026-10-05 03:57:30+0700,SUB-SIN,SUB,SIN,2026-12-08,2026-12-15,economy,5462353,IDR,Indonesia AirAsia/AirAsia,04:00,10:20,1,230,,,google-flights,ok,
2026-10-05 03:57:30+0700,SUB-SIN,SUB,SIN,2026-12-16,2026-12-23,economy,6048253,IDR,Garuda Indonesia,16:00,16:45,1,225,,,google-flights,ok,
2026-10-05 03:57:30+0700,SUB-SIN,SUB,SIN,2026-12-24,2026-12-31,economy,5954253,IDR,Garuda Indonesia,16:00,16:45,1,225,,,google-flights,ok,
2026-10-05 03:57:30+0700,SUB-SIN,SUB,SIN,2027-01-01,2027-01-08,economy,6316086,IDR,Indonesia AirAsia/AirAsia,04:00,10:20,1,230,,,google-flights,ok,
2026-10-05 03:57:30+0700,SUB-SIN,SUB,SIN,2027-01-09,2027-01-16,economy,6298880,IDR,Garuda Indonesia,11:10,18:25,1,205,,,google-flights,ok,
2026-10-05 03:57:30+0700,SUB-SIN,SUB,SIN,2027-01-17,2027-01-24,economy,,IDR,,,,,,,,,error,IndexError: list index out of range
2026-10-05 03:57:30+0700,SUB-SIN,SUB,SIN,2027-01-25,2027-02-01,economy,,IDR,,,,,,,,,error,IndexError: list index out of range
2026-10-05 05:09:17+0700,DPS-MEL,DPS,MEL,2026-10-07,2026-10-21,economy,14087392,IDR,Jetstar,15:10,23:45,0,335,,,google-flights,ok,
2026-10-05 05:09:17+0700,DPS-MEL,DPS,MEL,2026-10-15,2026-10-29,economy,,IDR,,,,,,,,,error,IndexError: list index out of range
2026-10-05 05:09:17+0700,DPS-MEL,DPS,MEL,2026-10-23,2026-11-06,economy,,IDR,,,,,,,,,error,IndexError: list index out of range
2026-10-05 05:09:17+0700,DPS-MEL,DPS,MEL,2026-10-31,2026-11-14,economy,13569591,IDR,Scoot,20:00,12:10,1,605,,,google-flights,ok,
2026-10-05 05:09:17+0700,DPS-MEL,DPS,MEL,2026-11-08,2026-11-22,economy,10254491,IDR,Scoot,20:00,21:20,1,605,,,google-flights,ok,
2026-10-05 05:09:17+0700,DPS-MEL,DPS,MEL,2026-11-16,2026-11-30,economy,9714292,IDR,Jetstar,23:10,14:15,1,485,,,google-flights,ok,
2026-10-05 05:09:17+0700,DPS-MEL,DPS,MEL,2026-11-24,2026-12-08,economy,9465866,IDR,Jetstar,14:55,23:35,0,340,,,google-flights,ok,
2026-10-05 05:09:17+0700,DPS-MEL,DPS,MEL,2026-12-02,2026-12-16,economy,10585445,IDR,Jetstar,14:55,23:35,0,340,,,google-flights,ok,
2026-10-05 05:09:17+0700,DPS-MEL,DPS,MEL,2026-12-10,2026-12-24,economy,13659392,IDR,Jetstar,11:30,20:10,0,340,,,google-flights,ok,
2026-10-05 05:09:17+0700,DPS-MEL,DPS,MEL,2026-12-18,2027-01-01,economy,8553392,IDR,Jetstar,20:20,04:55,0,335,,,google-flights,ok,
2026-10-05 05:09:17+0700,DPS-MEL,DPS,MEL,2026-12-26,2027-01-09,economy,6480392,IDR,Jetstar,11:30,20:10,0,340,,,google-flights,ok,
2026-10-05 05:09:17+0700,DPS-MEL,DPS,MEL,2027-01-03,2027-01-17,economy,11679672,IDR,Garuda Indonesia,20:40,11:50,1,510,,,google-flights,ok,
2026-10-05 05:09:17+0700,DPS-MEL,DPS,MEL,2027-01-11,2027-01-25,economy,12161392,IDR,Jetstar,11:30,20:10,0,340,,,google-flights,ok,
2026-10-05 05:09:17+0700,DPS-MEL,DPS,MEL,2027-01-19,2027-02-02,economy,8901363,IDR,Virgin Australia,22:00,06:40,0,340,,,google-flights,ok,
2026-10-05 05:09:17+0700,DPS-MEL,DPS,MEL,2027-01-27,2027-02-10,economy,8932392,IDR,Jetstar,14:55,23:35,0,340,,,google-flights,ok,
2026-10-05 05:09:17+0700,SUB-TPE,SUB,TPE,2026-10-08,2026-10-22,economy,14310931,IDR,Scoot,10:35,05:45,1,430,,,google-flights,ok,
2026-10-05 05:09:17+0700,SUB-TPE,SUB,TPE,2026-10-16,2026-10-30,economy,5243364,IDR,Scoot,19:50,14:15,1,430,,,google-flights,ok,
2026-10-05 05:09:17+0700,SUB-TPE,SUB,TPE,2026-10-24,2026-11-07,economy,4903992,IDR,Scoot,19:50,17:00,1,425,,,google-flights,ok,
2026-10-05 05:09:17+0700,SUB-TPE,SUB,TPE,2026-11-01,2026-11-15,economy,5243364,IDR,Scoot,19:30,05:35,1,425,,,google-flights,ok,
2026-10-05 05:09:17+0700,SUB-TPE,SUB,TPE,2026-11-09,2026-11-23,economy,,IDR,,,,,,,,,error,TypeError: 'NoneType' object is not subscriptable
2026-10-05 05:09:17+0700,SUB-TPE,SUB,TPE,2026-11-17,2026-12-01,economy,5582736,IDR,Scoot,19:30,05:35,1,425,,,google-flights,ok,
2026-10-05 05:09:17+0700,SUB-TPE,SUB,TPE,2026-11-25,2026-12-09,economy,5037684,IDR,Scoot,19:30,05:35,1,425,,,google-flights,ok,
2026-10-05 05:09:17+0700,SUB-TPE,SUB,TPE,2026-12-03,2026-12-17,economy,9880957,IDR,Scoot,09:50,17:00,1,425,,,google-flights,ok,
2026-10-05 05:09:17+0700,SUB-TPE,SUB,TPE,2026-12-11,2026-12-25,economy,10518565,IDR,Scoot,19:30,17:00,1,425,,,google-flights,ok,
2026-10-05 05:09:17+0700,SUB-TPE,SUB,TPE,2026-12-19,2027-01-02,economy,16663045,IDR,Scoot,19:30,05:35,1,425,,,google-flights,ok,
2026-10-05 05:09:17+0700,SUB-TPE,SUB,TPE,2026-12-27,2027-01-10,economy,9310440,IDR,Scoot,19:30,11:00,1,435,,,google-flights,ok,
2026-10-05 05:09:17+0700,SUB-TPE,SUB,TPE,2027-01-04,2027-01-18,economy,5243364,IDR,Scoot,09:50,13:15,1,430,,,google-flights,ok,
2026-10-05 05:09:17+0700,SUB-TPE,SUB,TPE,2027-01-12,2027-01-26,economy,5037684,IDR,Scoot,19:30,05:35,1,425,,,google-flights,ok,
2026-10-05 05:09:17+0700,SUB-TPE,SUB,TPE,2027-01-20,2027-02-03,economy,7891248,IDR,Scoot,19:30,05:35,1,425,,,google-flights,ok,
2026-10-05 05:09:17+0700,SUB-TPE,SUB,TPE,2027-01-28,2027-02-11,economy,5243364,IDR,Scoot,09:50,11:00,1,435,,,google-flights,ok,
2026-10-05 05:09:17+0700,SUB-TPE,SUB,TPE,2027-02-05,2027-02-19,economy,7665002,IDR,Scoot,19:30,05:35,1,425,,,google-flights,ok,
2026-10-05 05:09:17+0700,SUB-TPE,SUB,TPE,2027-02-13,2027-02-27,economy,11940224,IDR,Scoot,19:30,05:35,1,425,,,google-flights,ok,
2026-10-05 05:09:17+0700,SUB-TPE,SUB,TPE,2027-02-21,2027-03-07,economy,5037684,IDR,Scoot,19:30,11:00,1,435,,,google-flights,ok,
2026-10-05 05:09:17+0700,SUB-TPE,SUB,TPE,2027-03-01,2027-03-15,economy,9880957,IDR,Scoot,09:50,05:35,1,425,,,google-flights,ok,
2026-10-05 05:09:17+0700,SUB-TPE,SUB,TPE,2027-03-09,2027-03-23,economy,7891248,IDR,Scoot,19:30,11:00,1,435,,,google-flights,ok,
2026-10-05 05:09:17+0700,SUB-TPE,SUB,TPE,2027-03-17,2027-03-31,economy,5855017,IDR,Scoot,19:30,13:10,1,425,,,google-flights,ok,
2026-10-05 05:09:17+0700,SUB-TPE,SUB,TPE,2027-03-25,2027-04-08,economy,7887790,IDR,Scoot,09:50,11:00,1,435,,,google-flights,ok,
2026-10-05 05:09:17+0700,SUB-TPE,SUB,TPE,2027-04-02,2027-04-16,economy,6486195,IDR,Scoot,19:50,11:45,1,430,,,google-flights,ok,
2026-10-05 05:09:17+0700,SUB-TPE,SUB,TPE,2027-04-10,2027-04-24,economy,5329490,IDR,Scoot,19:50,17:10,1,430,,,google-flights,ok,
2026-10-05 05:09:17+0700,SUB-TPE,SUB,TPE,2027-04-18,2027-05-02,economy,5668862,IDR,Scoot,19:50,05:45,1,430,,,google-flights,ok,
2026-10-05 05:09:17+0700,SUB-TPE,SUB,TPE,2027-04-26,2027-05-10,economy,4990118,IDR,Scoot,10:35,17:10,1,430,,,google-flights,ok,
2026-10-05 05:09:17+0700,SUB-TPE,SUB,TPE,2027-05-04,2027-05-18,economy,4342226,IDR,Scoot,19:50,17:10,1,430,,,google-flights,ok,
2026-10-05 05:09:17+0700,SUB-TPE,SUB,TPE,2027-05-12,2027-05-26,economy,4342226,IDR,Scoot,19:50,17:10,1,430,,,google-flights,ok,
2026-10-05 05:09:17+0700,SUB-TPE,SUB,TPE,2027-05-20,2027-06-03,economy,6486196,IDR,Scoot,08:35,05:45,1,430,,,google-flights,ok,
2026-10-05 05:09:17+0700,SUB-TPE,SUB,TPE,2027-05-28,2027-06-11,economy,4784438,IDR,Scoot,19:50,11:45,1,430,,,google-flights,ok,
2026-10-05 05:09:17+0700,SUB-TPE,SUB,TPE,2027-06-05,2027-06-19,economy,5329490,IDR,Scoot,19:50,17:10,1,430,,,google-flights,ok,
2026-10-05 05:09:17+0700,SUB-TPE,SUB,TPE,2027-06-13,2027-06-27,economy,5668862,IDR,Scoot,19:50,05:45,1,430,,,google-flights,ok,
2026-10-05 05:09:17+0700,SUB-TPE,SUB,TPE,2027-06-21,2027-07-05,economy,5329490,IDR,Scoot,10:35,17:10,1,430,,,google-flights,ok,
2026-10-05 05:09:17+0700,SUB-TPE,SUB,TPE,2027-06-29,2027-07-13,economy,4578758,IDR,Scoot,19:50,17:10,1,430,,,google-flights,ok,
2026-10-05 05:09:17+0700,SUB-KUL,SUB,KUL,2026-10-12,2026-10-19,economy,3955580,IDR,Batik Air,05:05,13:10,1,220,,,google-flights,ok,
2026-10-05 05:09:17+0700,SUB-KUL,SUB,KUL,2026-10-20,2026-10-27,economy,2580238,IDR,Indonesia AirAsia,17:45,21:25,0,160,,,google-flights,ok,
2026-10-05 05:09:17+0700,SUB-KUL,SUB,KUL,2026-10-28,2026-11-04,economy,3776126,IDR,Malaysia Airlines,15:50,19:30,0,160,,,google-flights,ok,
2026-10-05 05:09:17+0700,SUB-KUL,SUB,KUL,2026-11-05,2026-11-12,economy,3424828,IDR,Malaysia Airlines,10:00,13:40,0,160,,,google-flights,ok,
2026-10-05 05:09:17+0700,SUB-KUL,SUB,KUL,2026-11-13,2026-11-20,economy,3424828,IDR,Malaysia Airlines,10:00,13:40,0,160,,,google-flights,ok,
2026-10-05 05:09:17+0700,SUB-KUL,SUB,KUL,2026-11-21,2026-11-28,economy,3424828,IDR,Malaysia Airlines,10:00,13:40,0,160,,,google-flights,ok,
2026-10-05 05:09:17+0700,SUB-KUL,SUB,KUL,2026-11-29,2026-12-06,economy,2740174,IDR,Indonesia AirAsia,16:45,20:25,0,160,,,google-flights,ok,
2026-10-05 05:09:17+0700,SUB-KUL,SUB,KUL,2026-12-07,2026-12-14,economy,4347083,IDR,Malaysia Airlines,10:00,13:40,0,160,,,google-flights,ok,
2026-10-05 05:09:17+0700,SUB-KUL,SUB,KUL,2026-12-15,2026-12-22,economy,4895588,IDR,Malaysia Airlines,10:00,13:40,0,160,,,google-flights,ok,
2026-10-05 05:09:17+0700,SUB-KUL,SUB,KUL,2026-12-23,2026-12-30,economy,4279734,IDR,Indonesia AirAsia,04:00,07:35,0,155,,,google-flights,ok,
2026-10-05 05:09:17+0700,SUB-KUL,SUB,KUL,2026-12-31,2027-01-07,economy,4093667,IDR,Indonesia AirAsia,10:20,13:55,0,155,,,google-flights,ok,
2026-10-05 05:09:17+0700,SUB-KUL,SUB,KUL,2027-01-08,2027-01-15,economy,3390165,IDR,Indonesia AirAsia,04:00,07:35,0,155,,,google-flights,ok,
2026-10-05 05:09:17+0700,SUB-KUL,SUB,KUL,2027-01-16,2027-01-23,economy,3947021,IDR,Scoot,09:50,16:15,1,220,,,google-flights,ok,
2026-10-05 05:09:17+0700,SUB-KUL,SUB,KUL,2027-01-24,2027-01-31,economy,4125584,IDR,Malaysia Airlines,18:05,21:45,0,160,,,google-flights,ok,
2026-10-05 05:09:17+0700,SUB-KUL,SUB,KUL,2027-02-01,2027-02-08,economy,4497083,IDR,Malaysia Airlines,10:00,13:40,0,160,,,google-flights,ok,
2026-10-05 05:09:17+0700,SUB-SIN,SUB,SIN,2026-10-13,2026-10-20,economy,4687644,IDR,Indonesia AirAsia/AirAsia,07:05,13:00,1,225,,,google-flights,ok,
2026-10-05 05:09:17+0700,SUB-SIN,SUB,SIN,2026-10-21,2026-10-28,economy,4233964,IDR,Indonesia AirAsia/AirAsia,05:05,11:35,1,230,,,google-flights,ok,
2026-10-05 05:09:17+0700,SUB-SIN,SUB,SIN,2026-10-29,2026-11-05,economy,4842587,IDR,Indonesia AirAsia/AirAsia,13:25,19:40,1,240,,,google-flights,ok,
2026-10-05 05:09:17+0700,SUB-SIN,SUB,SIN,2026-11-06,2026-11-13,economy,4346357,IDR,Indonesia AirAsia/AirAsia,13:25,19:40,1,240,,,google-flights,ok,
2026-10-05 05:09:17+0700,SUB-SIN,SUB,SIN,2026-11-14,2026-11-21,economy,4453767,IDR,Indonesia AirAsia/AirAsia,10:20,18:00,1,235,,,google-flights,ok,
2026-10-05 05:09:17+0700,SUB-SIN,SUB,SIN,2026-11-22,2026-11-29,economy,4900207,IDR,Indonesia AirAsia/AirAsia,04:00,10:20,1,230,,,google-flights,ok,
2026-10-05 05:09:17+0700,SUB-SIN,SUB,SIN,2026-11-30,2026-12-07,economy,5406790,IDR,Indonesia AirAsia/AirAsia,04:00,10:20,1,230,,,google-flights,ok,
2026-10-05 05:09:17+0700,SUB-SIN,SUB,SIN,2026-12-08,2026-12-15,economy,5462353,IDR,Indonesia AirAsia/AirAsia,04:00,10:20,1,230,,,google-flights,ok,
2026-10-05 05:09:17+0700,SUB-SIN,SUB,SIN,2026-12-16,2026-12-23,economy,6048253,IDR,Garuda Indonesia,16:00,16:45,1,225,,,google-flights,ok,
2026-10-05 05:09:17+0700,SUB-SIN,SUB,SIN,2026-12-24,2026-12-31,economy,5954253,IDR,Garuda Indonesia,16:00,16:45,1,225,,,google-flights,ok,
2026-10-05 05:09:17+0700,SUB-SIN,SUB,SIN,2027-01-01,2027-01-08,economy,6317095,IDR,Indonesia AirAsia/AirAsia,04:00,10:20,1,230,,,google-flights,ok,
2026-10-05 05:09:17+0700,SUB-SIN,SUB,SIN,2027-01-09,2027-01-16,economy,6298880,IDR,Garuda Indonesia,11:10,18:25,1,205,,,google-flights,ok,
2026-10-05 05:09:17+0700,SUB-SIN,SUB,SIN,2027-01-17,2027-01-24,economy,,IDR,,,,,,,,,error,IndexError: list index out of range
2026-10-05 05:09:17+0700,SUB-SIN,SUB,SIN,2027-01-25,2027-02-01,economy,,IDR,,,,,,,,,error,IndexError: list index out of range
2026-10-05 08:11:12+0700,DPS-MEL,DPS,MEL,2026-10-08,2026-10-22,economy,,IDR,,,,,,,,,error,IndexError: list index out of range
2026-10-05 08:11:12+0700,DPS-MEL,DPS,MEL,2026-10-16,2026-10-30,economy,,IDR,,,,,,,,,error,IndexError: list index out of range
2026-10-05 08:11:12+0700,DPS-MEL,DPS,MEL,2026-10-24,2026-11-07,economy,,IDR,,,,,,,,,error,IndexError: list index out of range
2026-10-05 08:11:12+0700,DPS-MEL,DPS,MEL,2026-11-01,2026-11-15,economy,11208392,IDR,Jetstar,14:55,23:35,0,340,,,google-flights,ok,
2026-10-05 08:11:12+0700,DPS-MEL,DPS,MEL,2026-11-09,2026-11-23,economy,11349582,IDR,Virgin Australia,22:30,11:05,1,465,,,google-flights,ok,
2026-10-05 08:11:12+0700,DPS-MEL,DPS,MEL,2026-11-17,2026-12-01,economy,9975392,IDR,Jetstar,11:30,20:10,0,340,,,google-flights,ok,
2026-10-05 08:11:12+0700,DPS-MEL,DPS,MEL,2026-11-25,2026-12-09,economy,9415866,IDR,Jetstar,11:30,20:10,0,340,,,google-flights,ok,
2026-10-05 08:11:12+0700,DPS-MEL,DPS,MEL,2026-12-03,2026-12-17,economy,11920282,IDR,Virgin Australia,22:30,15:40,2,505,,,google-flights,ok,
2026-10-05 08:11:12+0700,DPS-MEL,DPS,MEL,2026-12-11,2026-12-25,economy,,IDR,,,,,,,,,error,FlightsNotFound: no flights found; received error
2026-10-05 08:11:12+0700,DPS-MEL,DPS,MEL,2026-12-19,2027-01-02,economy,7978392,IDR,Jetstar,11:30,20:10,0,340,,,google-flights,ok,
2026-10-05 08:11:12+0700,DPS-MEL,DPS,MEL,2026-12-27,2027-01-10,economy,7604392,IDR,Jetstar,11:30,20:10,0,340,,,google-flights,ok,
2026-10-05 08:11:12+0700,DPS-MEL,DPS,MEL,2027-01-04,2027-01-18,economy,11686862,IDR,Garuda Indonesia,20:40,11:50,1,510,,,google-flights,ok,
2026-10-05 08:11:12+0700,DPS-MEL,DPS,MEL,2027-01-12,2027-01-26,economy,10197392,IDR,Jetstar,23:20,07:55,0,335,,,google-flights,ok,
2026-10-05 08:11:12+0700,DPS-MEL,DPS,MEL,2027-01-20,2027-02-03,economy,9455392,IDR,Jetstar,14:55,23:35,0,340,,,google-flights,ok,
2026-10-05 08:11:12+0700,DPS-MEL,DPS,MEL,2027-01-28,2027-02-11,economy,7412553,IDR,Virgin Australia,15:50,00:30,0,340,,,google-flights,ok,
2026-10-05 08:11:12+0700,SUB-TPE,SUB,TPE,2026-10-09,2026-10-23,economy,7027394,IDR,Scoot,19:50,05:45,1,430,,,google-flights,ok,
2026-10-05 08:11:12+0700,SUB-TPE,SUB,TPE,2026-10-17,2026-10-31,economy,5037684,IDR,Scoot,19:50,05:45,1,430,,,google-flights,ok,
2026-10-05 08:11:12+0700,SUB-TPE,SUB,TPE,2026-10-25,2026-11-08,economy,7844727,IDR,Scoot,09:50,05:35,1,425,,,google-flights,ok,
2026-10-05 08:11:12+0700,SUB-TPE,SUB,TPE,2026-11-02,2026-11-16,economy,6482342,IDR,Scoot,09:50,05:35,1,425,,,google-flights,ok,
2026-10-05 08:11:12+0700,SUB-TPE,SUB,TPE,2026-11-10,2026-11-24,economy,5037684,IDR,Scoot,19:30,05:35,1,425,,,google-flights,ok,
2026-10-05 08:11:12+0700,SUB-TPE,SUB,TPE,2026-11-18,2026-12-02,economy,7119950,IDR,Scoot,09:50,05:35,1,425,,,google-flights,ok,
2026-10-05 08:11:12+0700,SUB-TPE,SUB,TPE,2026-11-26,2026-12-10,economy,9109659,IDR,Scoot,09:50,05:35,1,425,,,google-flights,ok,
2026-10-05 08:11:12+0700,SUB-TPE,SUB,TPE,2026-12-04,2026-12-18,economy,10518565,IDR,Scoot,19:30,17:00,1,425,,,google-flights,ok,
2026-10-05 08:11:12+0700,SUB-TPE,SUB,TPE,2026-12-12,2026-12-26,economy,10518565,IDR,Scoot,19:30,05:35,1,425,,,google-flights,ok,
2026-10-05 08:11:12+0700,SUB-TPE,SUB,TPE,2026-12-20,2027-01-03,economy,16663045,IDR,Scoot,19:30,05:35,1,425,,,google-flights,ok,
2026-10-05 08:11:12+0700,SUB-TPE,SUB,TPE,2026-12-28,2027-01-11,economy,9310440,IDR,Scoot,09:50,05:35,1,425,,,google-flights,ok,
2026-10-05 08:11:12+0700,SUB-TPE,SUB,TPE,2027-01-05,2027-01-19,economy,4698312,IDR,Scoot,19:30,11:00,1,435,,,google-flights,ok,
2026-10-05 08:11:12+0700,SUB-TPE,SUB,TPE,2027-01-13,2027-01-27,economy,5037684,IDR,Scoot,19:30,05:35,1,425,,,google-flights,ok,
2026-10-05 08:11:12+0700,SUB-TPE,SUB,TPE,2027-01-21,2027-02-04,economy,8971068,IDR,Scoot,09:50,11:00,1,435,,,google-flights,ok,
2026-10-05 08:11:12+0700,SUB-TPE,SUB,TPE,2027-01-29,2027-02-12,economy,5037684,IDR,Scoot,19:30,05:35,1,425,,,google-flights,ok,
2026-10-05 08:11:12+0700,SUB-TPE,SUB,TPE,2027-02-06,2027-02-20,economy,7665002,IDR,Scoot,19:30,05:35,1,425,,,google-flights,ok,
2026-10-05 08:11:12+0700,SUB-TPE,SUB,TPE,2027-02-14,2027-02-28,economy,5037684,IDR,Scoot,19:30,11:00,1,435,,,google-flights,ok,
2026-10-05 08:11:12+0700,SUB-TPE,SUB,TPE,2027-02-22,2027-03-08,economy,5243364,IDR,Scoot,09:50,13:15,1,430,,,google-flights,ok,
2026-10-05 08:11:12+0700,SUB-TPE,SUB,TPE,2027-03-02,2027-03-16,economy,9253633,IDR,Scoot,19:30,05:35,1,425,,,google-flights,ok,
2026-10-05 08:11:12+0700,SUB-TPE,SUB,TPE,2027-03-10,2027-03-24,economy,7891248,IDR,Scoot,19:30,05:35,1,425,,,google-flights,ok,
2026-10-05 08:11:12+0700,SUB-TPE,SUB,TPE,2027-03-18,2027-04-01,economy,7368692,IDR,Scoot,09:50,11:00,1,435,,,google-flights,ok,
2026-10-05 08:11:12+0700,SUB-TPE,SUB,TPE,2027-03-26,2027-04-09,economy,6103760,IDR,Scoot,19:30,17:00,1,425,,,google-flights,ok,
2026-10-05 08:11:12+0700,SUB-TPE,SUB,TPE,2027-04-03,2027-04-17,economy,6486195,IDR,Scoot,19:50,17:10,1,430,,,google-flights,ok,
2026-10-05 08:11:12+0700,SUB-TPE,SUB,TPE,2027-04-11,2027-04-25,economy,5329490,IDR,Scoot,19:50,14:15,1,430,,,google-flights,ok,
2026-10-05 08:11:12+0700,SUB-TPE,SUB,TPE,2027-04-19,2027-05-03,economy,5668862,IDR,Scoot,10:35,14:15,1,430,,,google-flights,ok,
2026-10-05 08:11:12+0700,SUB-TPE,SUB,TPE,2027-04-27,2027-05-11,economy,4342226,IDR,Scoot,19:50,17:10,1,430,,,google-flights,ok,
2026-10-05 08:11:12+0700,SUB-TPE,SUB,TPE,2027-05-05,2027-05-19,economy,5123810,IDR,Scoot,19:50,11:45,1,430,,,google-flights,ok,
2026-10-05 08:11:12+0700,SUB-TPE,SUB,TPE,2027-05-13,2027-05-27,economy,7113520,IDR,Scoot,08:35,05:45,1,430,,,google-flights,ok,
2026-10-05 08:11:12+0700,SUB-TPE,SUB,TPE,2027-05-21,2027-06-04,economy,4784438,IDR,Scoot,19:50,11:45,1,430,,,google-flights,ok,
2026-10-05 08:11:12+0700,SUB-TPE,SUB,TPE,2027-05-29,2027-06-12,economy,5123810,IDR,Scoot,19:50,17:10,1,430,,,google-flights,ok,
2026-10-05 08:11:12+0700,SUB-TPE,SUB,TPE,2027-06-06,2027-06-20,economy,5329490,IDR,Scoot,19:50,05:45,1,430,,,google-flights,ok,
2026-10-05 08:11:12+0700,SUB-TPE,SUB,TPE,2027-06-14,2027-06-28,economy,6486195,IDR,Scoot,10:35,17:10,1,430,,,google-flights,ok,
2026-10-05 08:11:12+0700,SUB-TPE,SUB,TPE,2027-06-22,2027-07-06,economy,4784438,IDR,Scoot,19:50,05:45,1,430,,,google-flights,ok,
2026-10-05 08:11:12+0700,SUB-TPE,SUB,TPE,2027-06-30,2027-07-14,economy,4578758,IDR,Scoot,19:50,05:45,1,430,,,google-flights,ok,
2026-10-05 08:11:12+0700,SUB-KUL,SUB,KUL,2026-10-13,2026-10-20,economy,3011978,IDR,Indonesia AirAsia,11:20,15:00,0,160,,,google-flights,ok,
2026-10-05 08:11:12+0700,SUB-KUL,SUB,KUL,2026-10-21,2026-10-28,economy,3427957,IDR,Malaysia Airlines,10:00,13:40,0,160,,,google-flights,ok,
2026-10-05 08:11:12+0700,SUB-KUL,SUB,KUL,2026-10-29,2026-11-05,economy,2740174,IDR,Indonesia AirAsia,04:00,07:35,0,155,,,google-flights,ok,
2026-10-05 08:11:12+0700,SUB-KUL,SUB,KUL,2026-11-06,2026-11-13,economy,2202011,IDR,Indonesia AirAsia,10:20,13:55,0,155,,,google-flights,ok,
2026-10-05 08:11:12+0700,SUB-KUL,SUB,KUL,2026-11-14,2026-11-21,economy,2099991,IDR,Indonesia AirAsia,16:45,20:25,0,160,,,google-flights,ok,
2026-10-05 08:11:12+0700,SUB-KUL,SUB,KUL,2026-11-22,2026-11-29,economy,2099991,IDR,Indonesia AirAsia,13:25,17:05,0,160,,,google-flights,ok,
2026-10-05 08:11:12+0700,SUB-KUL,SUB,KUL,2026-11-30,2026-12-07,economy,4130830,IDR,Malaysia Airlines,18:05,21:45,0,160,,,google-flights,ok,
2026-10-05 08:11:12+0700,SUB-KUL,SUB,KUL,2026-12-08,2026-12-15,economy,2916425,IDR,Indonesia AirAsia,16:45,20:25,0,160,,,google-flights,ok,
2026-10-05 08:11:12+0700,SUB-KUL,SUB,KUL,2026-12-16,2026-12-23,economy,4116707,IDR,Scoot,19:30,05:55,1,220,,,google-flights,ok,
2026-10-05 08:11:12+0700,SUB-KUL,SUB,KUL,2026-12-24,2026-12-31,economy,4279734,IDR,Indonesia AirAsia,04:00,07:35,0,155,,,google-flights,ok,
2026-10-05 08:11:12+0700,SUB-KUL,SUB,KUL,2027-01-01,2027-01-08,economy,3694667,IDR,Indonesia AirAsia,10:20,13:55,0,155,,,google-flights,ok,
2026-10-05 08:11:12+0700,SUB-KUL,SUB,KUL,2027-01-09,2027-01-16,economy,3213914,IDR,Indonesia AirAsia,04:00,07:35,0,155,,,google-flights,ok,
2026-10-05 08:11:12+0700,SUB-KUL,SUB,KUL,2027-01-17,2027-01-24,economy,4130830,IDR,Malaysia Airlines,10:00,13:40,0,160,,,google-flights,ok,
2026-10-05 08:11:12+0700,SUB-KUL,SUB,KUL,2027-01-25,2027-02-01,economy,4352998,IDR,Malaysia Airlines,10:00,13:40,0,160,,,google-flights,ok,
2026-10-05 08:11:12+0700,SUB-SIN,SUB,SIN,2026-10-06,2026-10-13,economy,4829860,IDR,Lion/Batik Air,06:30,13:45,1,195,,,google-flights,ok,
2026-10-05 08:11:12+0700,SUB-SIN,SUB,SIN,2026-10-14,2026-10-21,economy,4576602,IDR,Indonesia AirAsia/AirAsia,05:05,11:35,1,230,,,google-flights,ok,
2026-10-05 08:11:12+0700,SUB-SIN,SUB,SIN,2026-10-22,2026-10-29,economy,3578767,IDR,Indonesia AirAsia/AirAsia,05:05,11:35,1,230,,,google-flights,ok,
2026-10-05 08:11:12+0700,SUB-SIN,SUB,SIN,2026-10-30,2026-11-06,economy,5458401,IDR,Indonesia AirAsia/AirAsia,04:00,10:20,1,230,,,google-flights,ok,
2026-10-05 08:11:12+0700,SUB-SIN,SUB,SIN,2026-11-07,2026-11-14,economy,4516540,IDR,Indonesia AirAsia/AirAsia,04:00,10:20,1,230,,,google-flights,ok,
2026-10-05 08:11:12+0700,SUB-SIN,SUB,SIN,2026-11-15,2026-11-22,economy,4993265,IDR,Indonesia AirAsia/AirAsia,04:00,10:20,1,230,,,google-flights,ok,
2026-10-05 08:11:12+0700,SUB-SIN,SUB,SIN,2026-11-23,2026-11-30,economy,4652850,IDR,Indonesia AirAsia/AirAsia,04:00,10:20,1,230,,,google-flights,ok,
2026-10-05 08:11:12+0700,SUB-SIN,SUB,SIN,2026-12-01,2026-12-08,economy,5359633,IDR,Indonesia AirAsia/AirAsia,04:00,10:20,1,230,,,google-flights,ok,
2026-10-05 08:11:12+0700,SUB-SIN,SUB,SIN,2026-12-09,2026-12-16,economy,,IDR,,,,,,,,,error,FlightsNotFound: no flights found; received error
2026-10-05 08:11:12+0700,SUB-SIN,SUB,SIN,2026-12-17,2026-12-24,economy,5954253,IDR,Garuda Indonesia,16:00,16:45,1,225,,,google-flights,ok,
2026-10-05 08:11:12+0700,SUB-SIN,SUB,SIN,2026-12-25,2027-01-01,economy,6279353,IDR,Garuda Indonesia,16:00,16:45,1,225,,,google-flights,ok,
2026-10-05 08:11:12+0700,SUB-SIN,SUB,SIN,2027-01-02,2027-01-09,economy,6015664,IDR,Indonesia AirAsia/AirAsia,04:00,11:35,1,230,,,google-flights,ok,
2026-10-05 08:11:12+0700,SUB-SIN,SUB,SIN,2027-01-10,2027-01-17,economy,,IDR,,,,,,,,,error,IndexError: list index out of range
2026-10-05 08:11:12+0700,SUB-SIN,SUB,SIN,2027-01-18,2027-01-25,economy,,IDR,,,,,,,,,error,IndexError: list index out of range
2026-10-05 08:11:12+0700,SUB-SIN,SUB,SIN,2027-01-26,2027-02-02,economy,6298880,IDR,Garuda Indonesia,11:10,18:25,1,205,,,google-flights,ok,
2026-10-05 11:12:37+0700,DPS-MEL,DPS,MEL,2026-10-09,2026-10-23,economy,,IDR,,,,,,,,,error,IndexError: list index out of range
2026-10-05 11:12:37+0700,DPS-MEL,DPS,MEL,2026-10-17,2026-10-31,economy,,IDR,,,,,,,,,error,IndexError: list index out of range
2026-10-05 11:12:37+0700,DPS-MEL,DPS,MEL,2026-10-25,2026-11-08,economy,11924151,IDR,Scoot,01:05,12:10,1,610,,,google-flights,ok,
2026-10-05 11:12:37+0700,DPS-MEL,DPS,MEL,2026-11-02,2026-11-16,economy,11329982,IDR,Virgin Australia,21:25,09:25,1,435,,,google-flights,ok,
2026-10-05 11:12:37+0700,DPS-MEL,DPS,MEL,2026-11-10,2026-11-24,economy,9234866,IDR,Jetstar,11:30,20:10,0,340,,,google-flights,ok,
2026-10-05 11:12:37+0700,DPS-MEL,DPS,MEL,2026-11-18,2026-12-02,economy,9033866,IDR,Jetstar,11:30,20:10,0,340,,,google-flights,ok,
2026-10-05 11:12:37+0700,DPS-MEL,DPS,MEL,2026-11-26,2026-12-10,economy,10066392,IDR,Jetstar,14:55,23:35,0,340,,,google-flights,ok,
2026-10-05 11:12:37+0700,DPS-MEL,DPS,MEL,2026-12-04,2026-12-18,economy,12961484,IDR,Jetstar,23:10,14:15,1,485,,,google-flights,ok,
2026-10-05 11:12:37+0700,DPS-MEL,DPS,MEL,2026-12-12,2026-12-26,economy,16354392,IDR,Jetstar,14:55,23:35,0,340,,,google-flights,ok,
2026-10-05 11:12:37+0700,DPS-MEL,DPS,MEL,2026-12-20,2027-01-03,economy,8997650,IDR,Jetstar,14:55,23:35,0,340,,,google-flights,ok,
2026-10-05 11:12:37+0700,DPS-MEL,DPS,MEL,2026-12-28,2027-01-11,economy,7603392,IDR,Jetstar,14:55,23:35,0,340,,,google-flights,ok,
2026-10-05 11:12:37+0700,DPS-MEL,DPS,MEL,2027-01-05,2027-01-19,economy,13375204,IDR,Jetstar,23:20,07:55,0,335,,,google-flights,ok,
2026-10-05 11:12:37+0700,DPS-MEL,DPS,MEL,2027-01-13,2027-01-27,economy,10922392,IDR,Jetstar,11:30,20:10,0,340,,,google-flights,ok,
2026-10-05 11:12:37+0700,DPS-MEL,DPS,MEL,2027-01-21,2027-02-04,economy,9295258,IDR,Virgin Australia,15:50,00:30,0,340,,,google-flights,ok,
2026-10-05 11:12:37+0700,DPS-MEL,DPS,MEL,2027-01-29,2027-02-12,economy,7513162,IDR,Virgin Australia,15:50,00:30,0,340,,,google-flights,ok,
2026-10-05 11:12:37+0700,SUB-TPE,SUB,TPE,2026-10-10,2026-10-24,economy,,IDR,,,,,,,,,error,FlightsNotFound: no flights found; received error
2026-10-05 11:12:37+0700,SUB-TPE,SUB,TPE,2026-10-18,2026-11-01,economy,,IDR,,,,,,,,,error,FlightsNotFound: no flights found; received error
2026-10-05 11:12:37+0700,SUB-TPE,SUB,TPE,2026-10-26,2026-11-09,economy,10755098,IDR,Scoot,09:50,05:35,1,425,,,google-flights,ok,
2026-10-05 11:12:37+0700,SUB-TPE,SUB,TPE,2026-11-03,2026-11-17,economy,4492632,IDR,Scoot,19:30,17:00,1,425,,,google-flights,ok,
2026-10-05 11:12:37+0700,SUB-TPE,SUB,TPE,2026-11-11,2026-11-25,economy,5037684,IDR,Scoot,19:30,05:35,1,425,,,google-flights,ok,
2026-10-05 11:12:37+0700,SUB-TPE,SUB,TPE,2026-11-19,2026-12-03,economy,7217403,IDR,Scoot,09:50,17:00,1,425,,,google-flights,ok,
2026-10-05 11:12:37+0700,SUB-TPE,SUB,TPE,2026-11-27,2026-12-11,economy,9253633,IDR,Scoot,09:50,05:35,1,425,,,google-flights,ok,
2026-10-05 11:12:37+0700,SUB-TPE,SUB,TPE,2026-12-05,2026-12-19,economy,11289864,IDR,Scoot,19:30,05:35,1,425,,,google-flights,ok,
2026-10-05 11:12:37+0700,SUB-TPE,SUB,TPE,2026-12-13,2026-12-27,economy,12164004,IDR,Scoot,19:30,05:35,1,425,,,google-flights,ok,
2026-10-05 11:12:37+0700,SUB-TPE,SUB,TPE,2026-12-21,2027-01-04,economy,15776155,IDR,Scoot,09:50,05:35,1,425,,,google-flights,ok,
2026-10-05 11:12:37+0700,SUB-TPE,SUB,TPE,2026-12-29,2027-01-12,economy,7665002,IDR,Scoot,09:50,05:35,1,425,,,google-flights,ok,
2026-10-05 11:12:37+0700,SUB-TPE,SUB,TPE,2027-01-06,2027-01-20,economy,4492632,IDR,Scoot,19:30,05:35,1,425,,,google-flights,ok,
2026-10-05 11:12:37+0700,SUB-TPE,SUB,TPE,2027-01-14,2027-01-28,economy,6060697,IDR,Scoot,09:50,11:00,1,435,,,google-flights,ok,
2026-10-05 11:12:37+0700,SUB-TPE,SUB,TPE,2027-01-22,2027-02-05,economy,8765388,IDR,Scoot,19:30,05:35,1,425,,,google-flights,ok,
2026-10-05 11:12:37+0700,SUB-TPE,SUB,TPE,2027-01-30,2027-02-13,economy,5037684,IDR,Scoot,19:30,05:35,1,425,,,google-flights,ok,
2026-10-05 11:12:37+0700,SUB-TPE,SUB,TPE,2027-02-07,2027-02-21,economy,7665002,IDR,Scoot,19:30,05:35,1,425,,,google-flights,ok,
2026-10-05 11:12:37+0700,SUB-TPE,SUB,TPE,2027-02-15,2027-03-01,economy,5037684,IDR,Scoot,09:50,13:15,1,430,,,google-flights,ok,
2026-10-05 11:12:37+0700,SUB-TPE,SUB,TPE,2027-02-23,2027-03-09,economy,5037684,IDR,Scoot,19:30,11:00,1,435,,,google-flights,ok,
2026-10-05 11:12:37+0700,SUB-TPE,SUB,TPE,2027-03-03,2027-03-17,economy,8436300,IDR,Scoot,19:30,05:35,1,425,,,google-flights,ok,
2026-10-05 11:12:37+0700,SUB-TPE,SUB,TPE,2027-03-11,2027-03-25,economy,9880957,IDR,Scoot,09:50,05:35,1,425,,,google-flights,ok,
2026-10-05 11:12:37+0700,SUB-TPE,SUB,TPE,2027-03-19,2027-04-02,economy,8139991,IDR,Scoot,19:30,17:00,1,425,,,google-flights,ok,
2026-10-05 11:12:37+0700,SUB-TPE,SUB,TPE,2027-03-27,2027-04-10,economy,6443132,IDR,Scoot,19:30,17:10,1,430,,,google-flights,ok,
2026-10-05 11:12:37+0700,SUB-TPE,SUB,TPE,2027-04-04,2027-04-18,economy,6486196,IDR,Scoot,19:50,17:10,1,430,,,google-flights,ok,
2026-10-05 11:12:37+0700,SUB-TPE,SUB,TPE,2027-04-12,2027-04-26,economy,6486196,IDR,Scoot,10:35,05:45,1,430,,,google-flights,ok,
2026-10-05 11:12:37+0700,SUB-TPE,SUB,TPE,2027-04-20,2027-05-04,economy,4342226,IDR,Scoot,19:50,17:10,1,430,,,google-flights,ok,
2026-10-05 11:12:37+0700,SUB-TPE,SUB,TPE,2027-04-28,2027-05-12,economy,4342226,IDR,Scoot,19:50,11:45,1,430,,,google-flights,ok,
2026-10-05 11:12:37+0700,SUB-TPE,SUB,TPE,2027-05-06,2027-05-20,economy,6774148,IDR,Scoot,08:35,05:45,1,430,,,google-flights,ok,
2026-10-05 11:12:37+0700,SUB-TPE,SUB,TPE,2027-05-14,2027-05-28,economy,5941144,IDR,Scoot,19:50,17:10,1,430,,,google-flights,ok,
2026-10-05 11:12:37+0700,SUB-TPE,SUB,TPE,2027-05-22,2027-06-05,economy,6146823,IDR,Scoot,19:50,17:10,1,430,,,google-flights,ok,
2026-10-05 11:12:37+0700,SUB-TPE,SUB,TPE,2027-05-30,2027-06-13,economy,4990118,IDR,Scoot,19:50,17:10,1,430,,,google-flights,ok,
2026-10-05 11:12:37+0700,SUB-TPE,SUB,TPE,2027-06-07,2027-06-21,economy,7303529,IDR,Scoot,10:35,05:45,1,430,,,google-flights,ok,
2026-10-05 11:12:37+0700,SUB-TPE,SUB,TPE,2027-06-15,2027-06-29,economy,4990118,IDR,Scoot,19:50,05:45,1,430,,,google-flights,ok,
2026-10-05 11:12:37+0700,SUB-TPE,SUB,TPE,2027-06-23,2027-07-07,economy,4784438,IDR,Scoot,19:50,17:10,1,430,,,google-flights,ok,
2026-10-05 11:12:37+0700,SUB-KUL,SUB,KUL,2026-10-06,2026-10-13,economy,3761425,IDR,Citilink Indonesia,09:00,19:10,1,230,,,google-flights,ok,
2026-10-05 11:12:37+0700,SUB-KUL,SUB,KUL,2026-10-14,2026-10-21,economy,3621776,IDR,Batik Air,10:05,13:45,0,160,,,google-flights,ok,
2026-10-05 11:12:37+0700,SUB-KUL,SUB,KUL,2026-10-22,2026-10-29,economy,2099991,IDR,Indonesia AirAsia,17:45,21:25,0,160,,,google-flights,ok,
2026-10-05 11:12:37+0700,SUB-KUL,SUB,KUL,2026-10-30,2026-11-06,economy,3372028,IDR,Batik Air,10:05,13:45,0,160,,,google-flights,ok,
2026-10-05 11:12:37+0700,SUB-KUL,SUB,KUL,2026-11-07,2026-11-14,economy,3427180,IDR,Malaysia Airlines,10:00,13:40,0,160,,,google-flights,ok,
2026-10-05 11:12:37+0700,SUB-KUL,SUB,KUL,2026-11-15,2026-11-22,economy,3779276,IDR,Malaysia Airlines,10:00,13:40,0,160,,,google-flights,ok,
2026-10-05 11:12:37+0700,SUB-KUL,SUB,KUL,2026-11-23,2026-11-30,economy,3427180,IDR,Malaysia Airlines,18:05,21:45,0,160,,,google-flights,ok,
2026-10-05 11:12:37+0700,SUB-KUL,SUB,KUL,2026-12-01,2026-12-08,economy,3929276,IDR,Malaysia Airlines,10:00,13:40,0,160,,,google-flights,ok,
2026-10-05 11:12:37+0700,SUB-KUL,SUB,KUL,2026-12-09,2026-12-16,economy,4501530,IDR,Malaysia Airlines,10:00,13:40,0,160,,,google-flights,ok,
2026-10-05 11:12:37+0700,SUB-KUL,SUB,KUL,2026-12-17,2026-12-24,economy,4900941,IDR,Malaysia Airlines,10:00,13:40,0,160,,,google-flights,ok,
2026-10-05 11:12:37+0700,SUB-KUL,SUB,KUL,2026-12-25,2027-01-01,economy,4279734,IDR,Indonesia AirAsia,04:00,07:35,0,155,,,google-flights,ok,
2026-10-05 11:12:37+0700,SUB-KUL,SUB,KUL,2027-01-02,2027-01-09,economy,3694667,IDR,Indonesia AirAsia,10:20,13:55,0,155,,,google-flights,ok,
2026-10-05 11:12:37+0700,SUB-KUL,SUB,KUL,2027-01-10,2027-01-17,economy,3213914,IDR,Indonesia AirAsia,04:00,07:35,0,155,,,google-flights,ok,
2026-10-05 11:12:37+0700,SUB-KUL,SUB,KUL,2027-01-18,2027-01-25,economy,3947021,IDR,Scoot,09:50,16:15,1,220,,,google-flights,ok,
2026-10-05 11:12:37+0700,SUB-KUL,SUB,KUL,2027-01-26,2027-02-02,economy,4351530,IDR,Malaysia Airlines,15:50,19:30,0,160,,,google-flights,ok,
2026-10-05 11:12:37+0700,SUB-SIN,SUB,SIN,2026-10-07,2026-10-14,economy,4779860,IDR,Lion/Batik Air,07:40,15:15,1,195,,,google-flights,ok,
2026-10-05 11:12:37+0700,SUB-SIN,SUB,SIN,2026-10-15,2026-10-22,economy,4444370,IDR,Indonesia AirAsia/AirAsia,05:05,11:35,1,230,,,google-flights,ok,
2026-10-05 11:12:37+0700,SUB-SIN,SUB,SIN,2026-10-23,2026-10-30,economy,3576385,IDR,Indonesia AirAsia/AirAsia,11:20,18:05,1,240,,,google-flights,ok,
2026-10-05 11:12:37+0700,SUB-SIN,SUB,SIN,2026-10-31,2026-11-07,economy,4521041,IDR,Indonesia AirAsia/AirAsia,13:25,19:40,1,240,,,google-flights,ok,
2026-10-05 11:12:37+0700,SUB-SIN,SUB,SIN,2026-11-08,2026-11-15,economy,4313206,IDR,Indonesia AirAsia/AirAsia,04:00,10:20,1,230,,,google-flights,ok,
2026-10-05 11:12:37+0700,SUB-SIN,SUB,SIN,2026-11-16,2026-11-23,economy,4671856,IDR,Indonesia AirAsia/AirAsia,13:25,19:40,1,240,,,google-flights,ok,
2026-10-05 11:12:37+0700,SUB-SIN,SUB,SIN,2026-11-24,2026-12-01,economy,4509163,IDR,Indonesia AirAsia/AirAsia,10:20,18:00,1,235,,,google-flights,ok,
2026-10-05 11:12:37+0700,SUB-SIN,SUB,SIN,2026-12-02,2026-12-09,economy,4813159,IDR,Indonesia AirAsia/AirAsia,04:00,10:20,1,230,,,google-flights,ok,
2026-10-05 11:12:37+0700,SUB-SIN,SUB,SIN,2026-12-10,2026-12-17,economy,5819991,IDR,Malaysia Airlines,10:00,16:40,1,235,,,google-flights,ok,
2026-10-05 11:12:37+0700,SUB-SIN,SUB,SIN,2026-12-18,2026-12-25,economy,5954253,IDR,Garuda Indonesia,16:00,16:45,1,225,,,google-flights,ok,
2026-10-05 11:12:37+0700,SUB-SIN,SUB,SIN,2026-12-26,2027-01-02,economy,7001353,IDR,Garuda Indonesia,09:20,16:45,1,225,,,google-flights,ok,
2026-10-05 11:12:37+0700,SUB-SIN,SUB,SIN,2027-01-03,2027-01-10,economy,6184091,IDR,Malaysia Airlines,10:00,16:40,1,235,,,google-flights,ok,
2026-10-05 11:12:37+0700,SUB-SIN,SUB,SIN,2027-01-11,2027-01-18,economy,,IDR,,,,,,,,,error,IndexError: list index out of range
2026-10-05 11:12:37+0700,SUB-SIN,SUB,SIN,2027-01-19,2027-01-26,economy,5110801,IDR,Indonesia AirAsia/AirAsia,04:00,10:20,1,230,,,google-flights,ok,
2026-10-05 11:12:37+0700,SUB-SIN,SUB,SIN,2027-01-27,2027-02-03,economy,,IDR,,,,,,,,,error,IndexError: list index out of range
2026-10-05 14:15:21+0700,DPS-MEL,DPS,MEL,2026-10-10,2026-10-24,economy,,IDR,,,,,,,,,error,IndexError: list index out of range
2026-10-05 14:15:21+0700,DPS-MEL,DPS,MEL,2026-10-18,2026-11-01,economy,,IDR,,,,,,,,,error,IndexError: list index out of range
2026-10-05 14:15:21+0700,DPS-MEL,DPS,MEL,2026-10-26,2026-11-09,economy,11783982,IDR,Virgin Australia,21:25,15:40,1,435,,,google-flights,ok,
2026-10-05 14:15:21+0700,DPS-MEL,DPS,MEL,2026-11-03,2026-11-17,economy,10998816,IDR,Virgin Australia,15:00,09:25,1,495,,,google-flights,ok,
2026-10-05 14:15:21+0700,DPS-MEL,DPS,MEL,2026-11-11,2026-11-25,economy,9465866,IDR,Jetstar,11:30,20:10,0,340,,,google-flights,ok,
2026-10-05 14:15:21+0700,DPS-MEL,DPS,MEL,2026-11-19,2026-12-03,economy,9675682,IDR,Virgin Australia,22:30,11:35,1,465,,,google-flights,ok,
2026-10-05 14:15:21+0700,DPS-MEL,DPS,MEL,2026-11-27,2026-12-11,economy,9466630,IDR,Jetstar,11:30,20:10,0,340,,,google-flights,ok,
2026-10-05 14:15:21+0700,DPS-MEL,DPS,MEL,2026-12-05,2026-12-19,economy,13762835,IDR,Jetstar,23:10,14:15,1,485,,,google-flights,ok,
2026-10-05 14:15:21+0700,DPS-MEL,DPS,MEL,2026-12-13,2026-12-27,economy,14545454,IDR,Jetstar,14:55,23:35,0,340,,,google-flights,ok,
2026-10-05 14:15:21+0700,DPS-MEL,DPS,MEL,2026-12-21,2027-01-04,economy,7229392,IDR,Jetstar,11:30,20:10,0,340,,,google-flights,ok,
2026-10-05 14:15:21+0700,DPS-MEL,DPS,MEL,2026-12-29,2027-01-12,economy,8146546,IDR,Jetstar,11:30,20:10,0,340,,,google-flights,ok,
2026-10-05 14:15:21+0700,DPS-MEL,DPS,MEL,2027-01-06,2027-01-20,economy,13338392,IDR,Jetstar,14:55,23:35,0,340,,,google-flights,ok,
2026-10-05 14:15:21+0700,DPS-MEL,DPS,MEL,2027-01-14,2027-01-28,economy,12161392,IDR,Jetstar,11:30,20:10,0,340,,,google-flights,ok,
2026-10-05 14:15:21+0700,DPS-MEL,DPS,MEL,2027-01-22,2027-02-05,economy,9455392,IDR,Jetstar,14:55,23:35,0,340,,,google-flights,ok,
2026-10-05 14:15:21+0700,DPS-MEL,DPS,MEL,2027-01-30,2027-02-13,economy,8194392,IDR,Jetstar,11:30,20:10,0,340,,,google-flights,ok,
2026-10-05 14:15:21+0700,SUB-TPE,SUB,TPE,2026-10-11,2026-10-25,economy,11940224,IDR,Scoot,10:35,05:45,1,430,,,google-flights,ok,
2026-10-05 14:15:21+0700,SUB-TPE,SUB,TPE,2026-10-19,2026-11-02,economy,6482342,IDR,Scoot,10:35,05:45,1,430,,,google-flights,ok,
2026-10-05 14:15:21+0700,SUB-TPE,SUB,TPE,2026-10-27,2026-11-10,economy,4698312,IDR,Scoot,19:30,17:00,1,425,,,google-flights,ok,
2026-10-05 14:15:21+0700,SUB-TPE,SUB,TPE,2026-11-04,2026-11-18,economy,7119950,IDR,Scoot,09:50,05:35,1,425,,,google-flights,ok,
2026-10-05 14:15:21+0700,SUB-TPE,SUB,TPE,2026-11-12,2026-11-26,economy,,IDR,,,,,,,,,error,TypeError: 'NoneType' object is not subscriptable
2026-10-05 14:15:21+0700,SUB-TPE,SUB,TPE,2026-11-20,2026-12-04,economy,9253633,IDR,Scoot,09:50,05:35,1,425,,,google-flights,ok,
2026-10-05 14:15:21+0700,SUB-TPE,SUB,TPE,2026-11-28,2026-12-12,economy,6400069,IDR,Scoot,19:30,05:35,1,425,,,google-flights,ok,
2026-10-05 14:15:21+0700,SUB-TPE,SUB,TPE,2026-12-06,2026-12-20,economy,11289864,IDR,Scoot,19:30,17:00,1,425,,,google-flights,ok,
2026-10-05 14:15:21+0700,SUB-TPE,SUB,TPE,2026-12-14,2026-12-28,economy,11392705,IDR,Scoot,09:50,05:35,1,425,,,google-flights,ok,
2026-10-05 14:15:21+0700,SUB-TPE,SUB,TPE,2026-12-22,2027-01-05,economy,13205156,IDR,Scoot,19:30,05:35,1,425,,,google-flights,ok,
2026-10-05 14:15:21+0700,SUB-TPE,SUB,TPE,2026-12-30,2027-01-13,economy,7325630,IDR,Scoot,19:30,05:35,1,425,,,google-flights,ok,
2026-10-05 14:15:21+0700,SUB-TPE,SUB,TPE,2027-01-07,2027-01-21,economy,6060697,IDR,Scoot,09:50,11:00,1,435,,,google-flights,ok,
2026-10-05 14:15:21+0700,SUB-TPE,SUB,TPE,2027-01-15,2027-01-29,economy,5855017,IDR,Scoot,19:30,05:35,1,425,,,google-flights,ok,
2026-10-05 14:15:21+0700,SUB-TPE,SUB,TPE,2027-01-23,2027-02-06,economy,8765388,IDR,Scoot,19:30,05:35,1,425,,,google-flights,ok,
2026-10-05 14:15:21+0700,SUB-TPE,SUB,TPE,2027-01-31,2027-02-14,economy,5037684,IDR,Scoot,19:30,11:00,1,435,,,google-flights,ok,
2026-10-05 14:15:21+0700,SUB-TPE,SUB,TPE,2027-02-08,2027-02-22,economy,10341307,IDR,Scoot,09:50,05:35,1,425,,,google-flights,ok,
2026-10-05 14:15:21+0700,SUB-TPE,SUB,TPE,2027-02-16,2027-03-02,economy,4492632,IDR,Scoot,19:30,11:00,1,435,,,google-flights,ok,
2026-10-05 14:15:21+0700,SUB-TPE,SUB,TPE,2027-02-24,2027-03-10,economy,6400069,IDR,Scoot,09:50,17:00,1,425,,,google-flights,ok,
2026-10-05 14:15:21+0700,SUB-TPE,SUB,TPE,2027-03-04,2027-03-18,economy,9880957,IDR,Scoot,09:50,05:35,1,425,,,google-flights,ok,
2026-10-05 14:15:21+0700,SUB-TPE,SUB,TPE,2027-03-12,2027-03-26,economy,9880957,IDR,Scoot,09:50,17:00,1,425,,,google-flights,ok,
2026-10-05 14:15:21+0700,SUB-TPE,SUB,TPE,2027-03-20,2027-04-03,economy,7708064,IDR,Scoot,19:30,05:35,1,425,,,google-flights,ok,
2026-10-05 14:15:21+0700,SUB-TPE,SUB,TPE,2027-03-28,2027-04-11,economy,6443133,IDR,Scoot,19:50,17:10,1,430,,,google-flights,ok,
2026-10-05 14:15:21+0700,SUB-TPE,SUB,TPE,2027-04-05,2027-04-19,economy,7113520,IDR,Scoot,10:35,14:15,1,430,,,google-flights,ok,
2026-10-05 14:15:21+0700,SUB-TPE,SUB,TPE,2027-04-13,2027-04-27,economy,4578758,IDR,Scoot,19:50,17:10,1,430,,,google-flights,ok,
2026-10-05 14:15:21+0700,SUB-TPE,SUB,TPE,2027-04-21,2027-05-05,economy,4578758,IDR,Scoot,19:50,11:45,1,430,,,google-flights,ok,
2026-10-05 14:15:21+0700,SUB-TPE,SUB,TPE,2027-04-29,2027-05-13,economy,6774148,IDR,Scoot,08:35,05:45,1,430,,,google-flights,ok,
2026-10-05 14:15:21+0700,SUB-TPE,SUB,TPE,2027-05-07,2027-05-21,economy,4578758,IDR,Scoot,19:50,11:45,1,430,,,google-flights,ok,
2026-10-05 14:15:21+0700,SUB-TPE,SUB,TPE,2027-05-15,2027-05-29,economy,5329490,IDR,Scoot,19:50,17:10,1,430,,,google-flights,ok,
2026-10-05 14:15:21+0700,SUB-TPE,SUB,TPE,2027-05-23,2027-06-06,economy,5329490,IDR,Scoot,19:50,17:10,1,430,,,google-flights,ok,
2026-10-05 14:15:21+0700,SUB-TPE,SUB,TPE,2027-05-31,2027-06-14,economy,7303529,IDR,Scoot,10:35,05:45,1,430,,,google-flights,ok,
2026-10-05 14:15:21+0700,SUB-TPE,SUB,TPE,2027-06-08,2027-06-22,economy,4784438,IDR,Scoot,19:50,05:45,1,430,,,google-flights,ok,
2026-10-05 14:15:21+0700,SUB-TPE,SUB,TPE,2027-06-16,2027-06-30,economy,5329490,IDR,Scoot,19:50,05:45,1,430,,,google-flights,ok,
2026-10-05 14:15:21+0700,SUB-TPE,SUB,TPE,2027-06-24,2027-07-08,economy,5668862,IDR,Scoot,08:35,05:45,1,430,,,google-flights,ok,
2026-10-05 14:15:21+0700,SUB-KUL,SUB,KUL,2026-10-07,2026-10-14,economy,3655895,IDR,Citilink Indonesia,09:00,19:10,1,230,,,google-flights,ok,
2026-10-05 14:15:21+0700,SUB-KUL,SUB,KUL,2026-10-15,2026-10-22,economy,2580238,IDR,Indonesia AirAsia,17:45,21:25,0,160,,,google-flights,ok,
2026-10-05 14:15:21+0700,SUB-KUL,SUB,KUL,2026-10-23,2026-10-30,economy,2259927,IDR,Indonesia AirAsia,17:45,21:25,0,160,,,google-flights,ok,
2026-10-05 14:15:21+0700,SUB-KUL,SUB,KUL,2026-10-31,2026-11-07,economy,3780580,IDR,Batik Air,05:05,13:10,1,220,,,google-flights,ok,
2026-10-05 14:15:21+0700,SUB-KUL,SUB,KUL,2026-11-08,2026-11-15,economy,3426653,IDR,Malaysia Airlines,10:00,13:40,0,160,,,google-flights,ok,
2026-10-05 14:15:21+0700,SUB-KUL,SUB,KUL,2026-11-16,2026-11-23,economy,2259927,IDR,Indonesia AirAsia,10:20,13:55,0,155,,,google-flights,ok,
2026-10-05 14:15:21+0700,SUB-KUL,SUB,KUL,2026-11-24,2026-12-01,economy,2580238,IDR,Indonesia AirAsia,04:00,07:35,0,155,,,google-flights,ok,
2026-10-05 14:15:21+0700,SUB-KUL,SUB,KUL,2026-12-02,2026-12-09,economy,3780016,IDR,Malaysia Airlines,10:00,13:40,0,160,,,google-flights,ok,
2026-10-05 14:15:21+0700,SUB-KUL,SUB,KUL,2026-12-10,2026-12-17,economy,4192391,IDR,Batik Air,10:05,13:45,0,160,,,google-flights,ok,
2026-10-05 14:15:21+0700,SUB-KUL,SUB,KUL,2026-12-18,2026-12-25,economy,4122117,IDR,Indonesia AirAsia,04:00,07:35,0,155,,,google-flights,ok,
2026-10-05 14:15:21+0700,SUB-KUL,SUB,KUL,2026-12-26,2027-01-02,economy,6653654,IDR,Scoot,09:50,16:15,1,220,,,google-flights,ok,
2026-10-05 14:15:21+0700,SUB-KUL,SUB,KUL,2027-01-03,2027-01-10,economy,3694667,IDR,Indonesia AirAsia,10:20,13:55,0,155,,,google-flights,ok,
2026-10-05 14:15:21+0700,SUB-KUL,SUB,KUL,2027-01-11,2027-01-18,economy,4128823,IDR,Malaysia Airlines,10:00,13:40,0,160,,,google-flights,ok,
2026-10-05 14:15:21+0700,SUB-KUL,SUB,KUL,2027-01-19,2027-01-26,economy,3947021,IDR,Scoot,09:50,16:15,1,220,,,google-flights,ok,
2026-10-05 14:15:21+0700,SUB-KUL,SUB,KUL,2027-01-27,2027-02-03,economy,3102492,IDR,Indonesia AirAsia,04:00,07:35,0,155,,,google-flights,ok,
2026-10-05 14:15:21+0700,SUB-SIN,SUB,SIN,2026-10-08,2026-10-15,economy,4877860,IDR,Lion/Batik Air,06:30,13:45,1,195,,,google-flights,ok,
2026-10-05 14:15:21+0700,SUB-SIN,SUB,SIN,2026-10-16,2026-10-23,economy,4029263,IDR,Indonesia AirAsia/AirAsia,11:20,18:05,1,240,,,google-flights,ok,
2026-10-05 14:15:21+0700,SUB-SIN,SUB,SIN,2026-10-24,2026-10-31,economy,4306558,IDR,Indonesia AirAsia/AirAsia,11:20,18:05,1,240,,,google-flights,ok,
2026-10-05 14:15:21+0700,SUB-SIN,SUB,SIN,2026-11-01,2026-11-08,economy,4130335,IDR,Indonesia AirAsia/AirAsia,04:00,10:20,1,230,,,google-flights,ok,
2026-10-05 14:15:21+0700,SUB-SIN,SUB,SIN,2026-11-09,2026-11-16,economy,5693454,IDR,Indonesia AirAsia/AirAsia,10:20,18:00,1,235,,,google-flights,ok,
2026-10-05 14:15:21+0700,SUB-SIN,SUB,SIN,2026-11-17,2026-11-24,economy,4217045,IDR,Indonesia AirAsia/AirAsia,04:00,10:20,1,230,,,google-flights,ok,
2026-10-05 14:15:21+0700,SUB-SIN,SUB,SIN,2026-11-25,2026-12-02,economy,4768263,IDR,Indonesia AirAsia/AirAsia,04:00,10:20,1,230,,,google-flights,ok,
2026-10-05 14:15:21+0700,SUB-SIN,SUB,SIN,2026-12-03,2026-12-10,economy,5706007,IDR,Indonesia AirAsia/AirAsia,04:00,10:20,1,230,,,google-flights,ok,
2026-10-05 14:15:21+0700,SUB-SIN,SUB,SIN,2026-12-11,2026-12-18,economy,5954253,IDR,Garuda Indonesia,16:00,16:45,1,225,,,google-flights,ok,
2026-10-05 14:15:21+0700,SUB-SIN,SUB,SIN,2026-12-19,2026-12-26,economy,5954253,IDR,Garuda Indonesia,16:00,16:45,1,225,,,google-flights,ok,
2026-10-05 14:15:21+0700,SUB-SIN,SUB,SIN,2026-12-27,2027-01-03,economy,,IDR,,,,,,,,,error,IndexError: list index out of range
2026-10-05 14:15:21+0700,SUB-SIN,SUB,SIN,2027-01-04,2027-01-11,economy,5968353,IDR,Garuda Indonesia,16:00,16:45,1,225,,,google-flights,ok,
2026-10-05 14:15:21+0700,SUB-SIN,SUB,SIN,2027-01-12,2027-01-19,economy,5061735,IDR,Indonesia AirAsia/AirAsia,04:00,10:20,1,230,,,google-flights,ok,
2026-10-05 14:15:21+0700,SUB-SIN,SUB,SIN,2027-01-20,2027-01-27,economy,5061735,IDR,Indonesia AirAsia/AirAsia,04:00,10:20,1,230,,,google-flights,ok,
2026-10-05 14:15:21+0700,SUB-SIN,SUB,SIN,2027-01-28,2027-02-04,economy,,IDR,,,,,,,,,error,IndexError: list index out of range
2026-10-05 17:12:21+0700,DPS-MEL,DPS,MEL,2026-10-11,2026-10-25,economy,,IDR,,,,,,,,,error,IndexError: list index out of range
2026-10-05 17:12:21+0700,DPS-MEL,DPS,MEL,2026-10-19,2026-11-02,economy,,IDR,,,,,,,,,error,IndexError: list index out of range
2026-10-05 17:12:21+0700,DPS-MEL,DPS,MEL,2026-10-27,2026-11-10,economy,12435272,IDR,Jetstar,11:30,20:10,0,340,,,google-flights,ok,
2026-10-05 17:12:21+0700,DPS-MEL,DPS,MEL,2026-11-04,2026-11-18,economy,9745983,IDR,Jetstar,14:55,07:25,1,630,,,google-flights,ok,
2026-10-05 17:12:21+0700,DPS-MEL,DPS,MEL,2026-11-12,2026-11-26,economy,9476392,IDR,Jetstar,11:30,20:10,0,340,,,google-flights,ok,
2026-10-05 17:12:21+0700,DPS-MEL,DPS,MEL,2026-11-20,2026-12-04,economy,,IDR,,,,,,,,,error,FlightsNotFound: no flights found; received error
2026-10-05 17:12:21+0700,DPS-MEL,DPS,MEL,2026-11-28,2026-12-12,economy,,IDR,,,,,,,,,error,FlightsNotFound: no flights found; received error
2026-10-05 17:12:21+0700,DPS-MEL,DPS,MEL,2026-12-06,2026-12-20,economy,14182719,IDR,Jetstar,07:00,22:35,1,420,,,google-flights,ok,
2026-10-05 17:12:21+0700,DPS-MEL,DPS,MEL,2026-12-14,2026-12-28,economy,11856482,IDR,Virgin Australia,21:25,07:50,1,435,,,google-flights,ok,
2026-10-05 17:12:21+0700,DPS-MEL,DPS,MEL,2026-12-22,2027-01-05,economy,7230392,IDR,Jetstar,11:30,20:10,0,340,,,google-flights,ok,
2026-10-05 17:12:21+0700,DPS-MEL,DPS,MEL,2026-12-30,2027-01-13,economy,8179392,IDR,Jetstar,14:55,23:35,0,340,,,google-flights,ok,
2026-10-05 17:12:21+0700,DPS-MEL,DPS,MEL,2027-01-07,2027-01-21,economy,13357319,IDR,Jetstar,14:55,23:35,0,340,,,google-flights,ok,
2026-10-05 17:12:21+0700,DPS-MEL,DPS,MEL,2027-01-15,2027-01-29,economy,10922392,IDR,Jetstar,11:30,20:10,0,340,,,google-flights,ok,
2026-10-05 17:12:21+0700,DPS-MEL,DPS,MEL,2027-01-23,2027-02-06,economy,,IDR,,,,,,,,,error,FlightsNotFound: no flights found; received error
2026-10-05 17:12:21+0700,DPS-MEL,DPS,MEL,2027-01-31,2027-02-14,economy,7412642,IDR,Virgin Australia,22:00,06:40,0,340,,,google-flights,ok,
2026-10-05 17:12:21+0700,SUB-TPE,SUB,TPE,2026-10-12,2026-10-26,economy,,IDR,,,,,,,,,error,FlightsNotFound: no flights found; received error
2026-10-05 17:12:21+0700,SUB-TPE,SUB,TPE,2026-10-20,2026-11-03,economy,5855018,IDR,Scoot,10:35,17:10,1,430,,,google-flights,ok,
2026-10-05 17:12:21+0700,SUB-TPE,SUB,TPE,2026-10-28,2026-11-11,economy,5855017,IDR,Scoot,19:30,11:00,1,435,,,google-flights,ok,
2026-10-05 17:12:21+0700,SUB-TPE,SUB,TPE,2026-11-05,2026-11-19,economy,,IDR,,,,,,,,,error,FlightsNotFound: no flights found; received error
2026-10-05 17:12:21+0700,SUB-TPE,SUB,TPE,2026-11-13,2026-11-27,economy,,IDR,,,,,,,,,error,FlightsNotFound: no flights found; received error
2026-10-05 17:12:21+0700,SUB-TPE,SUB,TPE,2026-11-21,2026-12-05,economy,6400070,IDR,Scoot,09:50,05:35,1,425,,,google-flights,ok,
2026-10-05 17:12:21+0700,SUB-TPE,SUB,TPE,2026-11-29,2026-12-13,economy,8472051,IDR,Scoot,19:30,05:35,1,425,,,google-flights,ok,
2026-10-05 17:12:21+0700,SUB-TPE,SUB,TPE,2026-12-07,2026-12-21,economy,11392705,IDR,Scoot,09:50,05:35,1,425,,,google-flights,ok,
2026-10-05 17:12:21+0700,SUB-TPE,SUB,TPE,2026-12-15,2026-12-29,economy,9747267,IDR,Scoot,19:30,17:00,1,425,,,google-flights,ok,
2026-10-05 17:12:21+0700,SUB-TPE,SUB,TPE,2026-12-23,2027-01-06,economy,12865784,IDR,Scoot,19:30,05:35,1,425,,,google-flights,ok,
2026-10-05 17:12:21+0700,SUB-TPE,SUB,TPE,2026-12-31,2027-01-14,economy,7217403,IDR,Scoot,09:50,05:35,1,425,,,google-flights,ok,
2026-10-05 17:12:21+0700,SUB-TPE,SUB,TPE,2027-01-08,2027-01-22,economy,5037684,IDR,Scoot,19:30,05:35,1,425,,,google-flights,ok,
2026-10-05 17:12:21+0700,SUB-TPE,SUB,TPE,2027-01-16,2027-01-30,economy,6482341,IDR,Scoot,19:30,05:35,1,425,,,google-flights,ok,
2026-10-05 17:12:21+0700,SUB-TPE,SUB,TPE,2027-01-24,2027-02-07,economy,6482341,IDR,Scoot,19:30,11:00,1,435,,,google-flights,ok,
2026-10-05 17:12:21+0700,SUB-TPE,SUB,TPE,2027-02-01,2027-02-15,economy,,IDR,,,,,,,,,error,FlightsNotFound: no flights found; received error
2026-10-05 17:12:21+0700,SUB-TPE,SUB,TPE,2027-02-09,2027-02-23,economy,10577839,IDR,Scoot,19:30,05:35,1,425,,,google-flights,ok,
2026-10-05 17:12:21+0700,SUB-TPE,SUB,TPE,2027-02-17,2027-03-03,economy,5855018,IDR,Scoot,09:50,05:35,1,425,,,google-flights,ok,
2026-10-05 17:12:21+0700,SUB-TPE,SUB,TPE,2027-02-25,2027-03-11,economy,,IDR,,,,,,,,,error,FlightsNotFound: no flights found; received error
2026-10-05 17:12:21+0700,SUB-TPE,SUB,TPE,2027-03-05,2027-03-19,economy,9253633,IDR,Scoot,19:30,11:00,1,435,,,google-flights,ok,
2026-10-05 17:12:21+0700,SUB-TPE,SUB,TPE,2027-03-13,2027-03-27,economy,9253633,IDR,Scoot,09:50,05:35,1,425,,,google-flights,ok,
2026-10-05 17:12:21+0700,SUB-TPE,SUB,TPE,2027-03-21,2027-04-04,economy,5625799,IDR,Scoot,19:30,13:15,1,430,,,google-flights,ok,
2026-10-05 17:12:21+0700,SUB-TPE,SUB,TPE,2027-03-29,2027-04-12,economy,6443133,IDR,Scoot,10:35,14:15,1,430,,,google-flights,ok,
2026-10-05 17:12:21+0700,SUB-TPE,SUB,TPE,2027-04-06,2027-04-20,economy,6146824,IDR,Scoot,19:50,17:10,1,430,,,google-flights,ok,
2026-10-05 17:12:21+0700,SUB-TPE,SUB,TPE,2027-04-14,2027-04-28,economy,5123810,IDR,Scoot,19:50,11:45,1,430,,,google-flights,ok,
2026-10-05 17:12:21+0700,SUB-TPE,SUB,TPE,2027-04-22,2027-05-06,economy,5329490,IDR,Scoot,08:35,05:45,1,430,,,google-flights,ok,
2026-10-05 17:12:21+0700,SUB-TPE,SUB,TPE,2027-04-30,2027-05-14,economy,5941144,IDR,Scoot,19:50,11:45,1,430,,,google-flights,ok,
2026-10-05 17:12:21+0700,SUB-TPE,SUB,TPE,2027-05-08,2027-05-22,economy,,IDR,,,,,,,,,error,FlightsNotFound: no flights found; received error
2026-10-05 17:12:21+0700,SUB-TPE,SUB,TPE,2027-05-16,2027-05-30,economy,4990118,IDR,Scoot,19:50,17:10,1,430,,,google-flights,ok,
2026-10-05 17:12:21+0700,SUB-TPE,SUB,TPE,2027-05-24,2027-06-07,economy,6486196,IDR,Scoot,10:35,11:45,1,430,,,google-flights,ok,
2026-10-05 17:12:21+0700,SUB-TPE,SUB,TPE,2027-06-01,2027-06-15,economy,,IDR,,,,,,,,,error,FlightsNotFound: no flights found; received error
2026-10-05 17:12:21+0700,SUB-TPE,SUB,TPE,2027-06-09,2027-06-23,economy,5329490,IDR,Scoot,19:50,05:45,1,430,,,google-flights,ok,
2026-10-05 17:12:21+0700,SUB-TPE,SUB,TPE,2027-06-17,2027-07-01,economy,6486196,IDR,Scoot,08:35,05:45,1,430,,,google-flights,ok,
2026-10-05 17:12:21+0700,SUB-TPE,SUB,TPE,2027-06-25,2027-07-09,economy,4784438,IDR,Scoot,19:50,05:45,1,430,,,google-flights,ok,
2026-10-05 17:12:21+0700,SUB-KUL,SUB,KUL,2026-10-08,2026-10-15,economy,4179441,IDR,Citilink Indonesia,07:35,19:10,1,230,,,google-flights,ok,
2026-10-05 17:12:21+0700,SUB-KUL,SUB,KUL,2026-10-16,2026-10-23,economy,2580238,IDR,Indonesia AirAsia,11:20,15:00,0,160,,,google-flights,ok,
2026-10-05 17:12:21+0700,SUB-KUL,SUB,KUL,2026-10-24,2026-10-31,economy,,IDR,,,,,,,,,error,FlightsNotFound: no flights found; received error
2026-10-05 17:12:21+0700,SUB-KUL,SUB,KUL,2026-11-01,2026-11-08,economy,3480100,IDR,Malaysia Airlines,18:05,21:45,0,160,,,google-flights,ok,
2026-10-05 17:12:21+0700,SUB-KUL,SUB,KUL,2026-11-09,2026-11-16,economy,2259927,IDR,Indonesia AirAsia,13:25,17:05,0,160,,,google-flights,ok,
2026-10-05 17:12:21+0700,SUB-KUL,SUB,KUL,2026-11-17,2026-11-24,economy,2436178,IDR,Indonesia AirAsia,10:20,13:55,0,155,,,google-flights,ok,
2026-10-05 17:12:21+0700,SUB-KUL,SUB,KUL,2026-11-25,2026-12-02,economy,3776246,IDR,Malaysia Airlines,10:00,13:40,0,160,,,google-flights,ok,
2026-10-05 17:12:21+0700,SUB-KUL,SUB,KUL,2026-12-03,2026-12-10,economy,4347252,IDR,Malaysia Airlines,15:50,19:30,0,160,,,google-flights,ok,
2026-10-05 17:12:21+0700,SUB-KUL,SUB,KUL,2026-12-11,2026-12-18,economy,3576232,IDR,Indonesia AirAsia,16:45,20:25,0,160,,,google-flights,ok,
2026-10-05 17:12:21+0700,SUB-KUL,SUB,KUL,2026-12-19,2026-12-26,economy,4118045,IDR,Indonesia AirAsia,04:00,07:35,0,155,,,google-flights,ok,
2026-10-05 17:12:21+0700,SUB-KUL,SUB,KUL,2026-12-27,2027-01-03,economy,4279734,IDR,Indonesia AirAsia,04:00,07:35,0,155,,,google-flights,ok,
2026-10-05 17:12:21+0700,SUB-KUL,SUB,KUL,2027-01-04,2027-01-11,economy,3694667,IDR,Indonesia AirAsia,04:00,07:35,0,155,,,google-flights,ok,
2026-10-05 17:12:21+0700,SUB-KUL,SUB,KUL,2027-01-12,2027-01-19,economy,3947021,IDR,Scoot,09:50,16:15,1,220,,,google-flights,ok,
2026-10-05 17:12:21+0700,SUB-KUL,SUB,KUL,2027-01-20,2027-01-27,economy,3947021,IDR,Scoot,09:50,16:15,1,220,,,google-flights,ok,
2026-10-05 17:12:21+0700,SUB-KUL,SUB,KUL,2027-01-28,2027-02-04,economy,4347252,IDR,Malaysia Airlines,10:00,13:40,0,160,,,google-flights,ok,
2026-10-05 17:12:21+0700,SUB-SIN,SUB,SIN,2026-10-09,2026-10-16,economy,4368571,IDR,Lion/Batik Air,07:40,20:30,1,195,,,google-flights,ok,
2026-10-05 17:12:21+0700,SUB-SIN,SUB,SIN,2026-10-17,2026-10-24,economy,4823820,IDR,Indonesia AirAsia/AirAsia,07:05,13:00,1,225,,,google-flights,ok,
2026-10-05 17:12:21+0700,SUB-SIN,SUB,SIN,2026-10-25,2026-11-01,economy,4465508,IDR,Indonesia AirAsia/AirAsia,04:00,10:20,1,230,,,google-flights,ok,
2026-10-05 17:12:21+0700,SUB-SIN,SUB,SIN,2026-11-02,2026-11-09,economy,4582389,IDR,Indonesia AirAsia/AirAsia,04:00,10:20,1,230,,,google-flights,ok,
2026-10-05 17:12:21+0700,SUB-SIN,SUB,SIN,2026-11-10,2026-11-17,economy,4743490,IDR,Indonesia AirAsia/AirAsia,13:25,19:40,1,240,,,google-flights,ok,
2026-10-05 17:12:21+0700,SUB-SIN,SUB,SIN,2026-11-18,2026-11-25,economy,3477458,IDR,Indonesia AirAsia/AirAsia,13:25,19:40,1,240,,,google-flights,ok,
2026-10-05 17:12:21+0700,SUB-SIN,SUB,SIN,2026-11-26,2026-12-03,economy,,IDR,,,,,,,,,error,FlightsNotFound: no flights found; received error
2026-10-05 17:12:21+0700,SUB-SIN,SUB,SIN,2026-12-04,2026-12-11,economy,6092443,IDR,Indonesia AirAsia/AirAsia,04:00,10:20,1,230,,,google-flights,ok,
2026-10-05 17:12:21+0700,SUB-SIN,SUB,SIN,2026-12-12,2026-12-19,economy,6048253,IDR,Garuda Indonesia,16:00,16:45,1,225,,,google-flights,ok,
2026-10-05 17:12:21+0700,SUB-SIN,SUB,SIN,2026-12-20,2026-12-27,economy,5954253,IDR,Garuda Indonesia,16:00,16:45,1,225,,,google-flights,ok,
2026-10-05 17:12:21+0700,SUB-SIN,SUB,SIN,2026-12-28,2027-01-04,economy,,IDR,,,,,,,,,error,IndexError: list index out of range
2026-10-05 17:12:21+0700,SUB-SIN,SUB,SIN,2027-01-05,2027-01-12,economy,5886570,IDR,Indonesia AirAsia/AirAsia,04:00,10:20,1,230,,,google-flights,ok,
2026-10-05 17:12:21+0700,SUB-SIN,SUB,SIN,2027-01-13,2027-01-20,economy,4790559,IDR,Indonesia AirAsia/AirAsia,04:00,10:20,1,230,,,google-flights,ok,
2026-10-05 17:12:21+0700,SUB-SIN,SUB,SIN,2027-01-21,2027-01-28,economy,4956148,IDR,Indonesia AirAsia/AirAsia,04:00,10:20,1,230,,,google-flights,ok,
2026-10-05 17:12:21+0700,SUB-SIN,SUB,SIN,2027-01-29,2027-02-05,economy,,IDR,,,,,,,,,error,IndexError: list index out of range
2026-10-05 20:14:21+0700,DPS-MEL,DPS,MEL,2026-10-12,2026-10-26,economy,,IDR,,,,,,,,,error,IndexError: list index out of range
2026-10-05 20:14:21+0700,DPS-MEL,DPS,MEL,2026-10-20,2026-11-03,economy,,IDR,,,,,,,,,error,IndexError: list index out of range
2026-10-05 20:14:21+0700,DPS-MEL,DPS,MEL,2026-10-28,2026-11-11,economy,12882682,IDR,Virgin Australia,22:30,11:05,1,465,,,google-flights,ok,
2026-10-05 20:14:21+0700,DPS-MEL,DPS,MEL,2026-11-05,2026-11-19,economy,12079860,IDR,Jetstar,07:00,21:35,1,420,,,google-flights,ok,
2026-10-05 20:14:21+0700,DPS-MEL,DPS,MEL,2026-11-13,2026-11-27,economy,8665071,IDR,Jetstar,11:30,20:10,0,340,,,google-flights,ok,
2026-10-05 20:14:21+0700,DPS-MEL,DPS,MEL,2026-11-21,2026-12-05,economy,10800454,IDR,Jetstar,11:30,20:10,0,340,,,google-flights,ok,
2026-10-05 20:14:21+0700,DPS-MEL,DPS,MEL,2026-11-29,2026-12-13,economy,9926482,IDR,Virgin Australia,23:20,14:50,1,490,,,google-flights,ok,
2026-10-05 20:14:21+0700,DPS-MEL,DPS,MEL,2026-12-07,2026-12-21,economy,13270392,IDR,Jetstar,14:55,23:35,0,340,,,google-flights,ok,
2026-10-05 20:14:21+0700,DPS-MEL,DPS,MEL,2026-12-15,2026-12-29,economy,10303482,IDR,Virgin Australia,21:25,07:50,1,435,,,google-flights,ok,
2026-10-05 20:14:21+0700,DPS-MEL,DPS,MEL,2026-12-23,2027-01-06,economy,7979392,IDR,Jetstar,14:55,23:35,0,340,,,google-flights,ok,
2026-10-05 20:14:21+0700,DPS-MEL,DPS,MEL,2026-12-31,2027-01-14,economy,8194392,IDR,Jetstar,11:30,20:10,0,340,,,google-flights,ok,
2026-10-05 20:14:21+0700,DPS-MEL,DPS,MEL,2027-01-08,2027-01-22,economy,12161392,IDR,Jetstar,14:55,23:35,0,340,,,google-flights,ok,
2026-10-05 20:14:21+0700,DPS-MEL,DPS,MEL,2027-01-16,2027-01-30,economy,,IDR,,,,,,,,,error,FlightsNotFound: no flights found; received error
2026-10-05 20:14:21+0700,DPS-MEL,DPS,MEL,2027-01-24,2027-02-07,economy,9392546,IDR,Jetstar,14:55,23:35,0,340,,,google-flights,ok,
2026-10-05 20:14:21+0700,DPS-MEL,DPS,MEL,2027-02-01,2027-02-15,economy,7967594,IDR,Virgin Australia,15:50,00:30,0,340,,,google-flights,ok,
2026-10-05 20:14:21+0700,SUB-TPE,SUB,TPE,2026-10-13,2026-10-27,economy,6482342,IDR,Scoot,19:50,05:45,1,430,,,google-flights,ok,
2026-10-05 20:14:21+0700,SUB-TPE,SUB,TPE,2026-10-21,2026-11-04,economy,5037684,IDR,Scoot,19:50,05:45,1,430,,,google-flights,ok,
2026-10-05 20:14:21+0700,SUB-TPE,SUB,TPE,2026-10-29,2026-11-12,economy,5243364,IDR,Scoot,09:50,17:00,1,425,,,google-flights,ok,
2026-10-05 20:14:21+0700,SUB-TPE,SUB,TPE,2026-11-06,2026-11-20,economy,7027394,IDR,Scoot,19:30,17:00,1,425,,,google-flights,ok,
2026-10-05 20:14:21+0700,SUB-TPE,SUB,TPE,2026-11-14,2026-11-28,economy,5037684,IDR,Scoot,19:30,17:00,1,425,,,google-flights,ok,
2026-10-05 20:14:21+0700,SUB-TPE,SUB,TPE,2026-11-22,2026-12-06,economy,8472051,IDR,Scoot,09:50,05:35,1,425,,,google-flights,ok,
2026-10-05 20:14:21+0700,SUB-TPE,SUB,TPE,2026-11-30,2026-12-14,economy,,IDR,,,,,,,,,error,TypeError: 'NoneType' object is not subscriptable
2026-10-05 20:14:21+0700,SUB-TPE,SUB,TPE,2026-12-08,2026-12-22,economy,9880957,IDR,Scoot,09:50,17:00,1,425,,,google-flights,ok,
2026-10-05 20:14:21+0700,SUB-TPE,SUB,TPE,2026-12-16,2026-12-30,economy,10518565,IDR,Scoot,19:30,05:35,1,425,,,google-flights,ok,
2026-10-05 20:14:21+0700,SUB-TPE,SUB,TPE,2026-12-24,2027-01-07,economy,14470088,IDR,Scoot,09:50,05:35,1,425,,,google-flights,ok,
2026-10-05 20:14:21+0700,SUB-TPE,SUB,TPE,2027-01-01,2027-01-15,economy,4698312,IDR,Scoot,19:30,11:00,1,435,,,google-flights,ok,
2026-10-05 20:14:21+0700,SUB-TPE,SUB,TPE,2027-01-09,2027-01-23,economy,5037684,IDR,Scoot,19:30,05:35,1,425,,,google-flights,ok,
2026-10-05 20:14:21+0700,SUB-TPE,SUB,TPE,2027-01-17,2027-01-31,economy,6482341,IDR,Scoot,19:30,05:35,1,425,,,google-flights,ok,
2026-10-05 20:14:21+0700,SUB-TPE,SUB,TPE,2027-01-25,2027-02-08,economy,6688021,IDR,Scoot,09:50,11:00,1,435,,,google-flights,ok,
2026-10-05 20:14:21+0700,SUB-TPE,SUB,TPE,2027-02-02,2027-02-16,economy,4256100,IDR,Scoot,19:30,05:35,1,425,,,google-flights,ok,
2026-10-05 20:14:21+0700,SUB-TPE,SUB,TPE,2027-02-10,2027-02-24,economy,,IDR,,,,,,,,,error,FlightsNotFound: no flights found; received error
2026-10-05 20:14:21+0700,SUB-TPE,SUB,TPE,2027-02-18,2027-03-04,economy,5243364,IDR,Scoot,09:50,11:00,1,435,,,google-flights,ok,
2026-10-05 20:14:21+0700,SUB-TPE,SUB,TPE,2027-02-26,2027-03-12,economy,8482335,IDR,Scoot,09:50,11:00,1,435,,,google-flights,ok,
2026-10-05 20:14:21+0700,SUB-TPE,SUB,TPE,2027-03-06,2027-03-20,economy,9253633,IDR,Scoot,19:30,05:35,1,425,,,google-flights,ok,
2026-10-05 20:14:21+0700,SUB-TPE,SUB,TPE,2027-03-14,2027-03-28,economy,10518565,IDR,Scoot,19:30,05:35,1,425,,,google-flights,ok,
2026-10-05 20:14:21+0700,SUB-TPE,SUB,TPE,2027-03-22,2027-04-05,economy,7260466,IDR,Scoot,09:50,11:00,1,435,,,google-flights,ok,
2026-10-05 20:14:21+0700,SUB-TPE,SUB,TPE,2027-03-30,2027-04-13,economy,5286427,IDR,Scoot,19:50,05:45,1,430,,,google-flights,ok,
2026-10-05 20:14:21+0700,SUB-TPE,SUB,TPE,2027-04-07,2027-04-21,economy,5123810,IDR,Scoot,19:50,14:15,1,430,,,google-flights,ok,
2026-10-05 20:14:21+0700,SUB-TPE,SUB,TPE,2027-04-15,2027-04-29,economy,7113519,IDR,Scoot,08:35,05:45,1,430,,,google-flights,ok,
2026-10-05 20:14:21+0700,SUB-TPE,SUB,TPE,2027-04-23,2027-05-07,economy,4578758,IDR,Scoot,19:50,11:45,1,430,,,google-flights,ok,
2026-10-05 20:14:21+0700,SUB-TPE,SUB,TPE,2027-05-01,2027-05-15,economy,4990118,IDR,Scoot,19:50,17:10,1,430,,,google-flights,ok,
2026-10-05 20:14:21+0700,SUB-TPE,SUB,TPE,2027-05-09,2027-05-23,economy,6774147,IDR,Scoot,19:50,17:10,1,430,,,google-flights,ok,
2026-10-05 20:14:21+0700,SUB-TPE,SUB,TPE,2027-05-17,2027-05-31,economy,,IDR,,,,,,,,,error,FlightsNotFound: no flights found; received error
2026-10-05 20:14:21+0700,SUB-TPE,SUB,TPE,2027-05-25,2027-06-08,economy,4578758,IDR,Scoot,19:50,17:10,1,430,,,google-flights,ok,
2026-10-05 20:14:21+0700,SUB-TPE,SUB,TPE,2027-06-02,2027-06-16,economy,5123810,IDR,Scoot,19:50,05:45,1,430,,,google-flights,ok,
2026-10-05 20:14:21+0700,SUB-TPE,SUB,TPE,2027-06-10,2027-06-24,economy,5668862,IDR,Scoot,08:35,05:45,1,430,,,google-flights,ok,
2026-10-05 20:14:21+0700,SUB-TPE,SUB,TPE,2027-06-18,2027-07-02,economy,5123810,IDR,Scoot,19:50,05:45,1,430,,,google-flights,ok,
2026-10-05 20:14:21+0700,SUB-TPE,SUB,TPE,2027-06-26,2027-07-10,economy,5123810,IDR,Scoot,19:50,17:10,1,430,,,google-flights,ok,
2026-10-05 20:14:21+0700,SUB-KUL,SUB,KUL,2026-10-09,2026-10-16,economy,3375981,IDR,Indonesia AirAsia,05:05,08:40,0,155,,,google-flights,ok,
2026-10-05 20:14:21+0700,SUB-KUL,SUB,KUL,2026-10-17,2026-10-24,economy,3011978,IDR,Indonesia AirAsia,11:20,15:00,0,160,,,google-flights,ok,
2026-10-05 20:14:21+0700,SUB-KUL,SUB,KUL,2026-10-25,2026-11-01,economy,3448778,IDR,Indonesia AirAsia,10:20,13:55,0,155,,,google-flights,ok,
2026-10-05 20:14:21+0700,SUB-KUL,SUB,KUL,2026-11-02,2026-11-09,economy,3480896,IDR,Malaysia Airlines,10:00,13:40,0,160,,,google-flights,ok,
2026-10-05 20:14:21+0700,SUB-KUL,SUB,KUL,2026-11-10,2026-11-17,economy,2985520,IDR,Indonesia AirAsia,10:20,13:55,0,155,,,google-flights,ok,
2026-10-05 20:14:21+0700,SUB-KUL,SUB,KUL,2026-11-18,2026-11-25,economy,3425674,IDR,Malaysia Airlines,10:00,13:40,0,160,,,google-flights,ok,
2026-10-05 20:14:21+0700,SUB-KUL,SUB,KUL,2026-11-26,2026-12-03,economy,2244051,IDR,Indonesia AirAsia,13:25,17:05,0,160,,,google-flights,ok,
2026-10-05 20:14:21+0700,SUB-KUL,SUB,KUL,2026-12-04,2026-12-11,economy,3792391,IDR,Batik Air,10:05,13:45,0,160,,,google-flights,ok,
2026-10-05 20:14:21+0700,SUB-KUL,SUB,KUL,2026-12-12,2026-12-19,economy,3576232,IDR,Indonesia AirAsia,04:00,07:35,0,155,,,google-flights,ok,
2026-10-05 20:14:21+0700,SUB-KUL,SUB,KUL,2026-12-20,2026-12-27,economy,4279734,IDR,Indonesia AirAsia,04:00,07:35,0,155,,,google-flights,ok,
2026-10-05 20:14:21+0700,SUB-KUL,SUB,KUL,2026-12-28,2027-01-04,economy,4279734,IDR,Indonesia AirAsia,10:20,13:55,0,155,,,google-flights,ok,
2026-10-05 20:14:21+0700,SUB-KUL,SUB,KUL,2027-01-05,2027-01-12,economy,3390165,IDR,Indonesia AirAsia,04:00,07:35,0,155,,,google-flights,ok,
2026-10-05 20:14:21+0700,SUB-KUL,SUB,KUL,2027-01-13,2027-01-20,economy,3947021,IDR,Scoot,09:50,16:15,1,220,,,google-flights,ok,
2026-10-05 20:14:21+0700,SUB-KUL,SUB,KUL,2027-01-21,2027-01-28,economy,,IDR,,,,,,,,,error,FlightsNotFound: no flights found; received error
2026-10-05 20:14:21+0700,SUB-KUL,SUB,KUL,2027-01-29,2027-02-05,economy,4497252,IDR,Malaysia Airlines,10:00,13:40,0,160,,,google-flights,ok,
2026-10-05 20:14:21+0700,SUB-SIN,SUB,SIN,2026-10-10,2026-10-17,economy,4545919,IDR,Lion/Batik Air,07:40,20:30,1,195,,,google-flights,ok,
2026-10-05 20:14:21+0700,SUB-SIN,SUB,SIN,2026-10-18,2026-10-25,economy,3968479,IDR,Lion/Batik Air,07:40,15:15,1,195,,,google-flights,ok,
2026-10-05 20:14:21+0700,SUB-SIN,SUB,SIN,2026-10-26,2026-11-02,economy,4805692,IDR,Indonesia AirAsia/AirAsia,10:20,18:00,1,235,,,google-flights,ok,
2026-10-05 20:14:21+0700,SUB-SIN,SUB,SIN,2026-11-03,2026-11-10,economy,3992316,IDR,Indonesia AirAsia/AirAsia,13:25,19:40,1,240,,,google-flights,ok,
2026-10-05 20:14:21+0700,SUB-SIN,SUB,SIN,2026-11-11,2026-11-18,economy,3992316,IDR,Indonesia AirAsia/AirAsia,13:25,19:40,1,240,,,google-flights,ok,
2026-10-05 20:14:21+0700,SUB-SIN,SUB,SIN,2026-11-19,2026-11-26,economy,4217045,IDR,Indonesia AirAsia/AirAsia,13:25,19:40,1,240,,,google-flights,ok,
2026-10-05 20:14:21+0700,SUB-SIN,SUB,SIN,2026-11-27,2026-12-04,economy,4813159,IDR,Indonesia AirAsia/AirAsia,13:25,19:40,1,240,,,google-flights,ok,
2026-10-05 20:14:21+0700,SUB-SIN,SUB,SIN,2026-12-05,2026-12-12,economy,5705254,IDR,Indonesia AirAsia/AirAsia,04:00,10:20,1,230,,,google-flights,ok,
2026-10-05 20:14:21+0700,SUB-SIN,SUB,SIN,2026-12-13,2026-12-20,economy,5954253,IDR,Garuda Indonesia,16:00,16:45,1,225,,,google-flights,ok,
2026-10-05 20:14:21+0700,SUB-SIN,SUB,SIN,2026-12-21,2026-12-28,economy,4848250,IDR,Garuda Indonesia,16:00,16:45,1,225,,,google-flights,ok,
2026-10-05 20:14:21+0700,SUB-SIN,SUB,SIN,2026-12-29,2027-01-05,economy,6534091,IDR,Malaysia Airlines,18:05,00:30,1,230,,,google-flights,ok,
2026-10-05 20:14:21+0700,SUB-SIN,SUB,SIN,2027-01-06,2027-01-13,economy,5763700,IDR,Indonesia AirAsia/AirAsia,04:00,10:20,1,230,,,google-flights,ok,
2026-10-05 20:14:21+0700,SUB-SIN,SUB,SIN,2027-01-14,2027-01-21,economy,4956148,IDR,Indonesia AirAsia/AirAsia,04:00,10:20,1,230,,,google-flights,ok,
2026-10-05 20:14:21+0700,SUB-SIN,SUB,SIN,2027-01-22,2027-01-29,economy,5165642,IDR,Indonesia AirAsia/AirAsia,04:00,11:35,1,230,,,google-flights,ok,
2026-10-05 20:14:21+0700,SUB-SIN,SUB,SIN,2027-01-30,2027-02-06,economy,,IDR,,,,,,,,,error,IndexError: list index out of range
2026-10-05 23:10:37+0700,DPS-MEL,DPS,MEL,2026-10-13,2026-10-27,economy,,IDR,,,,,,,,,error,IndexError: list index out of range
2026-10-05 23:10:37+0700,DPS-MEL,DPS,MEL,2026-10-21,2026-11-04,economy,,IDR,,,,,,,,,error,IndexError: list index out of range
2026-10-05 23:10:37+0700,DPS-MEL,DPS,MEL,2026-10-29,2026-11-12,economy,10618136,IDR,Jetstar,21:45,16:05,1,430,,,google-flights,ok,
2026-10-05 23:10:37+0700,DPS-MEL,DPS,MEL,2026-11-06,2026-11-20,economy,10508969,IDR,Jetstar,23:10,14:15,1,485,,,google-flights,ok,
2026-10-05 23:10:37+0700,DPS-MEL,DPS,MEL,2026-11-14,2026-11-28,economy,10871401,IDR,Jetstar,14:55,23:35,0,340,,,google-flights,ok,
2026-10-05 23:10:37+0700,DPS-MEL,DPS,MEL,2026-11-22,2026-12-06,economy,9556848,IDR,Jetstar,14:55,23:35,0,340,,,google-flights,ok,
2026-10-05 23:10:37+0700,DPS-MEL,DPS,MEL,2026-11-30,2026-12-14,economy,,IDR,,,,,,,,,error,FlightsNotFound: no flights found; received error
2026-10-05 23:10:37+0700,DPS-MEL,DPS,MEL,2026-12-08,2026-12-22,economy,12148282,IDR,Virgin Australia,22:30,16:50,2,505,,,google-flights,ok,
2026-10-05 23:10:37+0700,DPS-MEL,DPS,MEL,2026-12-16,2026-12-30,economy,,IDR,,,,,,,,,error,FlightsNotFound: no flights found; received error
2026-10-05 23:10:37+0700,DPS-MEL,DPS,MEL,2026-12-24,2027-01-07,economy,8176882,IDR,Virgin Australia,22:00,06:40,0,340,,,google-flights,ok,
2026-10-05 23:10:37+0700,DPS-MEL,DPS,MEL,2027-01-01,2027-01-15,economy,11217329,IDR,Virgin Australia,22:00,06:40,0,340,,,google-flights,ok,
2026-10-05 23:10:37+0700,DPS-MEL,DPS,MEL,2027-01-09,2027-01-23,economy,13401360,IDR,Jetstar,11:30,20:10,0,340,,,google-flights,ok,
2026-10-05 23:10:37+0700,DPS-MEL,DPS,MEL,2027-01-17,2027-01-31,economy,10912937,IDR,Jetstar,14:55,23:35,0,340,,,google-flights,ok,
2026-10-05 23:10:37+0700,DPS-MEL,DPS,MEL,2027-01-25,2027-02-08,economy,,IDR,,,,,,,,,error,FlightsNotFound: no flights found; received error
2026-10-05 23:10:37+0700,SUB-TPE,SUB,TPE,2026-10-06,2026-10-20,economy,5855018,IDR,Scoot,19:50,05:45,1,430,,,google-flights,ok,
2026-10-05 23:10:37+0700,SUB-TPE,SUB,TPE,2026-10-14,2026-10-28,economy,5037684,IDR,Scoot,19:50,14:15,1,430,,,google-flights,ok,
2026-10-05 23:10:37+0700,SUB-TPE,SUB,TPE,2026-10-22,2026-11-05,economy,4698312,IDR,Scoot,10:35,17:10,1,430,,,google-flights,ok,
2026-10-05 23:10:37+0700,SUB-TPE,SUB,TPE,2026-10-30,2026-11-13,economy,4903992,IDR,Scoot,19:30,11:00,1,435,,,google-flights,ok,
2026-10-05 23:10:37+0700,SUB-TPE,SUB,TPE,2026-11-07,2026-11-21,economy,5582736,IDR,Scoot,09:50,05:35,1,425,,,google-flights,ok,
2026-10-05 23:10:37+0700,SUB-TPE,SUB,TPE,2026-11-15,2026-11-29,economy,7027394,IDR,Scoot,09:50,05:35,1,425,,,google-flights,ok,
2026-10-05 23:10:37+0700,SUB-TPE,SUB,TPE,2026-11-23,2026-12-07,economy,,IDR,,,,,,,,,error,FlightsNotFound: no flights found; received error
2026-10-05 23:10:37+0700,SUB-TPE,SUB,TPE,2026-12-01,2026-12-15,economy,8482335,IDR,Scoot,09:50,17:00,1,425,,,google-flights,ok,
2026-10-05 23:10:37+0700,SUB-TPE,SUB,TPE,2026-12-09,2026-12-23,economy,9880957,IDR,Scoot,19:30,05:35,1,425,,,google-flights,ok,
2026-10-05 23:10:37+0700,SUB-TPE,SUB,TPE,2026-12-17,2026-12-31,economy,12164004,IDR,Scoot,09:50,17:00,1,425,,,google-flights,ok,
2026-10-05 23:10:37+0700,SUB-TPE,SUB,TPE,2026-12-25,2027-01-08,economy,12865784,IDR,Scoot,19:30,05:35,1,425,,,google-flights,ok,
2026-10-05 23:10:37+0700,SUB-TPE,SUB,TPE,2027-01-02,2027-01-16,economy,4698312,IDR,Scoot,19:30,11:00,1,435,,,google-flights,ok,
2026-10-05 23:10:37+0700,SUB-TPE,SUB,TPE,2027-01-10,2027-01-24,economy,5037684,IDR,Scoot,19:30,05:35,1,425,,,google-flights,ok,
2026-10-05 23:10:37+0700,SUB-TPE,SUB,TPE,2027-01-18,2027-02-01,economy,5243364,IDR,Scoot,09:50,11:00,1,435,,,google-flights,ok,
2026-10-05 23:10:37+0700,SUB-TPE,SUB,TPE,2027-01-26,2027-02-09,economy,6482341,IDR,Scoot,19:30,05:35,1,425,,,google-flights,ok,
2026-10-05 23:10:37+0700,SUB-TPE,SUB,TPE,2027-02-03,2027-02-17,economy,4698312,IDR,Scoot,19:30,05:35,1,425,,,google-flights,ok,
2026-10-05 23:10:37+0700,SUB-TPE,SUB,TPE,2027-02-11,2027-02-25,economy,11940224,IDR,Scoot,09:50,05:35,1,425,,,google-flights,ok,
2026-10-05 23:10:37+0700,SUB-TPE,SUB,TPE,2027-02-19,2027-03-05,economy,5037684,IDR,Scoot,19:30,11:00,1,435,,,google-flights,ok,
2026-10-05 23:10:37+0700,SUB-TPE,SUB,TPE,2027-02-27,2027-03-13,economy,10518565,IDR,Scoot,19:30,05:35,1,425,,,google-flights,ok,
2026-10-05 23:10:37+0700,SUB-TPE,SUB,TPE,2027-03-07,2027-03-21,economy,10755097,IDR,Scoot,19:30,11:00,1,435,,,google-flights,ok,
2026-10-05 23:10:37+0700,SUB-TPE,SUB,TPE,2027-03-15,2027-03-29,economy,,IDR,,,,,,,,,error,FlightsNotFound: no flights found; received error
2026-10-05 23:10:37+0700,SUB-TPE,SUB,TPE,2027-03-23,2027-04-06,economy,4741375,IDR,Scoot,19:30,11:00,1,435,,,google-flights,ok,
2026-10-05 23:10:37+0700,SUB-TPE,SUB,TPE,2027-03-31,2027-04-14,economy,5329490,IDR,Scoot,19:50,11:45,1,430,,,google-flights,ok,
2026-10-05 23:10:37+0700,SUB-TPE,SUB,TPE,2027-04-08,2027-04-22,economy,6486195,IDR,Scoot,08:35,14:15,1,430,,,google-flights,ok,
2026-10-05 23:10:37+0700,SUB-TPE,SUB,TPE,2027-04-16,2027-04-30,economy,7206075,IDR,Scoot,19:50,11:45,1,430,,,google-flights,ok,
2026-10-05 23:10:37+0700,SUB-TPE,SUB,TPE,2027-04-24,2027-05-08,economy,5329490,IDR,Scoot,19:50,17:10,1,430,,,google-flights,ok,
2026-10-05 23:10:37+0700,SUB-TPE,SUB,TPE,2027-05-02,2027-05-16,economy,5123810,IDR,Scoot,19:50,05:45,1,430,,,google-flights,ok,
2026-10-05 23:10:37+0700,SUB-TPE,SUB,TPE,2027-05-10,2027-05-24,economy,8568461,IDR,Scoot,10:35,05:45,1,430,,,google-flights,ok,
2026-10-05 23:10:37+0700,SUB-TPE,SUB,TPE,2027-05-18,2027-06-01,economy,4342226,IDR,Scoot,19:50,17:10,1,430,,,google-flights,ok,
2026-10-05 23:10:37+0700,SUB-TPE,SUB,TPE,2027-05-26,2027-06-09,economy,4784438,IDR,Scoot,19:50,11:45,1,430,,,google-flights,ok,
2026-10-05 23:10:37+0700,SUB-TPE,SUB,TPE,2027-06-03,2027-06-17,economy,5668862,IDR,Scoot,08:35,05:45,1,430,,,google-flights,ok,
2026-10-05 23:10:37+0700,SUB-TPE,SUB,TPE,2027-06-11,2027-06-25,economy,5329490,IDR,Scoot,19:50,14:15,1,430,,,google-flights,ok,
2026-10-05 23:10:37+0700,SUB-TPE,SUB,TPE,2027-06-19,2027-07-03,economy,5668862,IDR,Scoot,19:50,05:45,1,430,,,google-flights,ok,
2026-10-05 23:10:37+0700,SUB-TPE,SUB,TPE,2027-06-27,2027-07-11,economy,4784438,IDR,Scoot,19:50,17:10,1,430,,,google-flights,ok,
2026-10-05 23:10:37+0700,SUB-KUL,SUB,KUL,2026-10-10,2026-10-17,economy,4107917,IDR,Indonesia AirAsia,17:45,21:25,0,160,,,google-flights,ok,
2026-10-05 23:10:37+0700,SUB-KUL,SUB,KUL,2026-10-18,2026-10-25,economy,4696580,IDR,Batik Air,05:05,13:10,1,220,,,google-flights,ok,
2026-10-05 23:10:37+0700,SUB-KUL,SUB,KUL,2026-10-26,2026-11-02,economy,2867918,IDR,Indonesia AirAsia,04:00,07:35,0,155,,,google-flights,ok,
2026-10-05 23:10:37+0700,SUB-KUL,SUB,KUL,2026-11-03,2026-11-10,economy,2259927,IDR,Indonesia AirAsia,04:00,07:35,0,155,,,google-flights,ok,
2026-10-05 23:10:37+0700,SUB-KUL,SUB,KUL,2026-11-11,2026-11-18,economy,2436178,IDR,Indonesia AirAsia,10:20,13:55,0,155,,,google-flights,ok,
2026-10-05 23:10:37+0700,SUB-KUL,SUB,KUL,2026-11-19,2026-11-26,economy,3427554,IDR,Malaysia Airlines,10:00,13:40,0,160,,,google-flights,ok,
2026-10-05 23:10:37+0700,SUB-KUL,SUB,KUL,2026-11-27,2026-12-04,economy,3171914,IDR,Indonesia AirAsia,04:00,07:35,0,155,,,google-flights,ok,
2026-10-05 23:10:37+0700,SUB-KUL,SUB,KUL,2026-12-05,2026-12-12,economy,3947021,IDR,Scoot,09:50,16:15,1,220,,,google-flights,ok,
2026-10-05 23:10:37+0700,SUB-KUL,SUB,KUL,2026-12-13,2026-12-20,economy,4749678,IDR,Malaysia Airlines,18:05,21:45,0,160,,,google-flights,ok,
2026-10-05 23:10:37+0700,SUB-KUL,SUB,KUL,2026-12-21,2026-12-28,economy,4279734,IDR,Indonesia AirAsia,04:00,07:35,0,155,,,google-flights,ok,
2026-10-05 23:10:37+0700,SUB-KUL,SUB,KUL,2026-12-29,2027-01-05,economy,4093667,IDR,Indonesia AirAsia,04:00,07:35,0,155,,,google-flights,ok,
2026-10-05 23:10:37+0700,SUB-KUL,SUB,KUL,2027-01-06,2027-01-13,economy,3390165,IDR,Indonesia AirAsia,04:00,07:35,0,155,,,google-flights,ok,
2026-10-05 23:10:37+0700,SUB-KUL,SUB,KUL,2027-01-14,2027-01-21,economy,4116707,IDR,Scoot,09:50,16:15,1,220,,,google-flights,ok,
2026-10-05 23:10:37+0700,SUB-KUL,SUB,KUL,2027-01-22,2027-01-29,economy,4116707,IDR,Scoot,09:50,16:15,1,220,,,google-flights,ok,
2026-10-05 23:10:37+0700,SUB-KUL,SUB,KUL,2027-01-30,2027-02-06,economy,4500481,IDR,Malaysia Airlines,10:00,13:40,0,160,,,google-flights,ok,
2026-10-05 23:10:37+0700,SUB-SIN,SUB,SIN,2026-10-11,2026-10-18,economy,,IDR,,,,,,,,,error,FlightsNotFound: no flights found; received error
2026-10-05 23:10:37+0700,SUB-SIN,SUB,SIN,2026-10-19,2026-10-26,economy,4775469,IDR,Indonesia AirAsia/AirAsia,11:20,18:05,1,240,,,google-flights,ok,
2026-10-05 23:10:37+0700,SUB-SIN,SUB,SIN,2026-10-27,2026-11-03,economy,4136376,IDR,Indonesia AirAsia/AirAsia,04:00,10:20,1,230,,,google-flights,ok,
2026-10-05 23:10:37+0700,SUB-SIN,SUB,SIN,2026-11-04,2026-11-11,economy,3479707,IDR,Indonesia AirAsia/AirAsia,13:25,19:40,1,240,,,google-flights,ok,
2026-10-05 23:10:37+0700,SUB-SIN,SUB,SIN,2026-11-12,2026-11-19,economy,4103359,IDR,Indonesia AirAsia/AirAsia,04:00,10:20,1,230,,,google-flights,ok,
2026-10-05 23:10:37+0700,SUB-SIN,SUB,SIN,2026-11-20,2026-11-27,economy,5172116,IDR,Indonesia AirAsia/AirAsia,13:25,19:40,1,240,,,google-flights,ok,
2026-10-05 23:10:37+0700,SUB-SIN,SUB,SIN,2026-11-28,2026-12-05,economy,5369067,IDR,Indonesia AirAsia/AirAsia,10:20,18:00,1,235,,,google-flights,ok,
2026-10-05 23:10:37+0700,SUB-SIN,SUB,SIN,2026-12-06,2026-12-13,economy,5819991,IDR,Malaysia Airlines,18:05,00:30,1,230,,,google-flights,ok,
2026-10-05 23:10:37+0700,SUB-SIN,SUB,SIN,2026-12-14,2026-12-21,economy,5954253,IDR,Garuda Indonesia,16:00,16:45,1,225,,,google-flights,ok,
2026-10-05 23:10:37+0700,SUB-SIN,SUB,SIN,2026-12-22,2026-12-29,economy,5954253,IDR,Garuda Indonesia,16:00,16:45,1,225,,,google-flights,ok,
2026-10-05 23:10:37+0700,SUB-SIN,SUB,SIN,2026-12-30,2027-01-06,economy,6534091,IDR,Malaysia Airlines,15:50,00:30,1,230,,,google-flights,ok,
2026-10-05 23:10:37+0700,SUB-SIN,SUB,SIN,2027-01-07,2027-01-14,economy,5775527,IDR,Indonesia AirAsia/AirAsia,04:00,11:35,1,230,,,google-flights,ok,
2026-10-05 23:10:37+0700,SUB-SIN,SUB,SIN,2027-01-15,2027-01-22,economy,5399379,IDR,Indonesia AirAsia/AirAsia,13:25,19:40,1,240,,,google-flights,ok,
2026-10-05 23:10:37+0700,SUB-SIN,SUB,SIN,2027-01-23,2027-01-30,economy,,IDR,,,,,,,,,error,IndexError: list index out of range
2026-10-05 23:10:37+0700,SUB-SIN,SUB,SIN,2027-01-31,2027-02-07,economy,,IDR,,,,,,,,,error,IndexError: list index out of range
2026-10-06 05:09:49+0700,DPS-MEL,DPS,MEL,2026-10-08,2026-10-22,economy,,IDR,,,,,,,,,error,IndexError: list index out of range
2026-10-06 05:09:49+0700,DPS-MEL,DPS,MEL,2026-10-16,2026-10-30,economy,,IDR,,,,,,,,,error,IndexError: list index out of range
2026-10-06 05:09:49+0700,DPS-MEL,DPS,MEL,2026-10-24,2026-11-07,economy,,IDR,,,,,,,,,error,IndexError: list index out of range
2026-10-06 05:09:49+0700,DPS-MEL,DPS,MEL,2026-11-01,2026-11-15,economy,11554084,IDR,Jetstar,14:55,23:35,0,340,,,google-flights,ok,
2026-10-06 05:09:49+0700,DPS-MEL,DPS,MEL,2026-11-09,2026-11-23,economy,10718382,IDR,Virgin Australia,23:20,16:50,2,530,,,google-flights,ok,
2026-10-06 05:09:49+0700,DPS-MEL,DPS,MEL,2026-11-17,2026-12-01,economy,10101782,IDR,Virgin Australia,22:30,17:35,1,465,,,google-flights,ok,
2026-10-06 05:09:49+0700,DPS-MEL,DPS,MEL,2026-11-25,2026-12-09,economy,9070457,IDR,Scoot,20:00,21:20,1,605,,,google-flights,ok,
2026-10-06 05:09:49+0700,DPS-MEL,DPS,MEL,2026-12-03,2026-12-17,economy,11125082,IDR,Virgin Australia,22:30,15:40,2,505,,,google-flights,ok,
2026-10-06 05:09:49+0700,DPS-MEL,DPS,MEL,2026-12-11,2026-12-25,economy,14317856,IDR,Jetstar,11:30,20:10,0,340,,,google-flights,ok,
2026-10-06 05:09:49+0700,DPS-MEL,DPS,MEL,2026-12-19,2027-01-02,economy,7617087,IDR,Jetstar,23:20,07:55,0,335,,,google-flights,ok,
2026-10-06 05:09:49+0700,DPS-MEL,DPS,MEL,2026-12-27,2027-01-10,economy,7589392,IDR,Jetstar,14:55,23:35,0,340,,,google-flights,ok,
2026-10-06 05:09:49+0700,DPS-MEL,DPS,MEL,2027-01-04,2027-01-18,economy,11687033,IDR,Garuda Indonesia,20:40,11:50,1,510,,,google-flights,ok,
2026-10-06 05:09:49+0700,DPS-MEL,DPS,MEL,2027-01-12,2027-01-26,economy,10905783,IDR,Jetstar,14:55,23:35,0,340,,,google-flights,ok,
2026-10-06 05:09:49+0700,DPS-MEL,DPS,MEL,2027-01-20,2027-02-03,economy,9455392,IDR,Jetstar,14:55,23:35,0,340,,,google-flights,ok,
2026-10-06 05:09:49+0700,DPS-MEL,DPS,MEL,2027-01-28,2027-02-11,economy,7415324,IDR,Virgin Australia,15:50,00:30,0,340,,,google-flights,ok,
2026-10-06 05:09:49+0700,SUB-TPE,SUB,TPE,2026-10-10,2026-10-24,economy,8971068,IDR,Scoot,19:50,05:45,1,430,,,google-flights,ok,
2026-10-06 05:09:49+0700,SUB-TPE,SUB,TPE,2026-10-18,2026-11-01,economy,4698312,IDR,Scoot,19:50,17:10,1,430,,,google-flights,ok,
2026-10-06 05:09:49+0700,SUB-TPE,SUB,TPE,2026-10-26,2026-11-09,economy,10755098,IDR,Scoot,09:50,05:35,1,425,,,google-flights,ok,
2026-10-06 05:09:49+0700,SUB-TPE,SUB,TPE,2026-11-03,2026-11-17,economy,4492632,IDR,Scoot,19:30,17:00,1,425,,,google-flights,ok,
2026-10-06 05:09:49+0700,SUB-TPE,SUB,TPE,2026-11-11,2026-11-25,economy,5037684,IDR,Scoot,19:30,05:35,1,425,,,google-flights,ok,
2026-10-06 05:09:49+0700,SUB-TPE,SUB,TPE,2026-11-19,2026-12-03,economy,6400069,IDR,Scoot,09:50,17:00,1,425,,,google-flights,ok,
2026-10-06 05:09:49+0700,SUB-TPE,SUB,TPE,2026-11-27,2026-12-11,economy,9253633,IDR,Scoot,09:50,05:35,1,425,,,google-flights,ok,
2026-10-06 05:09:49+0700,SUB-TPE,SUB,TPE,2026-12-05,2026-12-19,economy,11289864,IDR,Scoot,19:30,05:35,1,425,,,google-flights,ok,
2026-10-06 05:09:49+0700,SUB-TPE,SUB,TPE,2026-12-13,2026-12-27,economy,12164004,IDR,Scoot,19:30,05:35,1,425,,,google-flights,ok,
2026-10-06 05:09:49+0700,SUB-TPE,SUB,TPE,2026-12-21,2027-01-04,economy,15776155,IDR,Scoot,09:50,05:35,1,425,,,google-flights,ok,
2026-10-06 05:09:49+0700,SUB-TPE,SUB,TPE,2026-12-29,2027-01-12,economy,7665002,IDR,Scoot,09:50,05:35,1,425,,,google-flights,ok,
2026-10-06 05:09:49+0700,SUB-TPE,SUB,TPE,2027-01-06,2027-01-20,economy,4492632,IDR,Scoot,19:30,05:35,1,425,,,google-flights,ok,
2026-10-06 05:09:49+0700,SUB-TPE,SUB,TPE,2027-01-14,2027-01-28,economy,6060697,IDR,Scoot,09:50,11:00,1,435,,,google-flights,ok,
2026-10-06 05:09:49+0700,SUB-TPE,SUB,TPE,2027-01-22,2027-02-05,economy,8765388,IDR,Scoot,19:30,05:35,1,425,,,google-flights,ok,
2026-10-06 05:09:49+0700,SUB-TPE,SUB,TPE,2027-01-30,2027-02-13,economy,5037684,IDR,Scoot,19:30,05:35,1,425,,,google-flights,ok,
2026-10-06 05:09:49+0700,SUB-TPE,SUB,TPE,2027-02-07,2027-02-21,economy,7665002,IDR,Scoot,19:30,05:35,1,425,,,google-flights,ok,
2026-10-06 05:09:49+0700,SUB-TPE,SUB,TPE,2027-02-15,2027-03-01,economy,5037684,IDR,Scoot,09:50,13:15,1,430,,,google-flights,ok,
2026-10-06 05:09:49+0700,SUB-TPE,SUB,TPE,2027-02-23,2027-03-09,economy,5037684,IDR,Scoot,19:30,11:00,1,435,,,google-flights,ok,
2026-10-06 05:09:49+0700,SUB-TPE,SUB,TPE,2027-03-03,2027-03-17,economy,8436300,IDR,Scoot,19:30,05:35,1,425,,,google-flights,ok,
2026-10-06 05:09:49+0700,SUB-TPE,SUB,TPE,2027-03-11,2027-03-25,economy,9880957,IDR,Scoot,09:50,05:35,1,425,,,google-flights,ok,
2026-10-06 05:09:49+0700,SUB-TPE,SUB,TPE,2027-03-19,2027-04-02,economy,8139991,IDR,Scoot,19:30,17:00,1,425,,,google-flights,ok,
2026-10-06 05:09:49+0700,SUB-TPE,SUB,TPE,2027-03-27,2027-04-10,economy,6443132,IDR,Scoot,19:30,17:10,1,430,,,google-flights,ok,
2026-10-06 05:09:49+0700,SUB-TPE,SUB,TPE,2027-04-04,2027-04-18,economy,6486196,IDR,Scoot,19:50,17:10,1,430,,,google-flights,ok,
2026-10-06 05:09:49+0700,SUB-TPE,SUB,TPE,2027-04-12,2027-04-26,economy,6486196,IDR,Scoot,10:35,05:45,1,430,,,google-flights,ok,
2026-10-06 05:09:49+0700,SUB-TPE,SUB,TPE,2027-04-20,2027-05-04,economy,4342226,IDR,Scoot,19:50,17:10,1,430,,,google-flights,ok,
2026-10-06 05:09:49+0700,SUB-TPE,SUB,TPE,2027-04-28,2027-05-12,economy,4342226,IDR,Scoot,19:50,05:45,1,430,,,google-flights,ok,
2026-10-06 05:09:49+0700,SUB-TPE,SUB,TPE,2027-05-06,2027-05-20,economy,6774148,IDR,Scoot,08:35,05:45,1,430,,,google-flights,ok,
2026-10-06 05:09:49+0700,SUB-TPE,SUB,TPE,2027-05-14,2027-05-28,economy,5941144,IDR,Scoot,19:50,17:10,1,430,,,google-flights,ok,
2026-10-06 05:09:49+0700,SUB-TPE,SUB,TPE,2027-05-22,2027-06-05,economy,5329490,IDR,Scoot,19:50,17:10,1,430,,,google-flights,ok,
2026-10-06 05:09:49+0700,SUB-TPE,SUB,TPE,2027-05-30,2027-06-13,economy,4990118,IDR,Scoot,19:50,17:10,1,430,,,google-flights,ok,
2026-10-06 05:09:49+0700,SUB-TPE,SUB,TPE,2027-06-07,2027-06-21,economy,7303529,IDR,Scoot,10:35,05:45,1,430,,,google-flights,ok,
2026-10-06 05:09:49+0700,SUB-TPE,SUB,TPE,2027-06-15,2027-06-29,economy,4990118,IDR,Scoot,19:50,05:45,1,430,,,google-flights,ok,
2026-10-06 05:09:49+0700,SUB-TPE,SUB,TPE,2027-06-23,2027-07-07,economy,4784438,IDR,Scoot,19:50,17:10,1,430,,,google-flights,ok,
2026-10-06 05:09:49+0700,SUB-KUL,SUB,KUL,2026-10-07,2026-10-14,economy,4815980,IDR,Indonesia AirAsia,05:05,08:40,0,155,,,google-flights,ok,
2026-10-06 05:09:49+0700,SUB-KUL,SUB,KUL,2026-10-15,2026-10-22,economy,2580238,IDR,Indonesia AirAsia,11:20,15:00,0,160,,,google-flights,ok,
2026-10-06 05:09:49+0700,SUB-KUL,SUB,KUL,2026-10-23,2026-10-30,economy,2259927,IDR,Indonesia AirAsia,17:45,21:25,0,160,,,google-flights,ok,
2026-10-06 05:09:49+0700,SUB-KUL,SUB,KUL,2026-10-31,2026-11-07,economy,3779880,IDR,Batik Air,05:05,13:10,1,220,,,google-flights,ok,
2026-10-06 05:09:49+0700,SUB-KUL,SUB,KUL,2026-11-08,2026-11-15,economy,3424100,IDR,Malaysia Airlines,10:00,13:40,0,160,,,google-flights,ok,
2026-10-06 05:09:49+0700,SUB-KUL,SUB,KUL,2026-11-16,2026-11-23,economy,2259927,IDR,Indonesia AirAsia,10:20,13:55,0,155,,,google-flights,ok,
2026-10-06 05:09:49+0700,SUB-KUL,SUB,KUL,2026-11-24,2026-12-01,economy,2580238,IDR,Indonesia AirAsia,04:00,07:35,0,155,,,google-flights,ok,
2026-10-06 05:09:49+0700,SUB-KUL,SUB,KUL,2026-12-02,2026-12-09,economy,3775659,IDR,Malaysia Airlines,10:00,13:40,0,160,,,google-flights,ok,
2026-10-06 05:09:49+0700,SUB-KUL,SUB,KUL,2026-12-10,2026-12-17,economy,4191691,IDR,Batik Air,10:05,13:45,0,160,,,google-flights,ok,
2026-10-06 05:09:49+0700,SUB-KUL,SUB,KUL,2026-12-18,2026-12-25,economy,4119032,IDR,Indonesia AirAsia,04:00,07:35,0,155,,,google-flights,ok,
2026-10-06 05:09:49+0700,SUB-KUL,SUB,KUL,2026-12-26,2027-01-02,economy,5629540,IDR,Lion,09:05,15:15,1,250,,,google-flights,ok,
2026-10-06 05:09:49+0700,SUB-KUL,SUB,KUL,2027-01-03,2027-01-10,economy,3694667,IDR,Indonesia AirAsia,10:20,13:55,0,155,,,google-flights,ok,
2026-10-06 05:09:49+0700,SUB-KUL,SUB,KUL,2027-01-11,2027-01-18,economy,4124881,IDR,Malaysia Airlines,10:00,13:40,0,160,,,google-flights,ok,
2026-10-06 05:09:49+0700,SUB-KUL,SUB,KUL,2027-01-19,2027-01-26,economy,3947021,IDR,Scoot,09:50,16:15,1,220,,,google-flights,ok,
2026-10-06 05:09:49+0700,SUB-KUL,SUB,KUL,2027-01-27,2027-02-03,economy,3102492,IDR,Indonesia AirAsia,04:00,07:35,0,155,,,google-flights,ok,
2026-10-06 05:09:49+0700,SUB-SIN,SUB,SIN,2026-10-09,2026-10-16,economy,4368917,IDR,Lion/Batik Air,07:40,20:30,1,195,,,google-flights,ok,
2026-10-06 05:09:49+0700,SUB-SIN,SUB,SIN,2026-10-17,2026-10-24,economy,4823820,IDR,Indonesia AirAsia/AirAsia,07:05,13:00,1,225,,,google-flights,ok,
2026-10-06 05:09:49+0700,SUB-SIN,SUB,SIN,2026-10-25,2026-11-01,economy,4759593,IDR,Indonesia AirAsia/AirAsia,13:25,19:40,1,240,,,google-flights,ok,
2026-10-06 05:09:49+0700,SUB-SIN,SUB,SIN,2026-11-02,2026-11-09,economy,4290220,IDR,Indonesia AirAsia/AirAsia,13:25,20:55,1,240,,,google-flights,ok,
2026-10-06 05:09:49+0700,SUB-SIN,SUB,SIN,2026-11-10,2026-11-17,economy,4743490,IDR,Indonesia AirAsia/AirAsia,13:25,19:40,1,240,,,google-flights,ok,
2026-10-06 05:09:49+0700,SUB-SIN,SUB,SIN,2026-11-18,2026-11-25,economy,3477416,IDR,Indonesia AirAsia/AirAsia,10:20,18:00,1,235,,,google-flights,ok,
2026-10-06 05:09:49+0700,SUB-SIN,SUB,SIN,2026-11-26,2026-12-03,economy,4509163,IDR,Indonesia AirAsia/AirAsia,04:00,10:20,1,230,,,google-flights,ok,
2026-10-06 05:09:49+0700,SUB-SIN,SUB,SIN,2026-12-04,2026-12-11,economy,6092443,IDR,Indonesia AirAsia/AirAsia,04:00,10:20,1,230,,,google-flights,ok,
2026-10-06 05:09:49+0700,SUB-SIN,SUB,SIN,2026-12-12,2026-12-19,economy,6043353,IDR,Garuda Indonesia,16:00,16:45,1,225,,,google-flights,ok,
2026-10-06 05:09:49+0700,SUB-SIN,SUB,SIN,2026-12-20,2026-12-27,economy,5949353,IDR,Garuda Indonesia,16:00,16:45,1,225,,,google-flights,ok,
2026-10-06 05:09:49+0700,SUB-SIN,SUB,SIN,2026-12-28,2027-01-04,economy,,IDR,,,,,,,,,error,IndexError: list index out of range
2026-10-06 05:09:49+0700,SUB-SIN,SUB,SIN,2027-01-05,2027-01-12,economy,5886570,IDR,Indonesia AirAsia/AirAsia,04:00,10:20,1,230,,,google-flights,ok,
2026-10-06 05:09:49+0700,SUB-SIN,SUB,SIN,2027-01-13,2027-01-20,economy,4790559,IDR,Indonesia AirAsia/AirAsia,04:00,10:20,1,230,,,google-flights,ok,
2026-10-06 05:09:49+0700,SUB-SIN,SUB,SIN,2027-01-21,2027-01-28,economy,4956148,IDR,Indonesia AirAsia/AirAsia,04:00,10:20,1,230,,,google-flights,ok,
2026-10-06 05:09:49+0700,SUB-SIN,SUB,SIN,2027-01-29,2027-02-05,economy,,IDR,,,,,,,,,error,IndexError: list index out of range
2026-10-06 08:10:30+0700,DPS-MEL,DPS,MEL,2026-10-09,2026-10-23,economy,,IDR,,,,,,,,,error,IndexError: list index out of range
2026-10-06 08:10:30+0700,DPS-MEL,DPS,MEL,2026-10-17,2026-10-31,economy,,IDR,,,,,,,,,error,IndexError: list index out of range
2026-10-06 08:10:30+0700,DPS-MEL,DPS,MEL,2026-10-25,2026-11-08,economy,11924151,IDR,Scoot,01:05,12:10,1,610,,,google-flights,ok,
2026-10-06 08:10:30+0700,DPS-MEL,DPS,MEL,2026-11-02,2026-11-16,economy,9820983,IDR,Jetstar,14:55,07:25,1,630,,,google-flights,ok,
2026-10-06 08:10:30+0700,DPS-MEL,DPS,MEL,2026-11-10,2026-11-24,economy,8500866,IDR,Jetstar,14:55,23:35,0,340,,,google-flights,ok,
2026-10-06 08:10:30+0700,DPS-MEL,DPS,MEL,2026-11-18,2026-12-02,economy,9009786,IDR,Jetstar,11:30,20:10,0,340,,,google-flights,ok,
2026-10-06 08:10:30+0700,DPS-MEL,DPS,MEL,2026-11-26,2026-12-10,economy,10066392,IDR,Jetstar,14:55,23:35,0,340,,,google-flights,ok,
2026-10-06 08:10:30+0700,DPS-MEL,DPS,MEL,2026-12-04,2026-12-18,economy,12977161,IDR,Jetstar,23:10,14:15,1,485,,,google-flights,ok,
2026-10-06 08:10:30+0700,DPS-MEL,DPS,MEL,2026-12-12,2026-12-26,economy,15748986,IDR,Jetstar,20:20,04:55,0,335,,,google-flights,ok,
2026-10-06 08:10:30+0700,DPS-MEL,DPS,MEL,2026-12-20,2027-01-03,economy,9836382,IDR,Virgin Australia,23:20,12:20,1,490,,,google-flights,ok,
2026-10-06 08:10:30+0700,DPS-MEL,DPS,MEL,2026-12-28,2027-01-11,economy,8526834,IDR,Jetstar,20:20,04:55,0,335,,,google-flights,ok,
2026-10-06 08:10:30+0700,DPS-MEL,DPS,MEL,2027-01-05,2027-01-19,economy,14135210,IDR,Scoot,20:00,12:10,1,605,,,google-flights,ok,
2026-10-06 08:10:30+0700,DPS-MEL,DPS,MEL,2027-01-13,2027-01-27,economy,12763932,IDR,Jetstar,11:30,20:10,0,340,,,google-flights,ok,
2026-10-06 08:10:30+0700,DPS-MEL,DPS,MEL,2027-01-21,2027-02-04,economy,9302270,IDR,Virgin Australia,15:50,00:30,0,340,,,google-flights,ok,
2026-10-06 08:10:30+0700,DPS-MEL,DPS,MEL,2027-01-29,2027-02-12,economy,7486512,IDR,Virgin Australia,15:50,00:30,0,340,,,google-flights,ok,
2026-10-06 08:10:30+0700,SUB-TPE,SUB,TPE,2026-10-11,2026-10-25,economy,11122891,IDR,Scoot,10:35,05:45,1,430,,,google-flights,ok,
2026-10-06 08:10:30+0700,SUB-TPE,SUB,TPE,2026-10-19,2026-11-02,economy,6482342,IDR,Scoot,10:35,05:45,1,430,,,google-flights,ok,
2026-10-06 08:10:30+0700,SUB-TPE,SUB,TPE,2026-10-27,2026-11-10,economy,4492632,IDR,Scoot,19:30,17:00,1,425,,,google-flights,ok,
2026-10-06 08:10:30+0700,SUB-TPE,SUB,TPE,2026-11-04,2026-11-18,economy,7891248,IDR,Scoot,09:50,05:35,1,425,,,google-flights,ok,
2026-10-06 08:10:30+0700,SUB-TPE,SUB,TPE,2026-11-12,2026-11-26,economy,,IDR,,,,,,,,,error,TypeError: 'NoneType' object is not subscriptable
2026-10-06 08:10:30+0700,SUB-TPE,SUB,TPE,2026-11-20,2026-12-04,economy,8482335,IDR,Scoot,09:50,17:00,1,425,,,google-flights,ok,
2026-10-06 08:10:30+0700,SUB-TPE,SUB,TPE,2026-11-28,2026-12-12,economy,6400069,IDR,Scoot,19:30,05:35,1,425,,,google-flights,ok,
2026-10-06 08:10:30+0700,SUB-TPE,SUB,TPE,2026-12-06,2026-12-20,economy,11289864,IDR,Scoot,19:30,17:00,1,425,,,google-flights,ok,
2026-10-06 08:10:30+0700,SUB-TPE,SUB,TPE,2026-12-14,2026-12-28,economy,11392705,IDR,Scoot,09:50,05:35,1,425,,,google-flights,ok,
2026-10-06 08:10:30+0700,SUB-TPE,SUB,TPE,2026-12-22,2027-01-05,economy,13205156,IDR,Scoot,19:30,05:35,1,425,,,google-flights,ok,
2026-10-06 08:10:30+0700,SUB-TPE,SUB,TPE,2026-12-30,2027-01-13,economy,7325630,IDR,Scoot,19:30,05:35,1,425,,,google-flights,ok,
2026-10-06 08:10:30+0700,SUB-TPE,SUB,TPE,2027-01-07,2027-01-21,economy,6060697,IDR,Scoot,09:50,11:00,1,435,,,google-flights,ok,
2026-10-06 08:10:30+0700,SUB-TPE,SUB,TPE,2027-01-15,2027-01-29,economy,5855017,IDR,Scoot,19:30,05:35,1,425,,,google-flights,ok,
2026-10-06 08:10:30+0700,SUB-TPE,SUB,TPE,2027-01-23,2027-02-06,economy,8765388,IDR,Scoot,19:30,05:35,1,425,,,google-flights,ok,
2026-10-06 08:10:30+0700,SUB-TPE,SUB,TPE,2027-01-31,2027-02-14,economy,4698312,IDR,Scoot,19:30,11:00,1,435,,,google-flights,ok,
2026-10-06 08:10:30+0700,SUB-TPE,SUB,TPE,2027-02-08,2027-02-22,economy,10341307,IDR,Scoot,09:50,05:35,1,425,,,google-flights,ok,
2026-10-06 08:10:30+0700,SUB-TPE,SUB,TPE,2027-02-16,2027-03-02,economy,4256100,IDR,Scoot,19:30,11:00,1,435,,,google-flights,ok,
2026-10-06 08:10:30+0700,SUB-TPE,SUB,TPE,2027-02-24,2027-03-10,economy,6400069,IDR,Scoot,09:50,17:00,1,425,,,google-flights,ok,
2026-10-06 08:10:30+0700,SUB-TPE,SUB,TPE,2027-03-04,2027-03-18,economy,9880957,IDR,Scoot,09:50,05:35,1,425,,,google-flights,ok,
2026-10-06 08:10:30+0700,SUB-TPE,SUB,TPE,2027-03-12,2027-03-26,economy,9880957,IDR,Scoot,09:50,17:00,1,425,,,google-flights,ok,
2026-10-06 08:10:30+0700,SUB-TPE,SUB,TPE,2027-03-20,2027-04-03,economy,7708064,IDR,Scoot,19:30,05:35,1,425,,,google-flights,ok,
2026-10-06 08:10:30+0700,SUB-TPE,SUB,TPE,2027-03-28,2027-04-11,economy,6443133,IDR,Scoot,19:50,17:10,1,430,,,google-flights,ok,
2026-10-06 08:10:30+0700,SUB-TPE,SUB,TPE,2027-04-05,2027-04-19,economy,7113520,IDR,Scoot,10:35,14:15,1,430,,,google-flights,ok,
2026-10-06 08:10:30+0700,SUB-TPE,SUB,TPE,2027-04-13,2027-04-27,economy,4578758,IDR,Scoot,19:50,17:10,1,430,,,google-flights,ok,
2026-10-06 08:10:30+0700,SUB-TPE,SUB,TPE,2027-04-21,2027-05-05,economy,4578758,IDR,Scoot,19:50,11:45,1,430,,,google-flights,ok,
2026-10-06 08:10:30+0700,SUB-TPE,SUB,TPE,2027-04-29,2027-05-13,economy,6774148,IDR,Scoot,08:35,05:45,1,430,,,google-flights,ok,
2026-10-06 08:10:30+0700,SUB-TPE,SUB,TPE,2027-05-07,2027-05-21,economy,4578758,IDR,Scoot,19:50,11:45,1,430,,,google-flights,ok,
2026-10-06 08:10:30+0700,SUB-TPE,SUB,TPE,2027-05-15,2027-05-29,economy,5329490,IDR,Scoot,19:50,17:10,1,430,,,google-flights,ok,
2026-10-06 08:10:30+0700,SUB-TPE,SUB,TPE,2027-05-23,2027-06-06,economy,5329490,IDR,Scoot,19:50,17:10,1,430,,,google-flights,ok,
2026-10-06 08:10:30+0700,SUB-TPE,SUB,TPE,2027-05-31,2027-06-14,economy,7303529,IDR,Scoot,10:35,05:45,1,430,,,google-flights,ok,
2026-10-06 08:10:30+0700,SUB-TPE,SUB,TPE,2027-06-08,2027-06-22,economy,4784438,IDR,Scoot,19:50,05:45,1,430,,,google-flights,ok,
2026-10-06 08:10:30+0700,SUB-TPE,SUB,TPE,2027-06-16,2027-06-30,economy,5329490,IDR,Scoot,19:50,05:45,1,430,,,google-flights,ok,
2026-10-06 08:10:30+0700,SUB-TPE,SUB,TPE,2027-06-24,2027-07-08,economy,5668862,IDR,Scoot,08:35,05:45,1,430,,,google-flights,ok,
2026-10-06 08:10:30+0700,SUB-KUL,SUB,KUL,2026-10-08,2026-10-15,economy,4161241,IDR,Citilink Indonesia,07:35,19:10,1,230,,,google-flights,ok,
2026-10-06 08:10:30+0700,SUB-KUL,SUB,KUL,2026-10-16,2026-10-23,economy,3011978,IDR,Indonesia AirAsia,11:20,15:00,0,160,,,google-flights,ok,
2026-10-06 08:10:30+0700,SUB-KUL,SUB,KUL,2026-10-24,2026-10-31,economy,2099991,IDR,Indonesia AirAsia,11:20,15:00,0,160,,,google-flights,ok,
2026-10-06 08:10:30+0700,SUB-KUL,SUB,KUL,2026-11-01,2026-11-08,economy,3479767,IDR,Malaysia Airlines,18:05,21:45,0,160,,,google-flights,ok,
2026-10-06 08:10:30+0700,SUB-KUL,SUB,KUL,2026-11-09,2026-11-16,economy,2259927,IDR,Indonesia AirAsia,13:25,17:05,0,160,,,google-flights,ok,
2026-10-06 08:10:30+0700,SUB-KUL,SUB,KUL,2026-11-17,2026-11-24,economy,2436178,IDR,Indonesia AirAsia,10:20,13:55,0,155,,,google-flights,ok,
2026-10-06 08:10:30+0700,SUB-KUL,SUB,KUL,2026-11-25,2026-12-02,economy,3776230,IDR,Malaysia Airlines,10:00,13:40,0,160,,,google-flights,ok,
2026-10-06 08:10:30+0700,SUB-KUL,SUB,KUL,2026-12-03,2026-12-10,economy,4352232,IDR,Malaysia Airlines,15:50,19:30,0,160,,,google-flights,ok,
2026-10-06 08:10:30+0700,SUB-KUL,SUB,KUL,2026-12-11,2026-12-18,economy,3576232,IDR,Indonesia AirAsia,16:45,20:25,0,160,,,google-flights,ok,
2026-10-06 08:10:30+0700,SUB-KUL,SUB,KUL,2026-12-19,2026-12-26,economy,4119648,IDR,Indonesia AirAsia,04:00,07:35,0,155,,,google-flights,ok,
2026-10-06 08:10:30+0700,SUB-KUL,SUB,KUL,2026-12-27,2027-01-03,economy,4279734,IDR,Indonesia AirAsia,04:00,07:35,0,155,,,google-flights,ok,
2026-10-06 08:10:30+0700,SUB-KUL,SUB,KUL,2027-01-04,2027-01-11,economy,3694667,IDR,Indonesia AirAsia,10:20,13:55,0,155,,,google-flights,ok,
2026-10-06 08:10:30+0700,SUB-KUL,SUB,KUL,2027-01-12,2027-01-19,economy,3947021,IDR,Scoot,09:50,16:15,1,220,,,google-flights,ok,
2026-10-06 08:10:30+0700,SUB-KUL,SUB,KUL,2027-01-20,2027-01-27,economy,3947021,IDR,Scoot,09:50,16:15,1,220,,,google-flights,ok,
2026-10-06 08:10:30+0700,SUB-KUL,SUB,KUL,2027-01-28,2027-02-04,economy,3102492,IDR,Indonesia AirAsia,04:00,07:35,0,155,,,google-flights,ok,
2026-10-06 08:10:30+0700,SUB-SIN,SUB,SIN,2026-10-10,2026-10-17,economy,4876960,IDR,Lion/Batik Air,07:40,15:15,1,195,,,google-flights,ok,
2026-10-06 08:10:30+0700,SUB-SIN,SUB,SIN,2026-10-18,2026-10-25,economy,3969052,IDR,Lion/Batik Air,07:40,15:15,1,195,,,google-flights,ok,
2026-10-06 08:10:30+0700,SUB-SIN,SUB,SIN,2026-10-26,2026-11-02,economy,4333275,IDR,Indonesia AirAsia/AirAsia,13:25,19:40,1,240,,,google-flights,ok,
2026-10-06 08:10:30+0700,SUB-SIN,SUB,SIN,2026-11-03,2026-11-10,economy,3390553,IDR,Scoot,19:30,22:55,0,145,,,google-flights,ok,
2026-10-06 08:10:30+0700,SUB-SIN,SUB,SIN,2026-11-11,2026-11-18,economy,4136376,IDR,Indonesia AirAsia/AirAsia,13:25,19:40,1,240,,,google-flights,ok,
2026-10-06 08:10:30+0700,SUB-SIN,SUB,SIN,2026-11-19,2026-11-26,economy,4217045,IDR,Indonesia AirAsia/AirAsia,13:25,19:40,1,240,,,google-flights,ok,
2026-10-06 08:10:30+0700,SUB-SIN,SUB,SIN,2026-11-27,2026-12-04,economy,5369067,IDR,Indonesia AirAsia/AirAsia,13:25,19:40,1,240,,,google-flights,ok,
2026-10-06 08:10:30+0700,SUB-SIN,SUB,SIN,2026-12-05,2026-12-12,economy,5705254,IDR,Indonesia AirAsia/AirAsia,04:00,10:20,1,230,,,google-flights,ok,
2026-10-06 08:10:30+0700,SUB-SIN,SUB,SIN,2026-12-13,2026-12-20,economy,5949353,IDR,Garuda Indonesia,16:00,16:45,1,225,,,google-flights,ok,
2026-10-06 08:10:30+0700,SUB-SIN,SUB,SIN,2026-12-21,2026-12-28,economy,4846876,IDR,Garuda Indonesia,16:00,16:45,1,225,,,google-flights,ok,
2026-10-06 08:10:30+0700,SUB-SIN,SUB,SIN,2026-12-29,2027-01-05,economy,6529291,IDR,Malaysia Airlines,18:05,00:30,1,230,,,google-flights,ok,
2026-10-06 08:10:30+0700,SUB-SIN,SUB,SIN,2027-01-06,2027-01-13,economy,5763700,IDR,Indonesia AirAsia/AirAsia,04:00,10:20,1,230,,,google-flights,ok,
2026-10-06 08:10:30+0700,SUB-SIN,SUB,SIN,2027-01-14,2027-01-21,economy,4956148,IDR,Indonesia AirAsia/AirAsia,04:00,10:20,1,230,,,google-flights,ok,
2026-10-06 08:10:30+0700,SUB-SIN,SUB,SIN,2027-01-22,2027-01-29,economy,5165642,IDR,Indonesia AirAsia/AirAsia,04:00,11:35,1,230,,,google-flights,ok,
2026-10-06 08:10:30+0700,SUB-SIN,SUB,SIN,2027-01-30,2027-02-06,economy,,IDR,,,,,,,,,error,IndexError: list index out of range
2026-10-06 11:11:12+0700,DPS-MEL,DPS,MEL,2026-10-10,2026-10-24,economy,,IDR,,,,,,,,,error,IndexError: list index out of range
2026-10-06 11:11:12+0700,DPS-MEL,DPS,MEL,2026-10-18,2026-11-01,economy,,IDR,,,,,,,,,error,IndexError: list index out of range
2026-10-06 11:11:12+0700,DPS-MEL,DPS,MEL,2026-10-26,2026-11-09,economy,11786482,IDR,Virgin Australia,21:25,15:40,1,435,,,google-flights,ok,
2026-10-06 11:11:12+0700,DPS-MEL,DPS,MEL,2026-11-03,2026-11-17,economy,12616482,IDR,Virgin Australia,15:00,09:25,1,495,,,google-flights,ok,
2026-10-06 11:11:12+0700,DPS-MEL,DPS,MEL,2026-11-11,2026-11-25,economy,10567753,IDR,Virgin Australia,23:20,23:30,1,490,,,google-flights,ok,
2026-10-06 11:11:12+0700,DPS-MEL,DPS,MEL,2026-11-19,2026-12-03,economy,9677682,IDR,Virgin Australia,22:30,11:35,1,465,,,google-flights,ok,
2026-10-06 11:11:12+0700,DPS-MEL,DPS,MEL,2026-11-27,2026-12-11,economy,9338217,IDR,Jetstar,11:30,20:10,0,340,,,google-flights,ok,
2026-10-06 11:11:12+0700,DPS-MEL,DPS,MEL,2026-12-05,2026-12-19,economy,14953281,IDR,Jetstar,23:10,14:15,1,485,,,google-flights,ok,
2026-10-06 11:11:12+0700,DPS-MEL,DPS,MEL,2026-12-13,2026-12-27,economy,14913304,IDR,Jetstar,14:55,23:35,0,340,,,google-flights,ok,
2026-10-06 11:11:12+0700,DPS-MEL,DPS,MEL,2026-12-21,2027-01-04,economy,7193214,IDR,Jetstar,11:30,20:10,0,340,,,google-flights,ok,
2026-10-06 11:11:12+0700,DPS-MEL,DPS,MEL,2026-12-29,2027-01-12,economy,8198735,IDR,Jetstar,11:30,20:10,0,340,,,google-flights,ok,
2026-10-06 11:11:12+0700,DPS-MEL,DPS,MEL,2027-01-06,2027-01-20,economy,13301135,IDR,Jetstar,14:55,23:35,0,340,,,google-flights,ok,
2026-10-06 11:11:12+0700,DPS-MEL,DPS,MEL,2027-01-14,2027-01-28,economy,12173310,IDR,Jetstar,11:30,20:10,0,340,,,google-flights,ok,
2026-10-06 11:11:12+0700,DPS-MEL,DPS,MEL,2027-01-22,2027-02-05,economy,11462206,IDR,Jetstar,14:55,23:35,0,340,,,google-flights,ok,
2026-10-06 11:11:12+0700,DPS-MEL,DPS,MEL,2027-01-30,2027-02-13,economy,8123335,IDR,Jetstar,11:30,20:10,0,340,,,google-flights,ok,
2026-10-06 11:11:12+0700,SUB-TPE,SUB,TPE,2026-10-12,2026-10-26,economy,12865784,IDR,Scoot,10:35,17:10,1,430,,,google-flights,ok,
2026-10-06 11:11:12+0700,SUB-TPE,SUB,TPE,2026-10-20,2026-11-03,economy,5855018,IDR,Scoot,10:35,17:10,1,430,,,google-flights,ok,
2026-10-06 11:11:12+0700,SUB-TPE,SUB,TPE,2026-10-28,2026-11-11,economy,5855017,IDR,Scoot,19:30,11:00,1,435,,,google-flights,ok,
2026-10-06 11:11:12+0700,SUB-TPE,SUB,TPE,2026-11-05,2026-11-19,economy,6060698,IDR,Scoot,09:50,05:35,1,425,,,google-flights,ok,
2026-10-06 11:11:12+0700,SUB-TPE,SUB,TPE,2026-11-13,2026-11-27,economy,7027394,IDR,Scoot,09:50,05:35,1,425,,,google-flights,ok,
2026-10-06 11:11:12+0700,SUB-TPE,SUB,TPE,2026-11-21,2026-12-05,economy,5582736,IDR,Scoot,09:50,05:35,1,425,,,google-flights,ok,
2026-10-06 11:11:12+0700,SUB-TPE,SUB,TPE,2026-11-29,2026-12-13,economy,8472051,IDR,Scoot,19:30,05:35,1,425,,,google-flights,ok,
2026-10-06 11:11:12+0700,SUB-TPE,SUB,TPE,2026-12-07,2026-12-21,economy,11392705,IDR,Scoot,09:50,05:35,1,425,,,google-flights,ok,
2026-10-06 11:11:12+0700,SUB-TPE,SUB,TPE,2026-12-15,2026-12-29,economy,9747267,IDR,Scoot,19:30,17:00,1,425,,,google-flights,ok,
2026-10-06 11:11:12+0700,SUB-TPE,SUB,TPE,2026-12-23,2027-01-06,economy,12865784,IDR,Scoot,19:30,05:35,1,425,,,google-flights,ok,
2026-10-06 11:11:12+0700,SUB-TPE,SUB,TPE,2026-12-31,2027-01-14,economy,7217403,IDR,Scoot,09:50,05:35,1,425,,,google-flights,ok,
2026-10-06 11:11:12+0700,SUB-TPE,SUB,TPE,2027-01-08,2027-01-22,economy,5037684,IDR,Scoot,19:30,05:35,1,425,,,google-flights,ok,
2026-10-06 11:11:12+0700,SUB-TPE,SUB,TPE,2027-01-16,2027-01-30,economy,6482341,IDR,Scoot,19:30,05:35,1,425,,,google-flights,ok,
2026-10-06 11:11:12+0700,SUB-TPE,SUB,TPE,2027-01-24,2027-02-07,economy,6482341,IDR,Scoot,19:30,11:00,1,435,,,google-flights,ok,
2026-10-06 11:11:12+0700,SUB-TPE,SUB,TPE,2027-02-01,2027-02-15,economy,4461780,IDR,Scoot,09:50,11:00,1,435,,,google-flights,ok,
2026-10-06 11:11:12+0700,SUB-TPE,SUB,TPE,2027-02-09,2027-02-23,economy,10341307,IDR,Scoot,19:30,05:35,1,425,,,google-flights,ok,
2026-10-06 11:11:12+0700,SUB-TPE,SUB,TPE,2027-02-17,2027-03-03,economy,5855018,IDR,Scoot,09:50,05:35,1,425,,,google-flights,ok,
2026-10-06 11:11:12+0700,SUB-TPE,SUB,TPE,2027-02-25,2027-03-11,economy,6688021,IDR,Scoot,09:50,11:00,1,435,,,google-flights,ok,
2026-10-06 11:11:12+0700,SUB-TPE,SUB,TPE,2027-03-05,2027-03-19,economy,9253633,IDR,Scoot,19:30,11:00,1,435,,,google-flights,ok,
2026-10-06 11:11:12+0700,SUB-TPE,SUB,TPE,2027-03-13,2027-03-27,economy,8436300,IDR,Scoot,09:50,05:35,1,425,,,google-flights,ok,
2026-10-06 11:11:12+0700,SUB-TPE,SUB,TPE,2027-03-21,2027-04-04,economy,5625799,IDR,Scoot,19:30,13:15,1,430,,,google-flights,ok,
2026-10-06 11:11:12+0700,SUB-TPE,SUB,TPE,2027-03-29,2027-04-12,economy,6443133,IDR,Scoot,10:35,14:15,1,430,,,google-flights,ok,
2026-10-06 11:11:12+0700,SUB-TPE,SUB,TPE,2027-04-06,2027-04-20,economy,6146824,IDR,Scoot,19:50,17:10,1,430,,,google-flights,ok,
2026-10-06 11:11:12+0700,SUB-TPE,SUB,TPE,2027-04-14,2027-04-28,economy,5123810,IDR,Scoot,19:50,11:45,1,430,,,google-flights,ok,
2026-10-06 11:11:12+0700,SUB-TPE,SUB,TPE,2027-04-22,2027-05-06,economy,5329490,IDR,Scoot,08:35,05:45,1,430,,,google-flights,ok,
2026-10-06 11:11:12+0700,SUB-TPE,SUB,TPE,2027-04-30,2027-05-14,economy,5941144,IDR,Scoot,19:50,11:45,1,430,,,google-flights,ok,
2026-10-06 11:11:12+0700,SUB-TPE,SUB,TPE,2027-05-08,2027-05-22,economy,6146823,IDR,Scoot,19:50,17:10,1,430,,,google-flights,ok,
2026-10-06 11:11:12+0700,SUB-TPE,SUB,TPE,2027-05-16,2027-05-30,economy,5329490,IDR,Scoot,19:50,05:45,1,430,,,google-flights,ok,
2026-10-06 11:11:12+0700,SUB-TPE,SUB,TPE,2027-05-24,2027-06-07,economy,6486196,IDR,Scoot,10:35,11:45,1,430,,,google-flights,ok,
2026-10-06 11:11:12+0700,SUB-TPE,SUB,TPE,2027-06-01,2027-06-15,economy,4784438,IDR,Scoot,19:50,05:45,1,430,,,google-flights,ok,
2026-10-06 11:11:12+0700,SUB-TPE,SUB,TPE,2027-06-09,2027-06-23,economy,5329490,IDR,Scoot,19:50,05:45,1,430,,,google-flights,ok,
2026-10-06 11:11:12+0700,SUB-TPE,SUB,TPE,2027-06-17,2027-07-01,economy,6486196,IDR,Scoot,08:35,05:45,1,430,,,google-flights,ok,
2026-10-06 11:11:12+0700,SUB-TPE,SUB,TPE,2027-06-25,2027-07-09,economy,4784438,IDR,Scoot,19:50,05:45,1,430,,,google-flights,ok,
2026-10-06 11:11:12+0700,SUB-KUL,SUB,KUL,2026-10-09,2026-10-16,economy,3375981,IDR,Indonesia AirAsia,11:20,15:00,0,160,,,google-flights,ok,
2026-10-06 11:11:12+0700,SUB-KUL,SUB,KUL,2026-10-17,2026-10-24,economy,3011978,IDR,Indonesia AirAsia,11:20,15:00,0,160,,,google-flights,ok,
2026-10-06 11:11:12+0700,SUB-KUL,SUB,KUL,2026-10-25,2026-11-01,economy,3304718,IDR,Indonesia AirAsia,10:20,13:55,0,155,,,google-flights,ok,
2026-10-06 11:11:12+0700,SUB-KUL,SUB,KUL,2026-11-02,2026-11-09,economy,3478695,IDR,Malaysia Airlines,10:00,13:40,0,160,,,google-flights,ok,
2026-10-06 11:11:12+0700,SUB-KUL,SUB,KUL,2026-11-10,2026-11-17,economy,2985520,IDR,Indonesia AirAsia,10:20,13:55,0,155,,,google-flights,ok,
2026-10-06 11:11:12+0700,SUB-KUL,SUB,KUL,2026-11-18,2026-11-25,economy,3423508,IDR,Malaysia Airlines,10:00,13:40,0,160,,,google-flights,ok,
2026-10-06 11:11:12+0700,SUB-KUL,SUB,KUL,2026-11-26,2026-12-03,economy,2244051,IDR,Indonesia AirAsia,13:25,17:05,0,160,,,google-flights,ok,
2026-10-06 11:11:12+0700,SUB-KUL,SUB,KUL,2026-12-04,2026-12-11,economy,3791691,IDR,Batik Air,10:05,13:45,0,160,,,google-flights,ok,
2026-10-06 11:11:12+0700,SUB-KUL,SUB,KUL,2026-12-12,2026-12-19,economy,3576232,IDR,Indonesia AirAsia,04:00,07:35,0,155,,,google-flights,ok,
2026-10-06 11:11:12+0700,SUB-KUL,SUB,KUL,2026-12-20,2026-12-27,economy,4279734,IDR,Indonesia AirAsia,04:00,07:35,0,155,,,google-flights,ok,
2026-10-06 11:11:12+0700,SUB-KUL,SUB,KUL,2026-12-28,2027-01-04,economy,4279734,IDR,Indonesia AirAsia,04:00,07:35,0,155,,,google-flights,ok,
2026-10-06 11:11:12+0700,SUB-KUL,SUB,KUL,2027-01-05,2027-01-12,economy,3390165,IDR,Indonesia AirAsia,04:00,07:35,0,155,,,google-flights,ok,
2026-10-06 11:11:12+0700,SUB-KUL,SUB,KUL,2027-01-13,2027-01-20,economy,3947021,IDR,Scoot,09:50,16:15,1,220,,,google-flights,ok,
2026-10-06 11:11:12+0700,SUB-KUL,SUB,KUL,2027-01-21,2027-01-28,economy,4116707,IDR,Scoot,09:50,16:15,1,220,,,google-flights,ok,
2026-10-06 11:11:12+0700,SUB-KUL,SUB,KUL,2027-01-29,2027-02-05,economy,4500303,IDR,Malaysia Airlines,10:00,13:40,0,160,,,google-flights,ok,
2026-10-06 11:11:12+0700,SUB-SIN,SUB,SIN,2026-10-11,2026-10-18,economy,4234137,IDR,Lion/Batik Air,07:40,15:15,1,195,,,google-flights,ok,
2026-10-06 11:11:12+0700,SUB-SIN,SUB,SIN,2026-10-19,2026-10-26,economy,4778960,IDR,Lion/Batik Air,06:30,13:45,1,195,,,google-flights,ok,
2026-10-06 11:11:12+0700,SUB-SIN,SUB,SIN,2026-10-27,2026-11-03,economy,3493393,IDR,Scoot,19:30,22:55,0,145,,,google-flights,ok,
2026-10-06 11:11:12+0700,SUB-SIN,SUB,SIN,2026-11-04,2026-11-11,economy,3477170,IDR,Indonesia AirAsia/AirAsia,13:25,19:40,1,240,,,google-flights,ok,
2026-10-06 11:11:12+0700,SUB-SIN,SUB,SIN,2026-11-12,2026-11-19,economy,3742840,IDR,Indonesia AirAsia/AirAsia,13:25,19:40,1,240,,,google-flights,ok,
2026-10-06 11:11:12+0700,SUB-SIN,SUB,SIN,2026-11-20,2026-11-27,economy,5025354,IDR,Indonesia AirAsia/AirAsia,13:25,19:40,1,240,,,google-flights,ok,
2026-10-06 11:11:12+0700,SUB-SIN,SUB,SIN,2026-11-28,2026-12-05,economy,4813159,IDR,Indonesia AirAsia/AirAsia,10:20,18:00,1,235,,,google-flights,ok,
2026-10-06 11:11:12+0700,SUB-SIN,SUB,SIN,2026-12-06,2026-12-13,economy,5815291,IDR,Malaysia Airlines,18:05,00:30,1,230,,,google-flights,ok,
2026-10-06 11:11:12+0700,SUB-SIN,SUB,SIN,2026-12-14,2026-12-21,economy,5949353,IDR,Garuda Indonesia,16:00,16:45,1,225,,,google-flights,ok,
2026-10-06 11:11:12+0700,SUB-SIN,SUB,SIN,2026-12-22,2026-12-29,economy,5949353,IDR,Garuda Indonesia,16:00,16:45,1,225,,,google-flights,ok,
2026-10-06 11:11:12+0700,SUB-SIN,SUB,SIN,2026-12-30,2027-01-06,economy,6529291,IDR,Malaysia Airlines,15:50,00:30,1,230,,,google-flights,ok,
2026-10-06 11:11:12+0700,SUB-SIN,SUB,SIN,2027-01-07,2027-01-14,economy,5775527,IDR,Indonesia AirAsia/AirAsia,04:00,11:35,1,230,,,google-flights,ok,
2026-10-06 11:11:12+0700,SUB-SIN,SUB,SIN,2027-01-15,2027-01-22,economy,5399379,IDR,Indonesia AirAsia/AirAsia,13:25,19:40,1,240,,,google-flights,ok,
2026-10-06 11:11:12+0700,SUB-SIN,SUB,SIN,2027-01-23,2027-01-30,economy,,IDR,,,,,,,,,error,IndexError: list index out of range
2026-10-06 11:11:12+0700,SUB-SIN,SUB,SIN,2027-01-31,2027-02-07,economy,,IDR,,,,,,,,,error,IndexError: list index out of range
